Emerald backend content root: I:\EmeraldDeltacast\Emerald\backend\Recordings
[15/07/2026, 2:58:16 pm] [INFO] Node-Media-Server v4.2.8
[15/07/2026, 2:58:16 pm] [INFO] Homepage: https://github.com/illuspas/Node-Media-Server
[15/07/2026, 2:58:16 pm] [INFO] License: Apache-2.0
[15/07/2026, 2:58:16 pm] [INFO] Author: Chen Mingliang
Emerald Streaming backend listening on http://0.0.0.0:5000
[timecode] 14:58:17:05 capture=on(0.00s) onAir=off
[timecode] 14:58:18:06 capture=on(0.03s) onAir=off
[timecode] 14:58:19:06 capture=on(0.00s) onAir=off
[timecode] 14:58:20:06 capture=on(0.01s) onAir=off
[timecode] 14:58:21:06 capture=on(0.02s) onAir=off
[timecode] 14:58:22:07 capture=on(0.03s) onAir=off
[timecode] 14:58:23:07 capture=on(0.01s) onAir=off
[timecode] 14:58:24:07 capture=on(0.01s) onAir=off
[timecode] 14:58:25:07 capture=on(0.02s) onAir=off
[timecode] 14:58:26:08 capture=on(0.03s) onAir=off
[timecode] 14:58:27:08 capture=on(0.04s) onAir=off
[timecode] 14:58:28:08 capture=on(0.01s) onAir=off
[timecode] 14:58:29:08 capture=on(0.03s) onAir=off
[timecode] 14:58:30:09 capture=on(0.03s) onAir=off
[timecode] 14:58:31:09 capture=on(0.04s) onAir=off
[timecode] 14:58:32:09 capture=on(0.01s) onAir=off
[timecode] 14:58:33:09 capture=on(0.01s) onAir=off
[timecode] 14:58:34:09 capture=on(0.02s) onAir=off
[timecode] 14:58:35:09 capture=on(0.02s) onAir=off
[timecode] 14:58:36:09 capture=on(0.03s) onAir=off
[timecode] 14:58:37:10 capture=on(0.00s) onAir=off
[timecode] 14:58:38:10 capture=on(0.01s) onAir=off
[timecode] 14:58:39:11 capture=on(0.03s) onAir=off
[timecode] 14:58:40:11 capture=on(0.04s) onAir=off
[timecode] 14:58:41:11 capture=on(0.01s) onAir=off
[timecode] 14:58:42:11 capture=on(0.02s) onAir=off
[timecode] 14:58:43:12 capture=on(0.03s) onAir=off
[timecode] 14:58:44:12 capture=on(0.04s) onAir=off
[timecode] 14:58:45:12 capture=on(0.01s) onAir=off
[timecode] 14:58:46:12 capture=on(0.02s) onAir=off
[timecode] 14:58:47:13 capture=on(0.03s) onAir=off
[timecode] 14:58:48:13 capture=on(0.04s) onAir=off
[timecode] 14:58:49:13 capture=on(0.01s) onAir=off
[timecode] 14:58:50:13 capture=on(0.01s) onAir=off
[timecode] 14:58:51:13 capture=on(0.03s) onAir=off
[timecode] 14:58:52:14 capture=on(0.04s) onAir=off
[timecode] 14:58:53:14 capture=on(0.01s) onAir=off
[timecode] 14:58:54:14 capture=on(0.02s) onAir=off
[timecode] 14:58:55:15 capture=on(0.03s) onAir=off
[timecode] 14:58:56:15 capture=on(0.00s) onAir=off
[timecode] 14:58:57:15 capture=on(0.01s) onAir=off
[timecode] 14:58:58:15 capture=on(0.02s) onAir=off
[timecode] 14:58:59:15 capture=on(0.02s) onAir=off
[timecode] 14:59:00:15 capture=on(0.02s) onAir=off
[timecode] 14:59:01:16 capture=on(0.03s) onAir=off
[timecode] 14:59:02:16 capture=on(0.01s) onAir=off
[timecode] 14:59:03:16 capture=on(0.02s) onAir=off
[timecode] 14:59:04:17 capture=on(0.03s) onAir=off
[timecode] 14:59:05:17 capture=on(0.00s) onAir=off
[timecode] 14:59:06:17 capture=on(0.01s) onAir=off
[timecode] 14:59:07:17 capture=on(0.02s) onAir=off
[timecode] 14:59:08:18 capture=on(0.04s) onAir=off
[timecode] 14:59:09:18 capture=on(0.01s) onAir=off
[timecode] 14:59:10:18 capture=on(0.02s) onAir=off
[timecode] 14:59:11:19 capture=on(0.03s) onAir=off
[timecode] 14:59:12:19 capture=on(0.00s) onAir=off
[timecode] 14:59:13:19 capture=on(0.01s) onAir=off
[timecode] 14:59:14:19 capture=on(0.02s) onAir=off
[timecode] 14:59:15:20 capture=on(0.03s) onAir=off
[timecode] 14:59:16:20 capture=on(0.00s) onAir=off
[timecode] 14:59:17:20 capture=on(0.00s) onAir=off
[timecode] 14:59:18:20 capture=on(0.02s) onAir=off
[timecode] 14:59:19:21 capture=on(0.03s) onAir=off
[timecode] 14:59:20:21 capture=on(0.00s) onAir=off
[timecode] 14:59:21:21 capture=on(0.01s) onAir=off
[timecode] 14:59:22:21 capture=on(0.02s) onAir=off
[timecode] 14:59:23:22 capture=on(0.04s) onAir=off
[timecode] 14:59:24:22 capture=on(0.04s) onAir=off
[timecode] 14:59:25:22 capture=on(0.00s) onAir=off
[timecode] 14:59:26:22 capture=on(0.01s) onAir=off
[timecode] 14:59:27:22 capture=on(0.02s) onAir=off
[timecode] 14:59:28:23 capture=on(0.03s) onAir=off
[timecode] 14:59:29:23 capture=on(0.00s) onAir=off
[timecode] 14:59:30:23 capture=on(0.02s) onAir=off
[timecode] 14:59:31:24 capture=on(0.03s) onAir=off
[timecode] 14:59:32:24 capture=on(0.03s) onAir=off
[timecode] 14:59:33:24 capture=on(0.00s) onAir=off
[timecode] 14:59:34:24 capture=on(0.01s) onAir=off
[timecode] 14:59:36:00 capture=on(0.02s) onAir=off
[timecode] 14:59:37:00 capture=on(0.03s) onAir=off
[timecode] 14:59:38:00 capture=on(0.03s) onAir=off
[timecode] 14:59:39:00 capture=on(0.00s) onAir=off
[timecode] 14:59:40:00 capture=on(0.01s) onAir=off
[timecode] 14:59:41:01 capture=on(0.02s) onAir=off
[timecode] 14:59:42:01 capture=on(0.04s) onAir=off
[timecode] 14:59:43:01 capture=on(0.04s) onAir=off
[timecode] 14:59:44:01 capture=on(0.01s) onAir=off
[timecode] 14:59:45:01 capture=on(0.01s) onAir=off
[timecode] 14:59:46:02 capture=on(0.03s) onAir=off
[timecode] 14:59:47:02 capture=on(0.04s) onAir=off
[timecode] 14:59:48:02 capture=on(0.01s) onAir=off
[timecode] 14:59:49:02 capture=on(0.02s) onAir=off
[timecode] 14:59:50:03 capture=on(0.04s) onAir=off
[timecode] 14:59:51:03 capture=on(0.01s) onAir=off
[timecode] 14:59:52:03 capture=on(0.01s) onAir=off
[timecode] 14:59:53:04 capture=on(0.03s) onAir=off
[timecode] 14:59:54:04 capture=on(0.03s) onAir=off
[timecode] 14:59:55:04 capture=on(0.01s) onAir=off
[timecode] 14:59:56:04 capture=on(0.02s) onAir=off
[timecode] 14:59:57:05 capture=on(0.03s) onAir=off
[timecode] 14:59:58:05 capture=on(0.03s) onAir=off
[timecode] 14:59:59:05 capture=on(0.04s) onAir=off
[timecode] 15:00:00:05 capture=on(0.00s) onAir=off
[timecode] 15:00:01:05 capture=on(0.01s) onAir=off
[timecode] 15:00:02:06 capture=on(0.03s) onAir=off
[timecode] 15:00:03:06 capture=on(0.03s) onAir=off
[timecode] 15:00:04:06 capture=on(0.04s) onAir=off
[timecode] 15:00:05:06 capture=on(0.01s) onAir=off
[timecode] 15:00:06:06 capture=on(0.02s) onAir=off
[timecode] 15:00:07:07 capture=on(0.03s) onAir=off
[timecode] 15:00:08:07 capture=on(0.01s) onAir=off
[timecode] 15:00:09:07 capture=on(0.02s) onAir=off
[timecode] 15:00:10:07 capture=on(0.01s) onAir=off
[timecode] 15:00:11:08 capture=on(0.03s) onAir=off
[timecode] 15:00:12:08 capture=on(0.00s) onAir=off
[timecode] 15:00:13:08 capture=on(0.01s) onAir=off
[timecode] 15:00:14:08 capture=on(0.02s) onAir=off
[timecode] 15:00:15:09 capture=on(0.03s) onAir=off
[timecode] 15:00:16:09 capture=on(0.00s) onAir=off
[timecode] 15:00:17:09 capture=on(0.01s) onAir=off
[timecode] 15:00:18:10 capture=on(0.03s) onAir=off
[timecode] 15:00:19:10 capture=on(0.04s) onAir=off
[timecode] 15:00:20:10 capture=on(0.01s) onAir=off
[timecode] 15:00:21:11 capture=on(0.02s) onAir=off
[timecode] 15:00:22:11 capture=on(0.04s) onAir=off
[timecode] 15:00:23:11 capture=on(0.01s) onAir=off
[timecode] 15:00:24:12 capture=on(0.02s) onAir=off
[timecode] 15:00:25:12 capture=on(0.04s) onAir=off
[timecode] 15:00:26:12 capture=on(0.01s) onAir=off
[timecode] 15:00:27:12 capture=on(0.02s) onAir=off
[timecode] 15:00:28:13 capture=on(0.03s) onAir=off
[timecode] 15:00:29:13 capture=on(0.00s) onAir=off
[timecode] 15:00:30:13 capture=on(0.01s) onAir=off
[timecode] 15:00:31:14 capture=on(0.02s) onAir=off
[timecode] 15:00:32:14 capture=on(0.03s) onAir=off
[timecode] 15:00:33:14 capture=on(0.01s) onAir=off
[timecode] 15:00:34:14 capture=on(0.01s) onAir=off
[timecode] 15:00:35:15 capture=on(0.03s) onAir=off
[timecode] 15:00:36:15 capture=on(0.00s) onAir=off
[timecode] 15:00:37:15 capture=on(0.01s) onAir=off
[timecode] 15:00:38:16 capture=on(0.02s) onAir=off
[timecode] 15:00:39:16 capture=on(0.04s) onAir=off
[timecode] 15:00:40:16 capture=on(0.01s) onAir=off
[timecode] 15:00:41:16 capture=on(0.02s) onAir=off
[timecode] 15:00:42:17 capture=on(0.03s) onAir=off
[timecode] 15:00:43:17 capture=on(0.03s) onAir=off
[timecode] 15:00:44:17 capture=on(0.00s) onAir=off
[timecode] 15:00:45:17 capture=on(0.01s) onAir=off
[timecode] 15:00:46:18 capture=on(0.02s) onAir=off
[timecode] 15:00:47:18 capture=on(0.03s) onAir=off
[timecode] 15:00:48:18 capture=on(0.00s) onAir=off
[timecode] 15:00:49:18 capture=on(0.02s) onAir=off
[timecode] 15:00:50:19 capture=on(0.03s) onAir=off
[timecode] 15:00:51:19 capture=on(0.03s) onAir=off
[timecode] 15:00:52:19 capture=on(0.00s) onAir=off
[timecode] 15:00:53:19 capture=on(0.01s) onAir=off
[timecode] 15:00:54:19 capture=on(0.01s) onAir=off
[timecode] 15:00:55:20 capture=on(0.03s) onAir=off
[timecode] 15:00:56:20 capture=on(0.00s) onAir=off
[timecode] 15:00:57:20 capture=on(0.01s) onAir=off
[timecode] 15:00:58:20 capture=on(0.02s) onAir=off
[timecode] 15:00:59:21 capture=on(0.03s) onAir=off
[timecode] 15:01:00:21 capture=on(0.04s) onAir=off
[timecode] 15:01:01:21 capture=on(0.01s) onAir=off
[timecode] 15:01:02:22 capture=on(0.02s) onAir=off
[timecode] 15:01:03:22 capture=on(0.04s) onAir=off
[timecode] 15:01:04:22 capture=on(0.00s) onAir=off
[timecode] 15:01:05:22 capture=on(0.01s) onAir=off
[timecode] 15:01:06:22 capture=on(0.01s) onAir=off
[timecode] 15:01:07:23 capture=on(0.03s) onAir=off
[timecode] 15:01:08:23 capture=on(0.00s) onAir=off
[timecode] 15:01:09:23 capture=on(0.01s) onAir=off
[timecode] 15:01:10:23 capture=on(0.01s) onAir=off
[timecode] 15:01:11:24 capture=on(0.02s) onAir=off
[timecode] 15:01:12:24 capture=on(0.02s) onAir=off
[timecode] 15:01:13:24 capture=on(0.04s) onAir=off
[timecode] 15:01:14:24 capture=on(0.01s) onAir=off
[timecode] 15:01:16:00 capture=on(0.02s) onAir=off
[timecode] 15:01:17:00 capture=on(0.04s) onAir=off
[timecode] 15:01:18:00 capture=on(0.01s) onAir=off
[timecode] 15:01:19:00 capture=on(0.01s) onAir=off
[timecode] 15:01:20:01 capture=on(0.02s) onAir=off
[timecode] 15:01:21:01 capture=on(0.03s) onAir=off
[timecode] 15:01:22:01 capture=on(0.01s) onAir=off
[timecode] 15:01:23:02 capture=on(0.02s) onAir=off
[timecode] 15:01:24:02 capture=on(0.03s) onAir=off
[timecode] 15:01:25:02 capture=on(0.04s) onAir=off
[timecode] 15:01:26:02 capture=on(0.01s) onAir=off
[timecode] 15:01:27:03 capture=on(0.02s) onAir=off
[timecode] 15:01:28:03 capture=on(0.03s) onAir=off
[timecode] 15:01:29:03 capture=on(0.00s) onAir=off
[timecode] 15:01:30:03 capture=on(0.01s) onAir=off
[timecode] 15:01:31:04 capture=on(0.02s) onAir=off
[timecode] 15:01:32:04 capture=on(0.04s) onAir=off
[timecode] 15:01:33:04 capture=on(0.01s) onAir=off
[timecode] 15:01:34:05 capture=on(0.02s) onAir=off
[timecode] 15:01:35:05 capture=on(0.03s) onAir=off
[timecode] 15:01:36:05 capture=on(0.00s) onAir=off
[timecode] 15:01:37:05 capture=on(0.01s) onAir=off
[timecode] 15:01:38:06 capture=on(0.03s) onAir=off
[timecode] 15:01:39:06 capture=on(0.04s) onAir=off
[timecode] 15:01:40:06 capture=on(0.01s) onAir=off
[timecode] 15:01:41:07 capture=on(0.01s) onAir=off
[timecode] 15:01:42:07 capture=on(0.02s) onAir=off
[timecode] 15:01:43:07 capture=on(0.04s) onAir=off
[timecode] 15:01:44:07 capture=on(0.01s) onAir=off
[timecode] 15:01:45:08 capture=on(0.02s) onAir=off
[timecode] 15:01:46:08 capture=on(0.03s) onAir=off
[timecode] 15:01:47:08 capture=on(0.00s) onAir=off
[timecode] 15:01:48:08 capture=on(0.00s) onAir=off
[timecode] 15:01:49:09 capture=on(0.02s) onAir=off
[timecode] 15:01:50:09 capture=on(0.03s) onAir=off
[timecode] 15:01:51:09 capture=on(0.03s) onAir=off
[timecode] 15:01:52:09 capture=on(0.01s) onAir=off
[timecode] 15:01:53:10 capture=on(0.02s) onAir=off
[timecode] 15:01:54:10 capture=on(0.03s) onAir=off
[timecode] 15:01:55:10 capture=on(0.03s) onAir=off
[timecode] 15:01:56:10 capture=on(0.01s) onAir=off
[timecode] 15:01:57:11 capture=on(0.02s) onAir=off
[timecode] 15:01:58:11 capture=on(0.03s) onAir=off
[timecode] 15:01:59:11 capture=on(0.00s) onAir=off
[timecode] 15:02:00:11 capture=on(0.01s) onAir=off
[timecode] 15:02:01:12 capture=on(0.03s) onAir=off
[timecode] 15:02:02:12 capture=on(0.04s) onAir=off
[timecode] 15:02:03:12 capture=on(0.01s) onAir=off
[timecode] 15:02:04:13 capture=on(0.02s) onAir=off
[timecode] 15:02:05:13 capture=on(0.04s) onAir=off
[timecode] 15:02:06:13 capture=on(0.01s) onAir=off
[timecode] 15:02:07:14 capture=on(0.02s) onAir=off
[timecode] 15:02:08:14 capture=on(0.03s) onAir=off
[timecode] 15:02:09:14 capture=on(0.00s) onAir=off
[timecode] 15:02:10:14 capture=on(0.00s) onAir=off
[timecode] 15:02:11:15 capture=on(0.02s) onAir=off
[timecode] 15:02:12:15 capture=on(0.03s) onAir=off
[timecode] 15:02:13:15 capture=on(0.04s) onAir=off
[timecode] 15:02:14:15 capture=on(0.04s) onAir=off
[timecode] 15:02:15:15 capture=on(0.01s) onAir=off
[timecode] 15:02:16:16 capture=on(0.01s) onAir=off
[timecode] 15:02:17:16 capture=on(0.03s) onAir=off
[timecode] 15:02:18:16 capture=on(0.04s) onAir=off
[timecode] 15:02:19:17 capture=on(0.01s) onAir=off
[timecode] 15:02:20:17 capture=on(0.02s) onAir=off
[timecode] 15:02:21:17 capture=on(0.03s) onAir=off
[timecode] 15:02:22:17 capture=on(0.03s) onAir=off
[timecode] 15:02:23:17 capture=on(0.01s) onAir=off
[timecode] 15:02:24:18 capture=on(0.02s) onAir=off
[timecode] 15:02:25:18 capture=on(0.02s) onAir=off
[timecode] 15:02:26:18 capture=on(0.04s) onAir=off
[timecode] 15:02:27:18 capture=on(0.00s) onAir=off
[timecode] 15:02:28:18 capture=on(0.01s) onAir=off
[timecode] 15:02:29:19 capture=on(0.02s) onAir=off
[timecode] 15:02:30:19 capture=on(0.04s) onAir=off
[timecode] 15:02:31:19 capture=on(0.01s) onAir=off
[timecode] 15:02:32:20 capture=on(0.02s) onAir=off
[timecode] 15:02:33:20 capture=on(0.03s) onAir=off
[timecode] 15:02:34:20 capture=on(0.03s) onAir=off
[timecode] 15:02:35:20 capture=on(0.00s) onAir=off
[timecode] 15:02:36:21 capture=on(0.01s) onAir=off
[timecode] 15:02:37:21 capture=on(0.03s) onAir=off
[timecode] 15:02:38:21 capture=on(0.00s) onAir=off
[timecode] 15:02:39:22 capture=on(0.01s) onAir=off
[timecode] 15:02:40:22 capture=on(0.03s) onAir=off
[timecode] 15:02:41:22 capture=on(0.04s) onAir=off
[timecode] 15:02:42:22 capture=on(0.01s) onAir=off
[timecode] 15:02:43:23 capture=on(0.02s) onAir=off
[timecode] 15:02:44:23 capture=on(0.03s) onAir=off
[timecode] 15:02:45:23 capture=on(0.01s) onAir=off
[timecode] 15:02:46:24 capture=on(0.02s) onAir=off
[timecode] 15:02:47:24 capture=on(0.03s) onAir=off
[timecode] 15:02:48:24 capture=on(0.00s) onAir=off
[timecode] 15:02:50:00 capture=on(0.01s) onAir=off
[timecode] 15:02:51:00 capture=on(0.03s) onAir=off
[timecode] 15:02:52:00 capture=on(0.00s) onAir=off
[timecode] 15:02:53:01 capture=on(0.01s) onAir=off
[timecode] 15:02:54:01 capture=on(0.02s) onAir=off
[timecode] 15:02:55:01 capture=on(0.03s) onAir=off
[timecode] 15:02:56:01 capture=on(0.01s) onAir=off
[timecode] 15:02:57:02 capture=on(0.02s) onAir=off
[timecode] 15:02:58:02 capture=on(0.03s) onAir=off
[timecode] 15:02:59:02 capture=on(0.04s) onAir=off
[timecode] 15:03:00:02 capture=on(0.00s) onAir=off
[timecode] 15:03:01:03 capture=on(0.01s) onAir=off
[timecode] 15:03:02:03 capture=on(0.03s) onAir=off
[timecode] 15:03:03:03 capture=on(0.04s) onAir=off
[timecode] 15:03:04:03 capture=on(0.01s) onAir=off
[timecode] 15:03:05:04 capture=on(0.02s) onAir=off
[timecode] 15:03:06:04 capture=on(0.03s) onAir=off
[timecode] 15:03:07:04 capture=on(0.00s) onAir=off
[timecode] 15:03:08:05 capture=on(0.01s) onAir=off
[timecode] 15:03:09:05 capture=on(0.02s) onAir=off
[timecode] 15:03:10:05 capture=on(0.03s) onAir=off
[timecode] 15:03:11:05 capture=on(0.01s) onAir=off
[timecode] 15:03:12:06 capture=on(0.02s) onAir=off
[timecode] 15:03:13:06 capture=on(0.03s) onAir=off
[timecode] 15:03:14:06 capture=on(0.00s) onAir=off
[timecode] 15:03:15:07 capture=on(0.02s) onAir=off
[timecode] 15:03:16:07 capture=on(0.03s) onAir=off
[timecode] 15:03:17:07 capture=on(0.00s) onAir=off
[timecode] 15:03:18:08 capture=on(0.01s) onAir=off
[timecode] 15:03:19:08 capture=on(0.03s) onAir=off
[timecode] 15:03:20:08 capture=on(0.04s) onAir=off
[timecode] 15:03:21:08 capture=on(0.00s) onAir=off
[timecode] 15:03:22:09 capture=on(0.01s) onAir=off
[timecode] 15:03:23:09 capture=on(0.01s) onAir=off
[timecode] 15:03:24:09 capture=on(0.03s) onAir=off
[timecode] 15:03:25:09 capture=on(0.00s) onAir=off
[timecode] 15:03:26:09 capture=on(0.00s) onAir=off
[timecode] 15:03:27:10 capture=on(0.01s) onAir=off
[timecode] 15:03:28:10 capture=on(0.03s) onAir=off
[timecode] 15:03:29:10 capture=on(0.03s) onAir=off
[timecode] 15:03:30:10 capture=on(0.03s) onAir=off
[timecode] 15:03:31:10 capture=on(0.01s) onAir=off
[timecode] 15:03:32:11 capture=on(0.02s) onAir=off
[timecode] 15:03:33:11 capture=on(0.03s) onAir=off
[timecode] 15:03:34:11 capture=on(0.00s) onAir=off
[timecode] 15:03:35:12 capture=on(0.01s) onAir=off
[timecode] 15:03:36:12 capture=on(0.03s) onAir=off
[timecode] 15:03:37:12 capture=on(0.03s) onAir=off
[timecode] 15:03:38:12 capture=on(0.00s) onAir=off
[timecode] 15:03:39:13 capture=on(0.01s) onAir=off
[timecode] 15:03:40:13 capture=on(0.03s) onAir=off
[timecode] 15:03:41:13 capture=on(0.04s) onAir=off
[timecode] 15:03:42:13 capture=on(0.00s) onAir=off
[timecode] 15:03:43:14 capture=on(0.01s) onAir=off
[timecode] 15:03:44:14 capture=on(0.02s) onAir=off
[timecode] 15:03:45:14 capture=on(0.03s) onAir=off
[timecode] 15:03:46:14 capture=on(0.00s) onAir=off
[timecode] 15:03:47:15 capture=on(0.02s) onAir=off
[timecode] 15:03:48:15 capture=on(0.03s) onAir=off
[timecode] 15:03:49:15 capture=on(0.01s) onAir=off
[timecode] 15:03:50:16 capture=on(0.01s) onAir=off
[timecode] 15:03:51:16 capture=on(0.02s) onAir=off
[timecode] 15:03:52:16 capture=on(0.03s) onAir=off
[timecode] 15:03:53:16 capture=on(0.04s) onAir=off
[timecode] 15:03:54:17 capture=on(0.01s) onAir=off
[timecode] 15:03:55:17 capture=on(0.02s) onAir=off
[timecode] 15:03:56:17 capture=on(0.04s) onAir=off
[timecode] 15:03:57:18 capture=on(0.01s) onAir=off
[timecode] 15:03:58:18 capture=on(0.02s) onAir=off
[timecode] 15:03:59:18 capture=on(0.03s) onAir=off
[timecode] 15:04:00:18 capture=on(0.00s) onAir=off
[timecode] 15:04:01:18 capture=on(0.00s) onAir=off
[timecode] 15:04:02:18 capture=on(0.00s) onAir=off
[timecode] 15:04:03:19 capture=on(0.01s) onAir=off
[timecode] 15:04:04:19 capture=on(0.01s) onAir=off
[timecode] 15:04:05:19 capture=on(0.02s) onAir=off
[timecode] 15:04:06:19 capture=on(0.03s) onAir=off
[timecode] 15:04:07:20 capture=on(0.01s) onAir=off
[timecode] 15:04:08:20 capture=on(0.01s) onAir=off
[timecode] 15:04:09:20 capture=on(0.02s) onAir=off
[timecode] 15:04:10:20 capture=on(0.03s) onAir=off
[timecode] 15:04:11:20 capture=on(0.01s) onAir=off
[timecode] 15:04:12:21 capture=on(0.02s) onAir=off
[timecode] 15:04:13:21 capture=on(0.01s) onAir=off
[timecode] 15:04:14:21 capture=on(0.03s) onAir=off
[timecode] 15:04:15:21 capture=on(0.00s) onAir=off
[timecode] 15:04:16:22 capture=on(0.01s) onAir=off
[timecode] 15:04:17:22 capture=on(0.03s) onAir=off
[timecode] 15:04:18:22 capture=on(0.03s) onAir=off
[timecode] 15:04:19:23 capture=on(0.01s) onAir=off
[timecode] 15:04:20:23 capture=on(0.02s) onAir=off
[timecode] 15:04:21:23 capture=on(0.03s) onAir=off
[timecode] 15:04:22:23 capture=on(0.00s) onAir=off
[timecode] 15:04:23:24 capture=on(0.01s) onAir=off
[timecode] 15:04:24:24 capture=on(0.02s) onAir=off
[timecode] 15:04:25:24 capture=on(0.03s) onAir=off
[timecode] 15:04:27:00 capture=on(0.01s) onAir=off
[timecode] 15:04:28:00 capture=on(0.02s) onAir=off
[timecode] 15:04:29:00 capture=on(0.03s) onAir=off
[timecode] 15:04:30:00 capture=on(0.00s) onAir=off
[timecode] 15:04:31:01 capture=on(0.01s) onAir=off
[timecode] 15:04:32:01 capture=on(0.03s) onAir=off
[timecode] 15:04:33:01 capture=on(0.00s) onAir=off
[timecode] 15:04:34:02 capture=on(0.01s) onAir=off
[timecode] 15:04:35:02 capture=on(0.03s) onAir=off
[timecode] 15:04:36:02 capture=on(0.00s) onAir=off
[timecode] 15:04:37:03 capture=on(0.01s) onAir=off
[timecode] 15:04:38:03 capture=on(0.02s) onAir=off
[timecode] 15:04:39:03 capture=on(0.03s) onAir=off
[timecode] 15:04:40:04 capture=on(0.01s) onAir=off
[timecode] 15:04:41:04 capture=on(0.02s) onAir=off
[timecode] 15:04:42:04 capture=on(0.03s) onAir=off
[timecode] 15:04:43:04 capture=on(0.00s) onAir=off
[timecode] 15:04:44:05 capture=on(0.01s) onAir=off
[timecode] 15:04:45:05 capture=on(0.03s) onAir=off
[timecode] 15:04:46:05 capture=on(0.00s) onAir=off
[timecode] 15:04:47:06 capture=on(0.01s) onAir=off
[timecode] 15:04:48:06 capture=on(0.01s) onAir=off
[timecode] 15:04:49:06 capture=on(0.02s) onAir=off
[timecode] 15:04:50:06 capture=on(0.02s) onAir=off
[timecode] 15:04:51:06 capture=on(0.03s) onAir=off
[timecode] 15:04:52:07 capture=on(0.00s) onAir=off
[timecode] 15:04:53:07 capture=on(0.01s) onAir=off
[timecode] 15:04:54:07 capture=on(0.03s) onAir=off
[timecode] 15:04:55:07 capture=on(0.04s) onAir=off
[timecode] 15:04:56:08 capture=on(0.01s) onAir=off
[timecode] 15:04:57:08 capture=on(0.03s) onAir=off
[timecode] 15:04:58:08 capture=on(0.00s) onAir=off
[timecode] 15:04:59:09 capture=on(0.01s) onAir=off
[timecode] 15:05:00:09 capture=on(0.03s) onAir=off
[timecode] 15:05:01:09 capture=on(0.04s) onAir=off
[timecode] 15:05:02:09 capture=on(0.00s) onAir=off
[timecode] 15:05:03:10 capture=on(0.01s) onAir=off
[timecode] 15:05:04:10 capture=on(0.02s) onAir=off
[timecode] 15:05:05:10 capture=on(0.03s) onAir=off
[timecode] 15:05:06:11 capture=on(0.01s) onAir=off
[timecode] 15:05:07:11 capture=on(0.02s) onAir=off
[timecode] 15:05:08:11 capture=on(0.02s) onAir=off
[timecode] 15:05:09:11 capture=on(0.02s) onAir=off
[timecode] 15:05:10:11 capture=on(0.04s) onAir=off
[timecode] 15:05:11:12 capture=on(0.01s) onAir=off
[timecode] 15:05:12:12 capture=on(0.02s) onAir=off
[timecode] 15:05:13:12 capture=on(0.02s) onAir=off
[timecode] 15:05:14:12 capture=on(0.03s) onAir=off
[timecode] 15:05:15:13 capture=on(0.00s) onAir=off
[timecode] 15:05:16:13 capture=on(0.01s) onAir=off
[timecode] 15:05:17:13 capture=on(0.02s) onAir=off
[timecode] 15:05:18:13 capture=on(0.03s) onAir=off
[timecode] 15:05:19:14 capture=on(0.00s) onAir=off
[timecode] 15:05:20:14 capture=on(0.01s) onAir=off
[timecode] 15:05:21:14 capture=on(0.02s) onAir=off
[timecode] 15:05:22:14 capture=on(0.03s) onAir=off
[timecode] 15:05:23:14 capture=on(0.04s) onAir=off
[timecode] 15:05:24:14 capture=on(0.00s) onAir=off
[timecode] 15:05:25:15 capture=on(0.01s) onAir=off
[timecode] 15:05:26:15 capture=on(0.03s) onAir=off
[timecode] 15:05:27:15 capture=on(0.04s) onAir=off
[timecode] 15:05:28:16 capture=on(0.01s) onAir=off
[timecode] 15:05:29:16 capture=on(0.02s) onAir=off
[timecode] 15:05:30:16 capture=on(0.02s) onAir=off
[timecode] 15:05:31:16 capture=on(0.04s) onAir=off
[timecode] 15:05:32:17 capture=on(0.00s) onAir=off
[timecode] 15:05:33:17 capture=on(0.01s) onAir=off
[timecode] 15:05:34:17 capture=on(0.02s) onAir=off
[timecode] 15:05:35:17 capture=on(0.02s) onAir=off
[timecode] 15:05:36:17 capture=on(0.03s) onAir=off
[timecode] 15:05:37:17 capture=on(0.04s) onAir=off
[timecode] 15:05:38:18 capture=on(0.01s) onAir=off
[timecode] 15:05:39:18 capture=on(0.01s) onAir=off
[timecode] 15:05:40:18 capture=on(0.03s) onAir=off
[timecode] 15:05:41:19 capture=on(0.00s) onAir=off
[timecode] 15:05:42:19 capture=on(0.01s) onAir=off
[timecode] 15:05:43:19 capture=on(0.02s) onAir=off
[timecode] 15:05:44:19 capture=on(0.04s) onAir=off
[timecode] 15:05:45:20 capture=on(0.01s) onAir=off
[timecode] 15:05:46:20 capture=on(0.01s) onAir=off
[timecode] 15:05:47:20 capture=on(0.01s) onAir=off
[timecode] 15:05:48:20 capture=on(0.03s) onAir=off
[timecode] 15:05:49:20 capture=on(0.03s) onAir=off
[timecode] 15:05:50:20 capture=on(0.03s) onAir=off
[timecode] 15:05:51:21 capture=on(0.00s) onAir=off
[timecode] 15:05:52:21 capture=on(0.01s) onAir=off
[timecode] 15:05:53:21 capture=on(0.03s) onAir=off
[timecode] 15:05:54:22 capture=on(0.04s) onAir=off
[timecode] 15:05:55:22 capture=on(0.01s) onAir=off
[timecode] 15:05:56:22 capture=on(0.02s) onAir=off
[timecode] 15:05:57:22 capture=on(0.04s) onAir=off
[timecode] 15:05:58:23 capture=on(0.01s) onAir=off
[timecode] 15:05:59:23 capture=on(0.02s) onAir=off
[timecode] 15:06:00:23 capture=on(0.03s) onAir=off
[timecode] 15:06:01:23 capture=on(0.04s) onAir=off
[timecode] 15:06:02:24 capture=on(0.01s) onAir=off
[timecode] 15:06:03:24 capture=on(0.02s) onAir=off
[timecode] 15:06:04:24 capture=on(0.03s) onAir=off
[timecode] 15:06:06:00 capture=on(0.01s) onAir=off
[timecode] 15:06:07:00 capture=on(0.02s) onAir=off
[timecode] 15:06:08:00 capture=on(0.03s) onAir=off
[timecode] 15:06:09:00 capture=on(0.03s) onAir=off
[timecode] 15:06:10:01 capture=on(0.00s) onAir=off
[timecode] 15:06:11:01 capture=on(0.02s) onAir=off
[timecode] 15:06:12:01 capture=on(0.03s) onAir=off
[timecode] 15:06:13:02 capture=on(0.01s) onAir=off
[timecode] 15:06:14:02 capture=on(0.01s) onAir=off
[timecode] 15:06:15:02 capture=on(0.02s) onAir=off
[timecode] 15:06:16:02 capture=on(0.03s) onAir=off
[timecode] 15:06:17:03 capture=on(0.01s) onAir=off
[timecode] 15:06:18:03 capture=on(0.02s) onAir=off
[timecode] 15:06:19:03 capture=on(0.03s) onAir=off
[timecode] 15:06:20:04 capture=on(0.00s) onAir=off
[timecode] 15:06:21:04 capture=on(0.01s) onAir=off
[timecode] 15:06:22:04 capture=on(0.02s) onAir=off
[timecode] 15:06:23:04 capture=on(0.03s) onAir=off
[timecode] 15:06:24:05 capture=on(0.01s) onAir=off
[timecode] 15:06:25:05 capture=on(0.02s) onAir=off
[timecode] 15:06:26:05 capture=on(0.03s) onAir=off
[timecode] 15:06:27:06 capture=on(0.01s) onAir=off
[timecode] 15:06:28:06 capture=on(0.02s) onAir=off
[timecode] 15:06:29:06 capture=on(0.03s) onAir=off
[timecode] 15:06:30:06 capture=on(0.03s) onAir=off
[timecode] 15:06:31:07 capture=on(0.00s) onAir=off
[timecode] 15:06:32:07 capture=on(0.00s) onAir=off
[timecode] 15:06:33:07 capture=on(0.02s) onAir=off
[timecode] 15:06:34:07 capture=on(0.02s) onAir=off
[timecode] 15:06:35:07 capture=on(0.02s) onAir=off
[timecode] 15:06:36:07 capture=on(0.02s) onAir=off
[timecode] 15:06:37:08 capture=on(0.04s) onAir=off
[timecode] 15:06:38:08 capture=on(0.01s) onAir=off
[timecode] 15:06:39:08 capture=on(0.03s) onAir=off
[timecode] 15:06:40:09 capture=on(0.04s) onAir=off
[timecode] 15:06:41:09 capture=on(0.04s) onAir=off
[timecode] 15:06:42:09 capture=on(0.01s) onAir=off
[timecode] 15:06:43:09 capture=on(0.02s) onAir=off
[timecode] 15:06:44:09 capture=on(0.03s) onAir=off
[timecode] 15:06:45:10 capture=on(0.00s) onAir=off
[timecode] 15:06:46:10 capture=on(0.02s) onAir=off
[timecode] 15:06:47:10 capture=on(0.03s) onAir=off
[timecode] 15:06:48:11 capture=on(0.04s) onAir=off
[timecode] 15:06:49:11 capture=on(0.01s) onAir=off
[timecode] 15:06:50:11 capture=on(0.01s) onAir=off
[timecode] 15:06:51:11 capture=on(0.01s) onAir=off
[timecode] 15:06:52:11 capture=on(0.02s) onAir=off
[timecode] 15:06:53:12 capture=on(0.04s) onAir=off
[timecode] 15:06:54:12 capture=on(0.04s) onAir=off
[timecode] 15:06:55:12 capture=on(0.04s) onAir=off
[timecode] 15:06:56:12 capture=on(0.01s) onAir=off
[timecode] 15:06:57:12 capture=on(0.01s) onAir=off
[timecode] 15:06:58:12 capture=on(0.02s) onAir=off
[timecode] 15:06:59:13 capture=on(0.04s) onAir=off
[timecode] 15:07:00:13 capture=on(0.00s) onAir=off
[timecode] 15:07:01:13 capture=on(0.01s) onAir=off
[timecode] 15:07:02:13 capture=on(0.02s) onAir=off
[timecode] 15:07:03:13 capture=on(0.03s) onAir=off
[timecode] 15:07:04:14 capture=on(0.00s) onAir=off
[timecode] 15:07:05:14 capture=on(0.01s) onAir=off
[timecode] 15:07:06:14 capture=on(0.01s) onAir=off
[timecode] 15:07:07:14 capture=on(0.03s) onAir=off
[timecode] 15:07:08:15 capture=on(0.04s) onAir=off
[timecode] 15:07:09:15 capture=on(0.01s) onAir=off
[timecode] 15:07:10:15 capture=on(0.02s) onAir=off
[timecode] 15:07:11:15 capture=on(0.03s) onAir=off
[timecode] 15:07:12:16 capture=on(0.00s) onAir=off
[timecode] 15:07:13:16 capture=on(0.01s) onAir=off
[timecode] 15:07:14:16 capture=on(0.02s) onAir=off
[timecode] 15:07:15:16 capture=on(0.03s) onAir=off
[timecode] 15:07:16:17 capture=on(0.01s) onAir=off
[timecode] 15:07:17:17 capture=on(0.01s) onAir=off
[timecode] 15:07:18:17 capture=on(0.01s) onAir=off
[timecode] 15:07:19:17 capture=on(0.01s) onAir=off
[timecode] 15:07:20:17 capture=on(0.03s) onAir=off
[timecode] 15:07:21:17 capture=on(0.03s) onAir=off
[timecode] 15:07:22:18 capture=on(0.00s) onAir=off
[timecode] 15:07:23:18 capture=on(0.00s) onAir=off
[timecode] 15:07:24:18 capture=on(0.01s) onAir=off
[timecode] 15:07:25:18 capture=on(0.03s) onAir=off
[timecode] 15:07:26:19 capture=on(0.04s) onAir=off
[timecode] 15:07:27:19 capture=on(0.01s) onAir=off
[timecode] 15:07:28:19 capture=on(0.02s) onAir=off
[timecode] 15:07:29:19 capture=on(0.03s) onAir=off
[timecode] 15:07:30:20 capture=on(0.04s) onAir=off
[timecode] 15:07:31:20 capture=on(0.01s) onAir=off
[timecode] 15:07:32:20 capture=on(0.01s) onAir=off
[timecode] 15:07:33:20 capture=on(0.02s) onAir=off
[timecode] 15:07:34:21 capture=on(0.04s) onAir=off
[timecode] 15:07:35:21 capture=on(0.04s) onAir=off
[timecode] 15:07:36:21 capture=on(0.01s) onAir=off
[timecode] 15:07:37:21 capture=on(0.03s) onAir=off
[timecode] 15:07:38:22 capture=on(0.04s) onAir=off
[timecode] 15:07:39:22 capture=on(0.01s) onAir=off
[timecode] 15:07:40:22 capture=on(0.02s) onAir=off
[timecode] 15:07:41:23 capture=on(0.03s) onAir=off
[timecode] 15:07:42:23 capture=on(0.01s) onAir=off
[timecode] 15:07:43:23 capture=on(0.02s) onAir=off
[timecode] 15:07:44:24 capture=on(0.03s) onAir=off
[timecode] 15:07:45:24 capture=on(0.00s) onAir=off
[timecode] 15:07:46:24 capture=on(0.01s) onAir=off
[timecode] 15:07:47:24 capture=on(0.02s) onAir=off
[timecode] 15:07:49:00 capture=on(0.03s) onAir=off
[timecode] 15:07:50:00 capture=on(0.01s) onAir=off
[timecode] 15:07:51:00 capture=on(0.02s) onAir=off
[timecode] 15:07:52:00 capture=on(0.03s) onAir=off
[timecode] 15:07:53:01 capture=on(0.01s) onAir=off
[timecode] 15:07:54:01 capture=on(0.02s) onAir=off
[timecode] 15:07:55:02 capture=on(0.03s) onAir=off
[timecode] 15:07:56:02 capture=on(0.00s) onAir=off
[timecode] 15:07:57:02 capture=on(0.01s) onAir=off
[timecode] 15:07:58:02 capture=on(0.01s) onAir=off
[timecode] 15:07:59:02 capture=on(0.02s) onAir=off
[timecode] 15:08:00:03 capture=on(0.03s) onAir=off
[timecode] 15:08:01:03 capture=on(0.01s) onAir=off
[timecode] 15:08:02:03 capture=on(0.01s) onAir=off
[timecode] 15:08:03:03 capture=on(0.02s) onAir=off
[timecode] 15:08:04:03 capture=on(0.02s) onAir=off
[timecode] 15:08:05:04 capture=on(0.04s) onAir=off
[timecode] 15:08:06:04 capture=on(0.00s) onAir=off
[timecode] 15:08:07:04 capture=on(0.02s) onAir=off
[timecode] 15:08:08:04 capture=on(0.03s) onAir=off
[timecode] 15:08:09:05 capture=on(0.04s) onAir=off
[timecode] 15:08:10:05 capture=on(0.01s) onAir=off
[timecode] 15:08:11:05 capture=on(0.02s) onAir=off
[timecode] 15:08:12:05 capture=on(0.03s) onAir=off
[timecode] 15:08:13:06 capture=on(0.00s) onAir=off
[timecode] 15:08:14:06 capture=on(0.00s) onAir=off
[timecode] 15:08:15:06 capture=on(0.01s) onAir=off
[timecode] 15:08:16:06 capture=on(0.02s) onAir=off
[timecode] 15:08:17:07 capture=on(0.03s) onAir=off
[timecode] 15:08:18:07 capture=on(0.01s) onAir=off
[timecode] 15:08:19:07 capture=on(0.01s) onAir=off
[timecode] 15:08:20:07 capture=on(0.02s) onAir=off
[timecode] 15:08:21:07 capture=on(0.02s) onAir=off
[timecode] 15:08:22:08 capture=on(0.03s) onAir=off
[timecode] 15:08:23:08 capture=on(0.01s) onAir=off
[timecode] 15:08:24:08 capture=on(0.02s) onAir=off
[timecode] 15:08:25:08 capture=on(0.02s) onAir=off
[timecode] 15:08:26:09 capture=on(0.03s) onAir=off
[timecode] 15:08:27:09 capture=on(0.01s) onAir=off
[timecode] 15:08:28:09 capture=on(0.02s) onAir=off
[timecode] 15:08:29:09 capture=on(0.02s) onAir=off
[timecode] 15:08:30:10 capture=on(0.03s) onAir=off
[timecode] 15:08:31:10 capture=on(0.00s) onAir=off
[timecode] 15:08:32:10 capture=on(0.01s) onAir=off
[timecode] 15:08:33:10 capture=on(0.03s) onAir=off
[timecode] 15:08:34:11 capture=on(0.00s) onAir=off
[timecode] 15:08:35:11 capture=on(0.01s) onAir=off
[timecode] 15:08:36:11 capture=on(0.01s) onAir=off
[timecode] 15:08:37:11 capture=on(0.02s) onAir=off
[timecode] 15:08:38:11 capture=on(0.03s) onAir=off
[timecode] 15:08:39:12 capture=on(0.04s) onAir=off
[timecode] 15:08:40:12 capture=on(0.01s) onAir=off
[timecode] 15:08:41:12 capture=on(0.02s) onAir=off
[timecode] 15:08:42:13 capture=on(0.03s) onAir=off
[timecode] 15:08:43:13 capture=on(0.00s) onAir=off
[timecode] 15:08:44:13 capture=on(0.01s) onAir=off
[timecode] 15:08:45:14 capture=on(0.03s) onAir=off
[timecode] 15:08:46:14 capture=on(0.00s) onAir=off
[timecode] 15:08:47:14 capture=on(0.01s) onAir=off
[timecode] 15:08:48:15 capture=on(0.03s) onAir=off
[timecode] 15:08:49:15 capture=on(0.00s) onAir=off
[timecode] 15:08:50:15 capture=on(0.00s) onAir=off
[timecode] 15:08:51:15 capture=on(0.01s) onAir=off
[timecode] 15:08:52:15 capture=on(0.02s) onAir=off
[timecode] 15:08:53:16 capture=on(0.03s) onAir=off
[timecode] 15:08:54:16 capture=on(0.03s) onAir=off
[timecode] 15:08:55:16 capture=on(0.01s) onAir=off
[timecode] 15:08:56:16 capture=on(0.01s) onAir=off
[timecode] 15:08:57:17 capture=on(0.03s) onAir=off
[timecode] 15:08:58:17 capture=on(0.03s) onAir=off
[timecode] 15:08:59:17 capture=on(0.00s) onAir=off
[timecode] 15:09:00:17 capture=on(0.02s) onAir=off
[timecode] 15:09:01:18 capture=on(0.03s) onAir=off
[timecode] 15:09:02:18 capture=on(0.04s) onAir=off
[timecode] 15:09:03:18 capture=on(0.01s) onAir=off
[timecode] 15:09:04:18 capture=on(0.02s) onAir=off
[timecode] 15:09:05:19 capture=on(0.04s) onAir=off
[timecode] 15:09:06:19 capture=on(0.01s) onAir=off
[timecode] 15:09:07:19 capture=on(0.03s) onAir=off
[timecode] 15:09:08:20 capture=on(0.04s) onAir=off
[timecode] 15:09:09:20 capture=on(0.01s) onAir=off
[timecode] 15:09:10:20 capture=on(0.02s) onAir=off
[timecode] 15:09:11:20 capture=on(0.02s) onAir=off
[timecode] 15:09:12:21 capture=on(0.03s) onAir=off
[timecode] 15:09:13:21 capture=on(0.00s) onAir=off
[timecode] 15:09:14:21 capture=on(0.01s) onAir=off
[timecode] 15:09:15:21 capture=on(0.02s) onAir=off
[timecode] 15:09:16:22 capture=on(0.03s) onAir=off
[timecode] 15:09:17:22 capture=on(0.04s) onAir=off
[timecode] 15:09:18:22 capture=on(0.01s) onAir=off
[timecode] 15:09:19:22 capture=on(0.02s) onAir=off
[timecode] 15:09:20:23 capture=on(0.03s) onAir=off
[timecode] 15:09:21:23 capture=on(0.00s) onAir=off
[timecode] 15:09:22:23 capture=on(0.01s) onAir=off
[timecode] 15:09:23:23 capture=on(0.02s) onAir=off
[timecode] 15:09:24:24 capture=on(0.03s) onAir=off
[timecode] 15:09:25:24 capture=on(0.01s) onAir=off
[timecode] 15:09:26:24 capture=on(0.01s) onAir=off
[timecode] 15:09:28:00 capture=on(0.03s) onAir=off
[timecode] 15:09:29:00 capture=on(0.00s) onAir=off
[timecode] 15:09:30:00 capture=on(0.01s) onAir=off
[timecode] 15:09:31:01 capture=on(0.03s) onAir=off
[timecode] 15:09:32:01 capture=on(0.00s) onAir=off
[timecode] 15:09:33:01 capture=on(0.01s) onAir=off
[timecode] 15:09:34:01 capture=on(0.02s) onAir=off
[timecode] 15:09:35:02 capture=on(0.03s) onAir=off
[timecode] 15:09:36:02 capture=on(0.01s) onAir=off
[timecode] 15:09:37:02 capture=on(0.01s) onAir=off
[timecode] 15:09:38:02 capture=on(0.02s) onAir=off
[timecode] 15:09:39:03 capture=on(0.03s) onAir=off
[timecode] 15:09:40:03 capture=on(0.04s) onAir=off
[timecode] 15:09:41:03 capture=on(0.01s) onAir=off
[timecode] 15:09:42:03 capture=on(0.02s) onAir=off
[timecode] 15:09:43:04 capture=on(0.03s) onAir=off
[timecode] 15:09:44:04 capture=on(0.01s) onAir=off
[timecode] 15:09:45:04 capture=on(0.02s) onAir=off
[timecode] 15:09:46:05 capture=on(0.03s) onAir=off
[timecode] 15:09:47:05 capture=on(0.00s) onAir=off
[timecode] 15:09:48:05 capture=on(0.01s) onAir=off
[timecode] 15:09:49:06 capture=on(0.03s) onAir=off
[timecode] 15:09:50:06 capture=on(0.00s) onAir=off
[timecode] 15:09:51:06 capture=on(0.02s) onAir=off
[timecode] 15:09:52:07 capture=on(0.03s) onAir=off
[timecode] 15:09:53:07 capture=on(0.04s) onAir=off
[timecode] 15:09:54:07 capture=on(0.01s) onAir=off
[timecode] 15:09:55:07 capture=on(0.02s) onAir=off
[timecode] 15:09:56:08 capture=on(0.03s) onAir=off
[timecode] 15:09:57:08 capture=on(0.04s) onAir=off
[timecode] 15:09:58:08 capture=on(0.01s) onAir=off
[timecode] 15:09:59:08 capture=on(0.02s) onAir=off
[timecode] 15:10:00:09 capture=on(0.03s) onAir=off
[timecode] 15:10:01:09 capture=on(0.00s) onAir=off
[timecode] 15:10:02:09 capture=on(0.01s) onAir=off
[timecode] 15:10:03:09 capture=on(0.02s) onAir=off
[timecode] 15:10:04:10 capture=on(0.03s) onAir=off
[timecode] 15:10:05:10 capture=on(0.00s) onAir=off
[timecode] 15:10:06:10 capture=on(0.02s) onAir=off
[timecode] 15:10:07:11 capture=on(0.03s) onAir=off
[timecode] 15:10:08:11 capture=on(0.04s) onAir=off
[timecode] 15:10:09:11 capture=on(0.01s) onAir=off
[timecode] 15:10:10:12 capture=on(0.02s) onAir=off
[timecode] 15:10:11:12 capture=on(0.02s) onAir=off
[timecode] 15:10:12:12 capture=on(0.03s) onAir=off
[timecode] 15:10:13:12 capture=on(0.01s) onAir=off
[timecode] 15:10:14:12 capture=on(0.02s) onAir=off
[timecode] 15:10:15:12 capture=on(0.02s) onAir=off
[timecode] 15:10:16:13 capture=on(0.03s) onAir=off
[timecode] 15:10:17:13 capture=on(0.01s) onAir=off
[timecode] 15:10:18:13 capture=on(0.01s) onAir=off
[timecode] 15:10:19:13 capture=on(0.02s) onAir=off
[timecode] 15:10:20:14 capture=on(0.03s) onAir=off
[timecode] 15:10:21:14 capture=on(0.00s) onAir=off
[timecode] 15:10:22:14 capture=on(0.02s) onAir=off
[timecode] 15:10:23:15 capture=on(0.02s) onAir=off
[timecode] 15:10:24:15 capture=on(0.04s) onAir=off
[timecode] 15:10:25:15 capture=on(0.01s) onAir=off
[timecode] 15:10:26:15 capture=on(0.01s) onAir=off
[timecode] 15:10:27:15 capture=on(0.01s) onAir=off
[timecode] 15:10:28:16 capture=on(0.03s) onAir=off
[timecode] 15:10:29:16 capture=on(0.03s) onAir=off
[timecode] 15:10:30:16 capture=on(0.00s) onAir=off
[timecode] 15:10:31:16 capture=on(0.01s) onAir=off
[timecode] 15:10:32:16 capture=on(0.01s) onAir=off
[timecode] 15:10:33:17 capture=on(0.02s) onAir=off
[timecode] 15:10:34:17 capture=on(0.03s) onAir=off
[timecode] 15:10:35:17 capture=on(0.01s) onAir=off
[timecode] 15:10:36:17 capture=on(0.02s) onAir=off
[timecode] 15:10:37:18 capture=on(0.03s) onAir=off
[timecode] 15:10:38:18 capture=on(0.00s) onAir=off
[timecode] 15:10:39:18 capture=on(0.01s) onAir=off
[timecode] 15:10:40:19 capture=on(0.02s) onAir=off
[timecode] 15:10:41:19 capture=on(0.03s) onAir=off
[timecode] 15:10:42:19 capture=on(0.00s) onAir=off
[timecode] 15:10:43:19 capture=on(0.01s) onAir=off
[timecode] 15:10:44:20 capture=on(0.03s) onAir=off
[timecode] 15:10:45:20 capture=on(0.00s) onAir=off
[timecode] 15:10:46:20 capture=on(0.00s) onAir=off
[timecode] 15:10:47:20 capture=on(0.02s) onAir=off
[timecode] 15:10:48:21 capture=on(0.03s) onAir=off
[timecode] 15:10:49:21 capture=on(0.00s) onAir=off
[timecode] 15:10:50:21 capture=on(0.01s) onAir=off
[timecode] 15:10:51:22 capture=on(0.02s) onAir=off
[timecode] 15:10:52:22 capture=on(0.03s) onAir=off
[timecode] 15:10:53:22 capture=on(0.04s) onAir=off
[timecode] 15:10:54:22 capture=on(0.00s) onAir=off
[timecode] 15:10:55:22 capture=on(0.01s) onAir=off
[timecode] 15:10:56:23 capture=on(0.02s) onAir=off
[timecode] 15:10:57:23 capture=on(0.03s) onAir=off
[timecode] 15:10:58:23 capture=on(0.04s) onAir=off
[timecode] 15:10:59:23 capture=on(0.01s) onAir=off
[timecode] 15:11:00:24 capture=on(0.02s) onAir=off
[timecode] 15:11:01:24 capture=on(0.03s) onAir=off
[timecode] 15:11:02:24 capture=on(0.00s) onAir=off
[timecode] 15:11:03:24 capture=on(0.01s) onAir=off
[timecode] 15:11:05:00 capture=on(0.03s) onAir=off
[timecode] 15:11:06:00 capture=on(0.04s) onAir=off
[timecode] 15:11:07:00 capture=on(0.04s) onAir=off
[timecode] 15:11:08:00 capture=on(0.01s) onAir=off
[timecode] 15:11:09:00 capture=on(0.01s) onAir=off
[timecode] 15:11:10:01 capture=on(0.02s) onAir=off
[timecode] 15:11:11:01 capture=on(0.03s) onAir=off
[timecode] 15:11:12:01 capture=on(0.04s) onAir=off
[timecode] 15:11:13:01 capture=on(0.01s) onAir=off
[timecode] 15:11:14:02 capture=on(0.02s) onAir=off
[timecode] 15:11:15:02 capture=on(0.03s) onAir=off
[timecode] 15:11:16:02 capture=on(0.00s) onAir=off
[timecode] 15:11:17:02 capture=on(0.01s) onAir=off
[timecode] 15:11:18:03 capture=on(0.03s) onAir=off
[timecode] 15:11:19:03 capture=on(0.04s) onAir=off
[timecode] 15:11:20:03 capture=on(0.01s) onAir=off
[timecode] 15:11:21:04 capture=on(0.02s) onAir=off
[timecode] 15:11:22:04 capture=on(0.02s) onAir=off
[timecode] 15:11:23:04 capture=on(0.03s) onAir=off
[timecode] 15:11:24:04 capture=on(0.00s) onAir=off
[timecode] 15:11:25:04 capture=on(0.00s) onAir=off
[timecode] 15:11:26:04 capture=on(0.01s) onAir=off
[timecode] 15:11:27:05 capture=on(0.03s) onAir=off
[timecode] 15:11:28:05 capture=on(0.04s) onAir=off
[timecode] 15:11:29:05 capture=on(0.01s) onAir=off
[timecode] 15:11:30:06 capture=on(0.02s) onAir=off
[timecode] 15:11:31:06 capture=on(0.03s) onAir=off
[timecode] 15:11:32:06 capture=on(0.01s) onAir=off
[timecode] 15:11:33:06 capture=on(0.01s) onAir=off
[timecode] 15:11:34:07 capture=on(0.03s) onAir=off
[timecode] 15:11:35:07 capture=on(0.00s) onAir=off
[timecode] 15:11:36:07 capture=on(0.01s) onAir=off
[timecode] 15:11:37:08 capture=on(0.03s) onAir=off
[timecode] 15:11:38:08 capture=on(0.04s) onAir=off
[timecode] 15:11:39:08 capture=on(0.01s) onAir=off
[timecode] 15:11:40:09 capture=on(0.02s) onAir=off
[timecode] 15:11:41:09 capture=on(0.03s) onAir=off
[timecode] 15:11:42:09 capture=on(0.04s) onAir=off
[timecode] 15:11:43:09 capture=on(0.01s) onAir=off
[timecode] 15:11:44:09 capture=on(0.01s) onAir=off
[timecode] 15:11:45:09 capture=on(0.01s) onAir=off
[timecode] 15:11:46:10 capture=on(0.02s) onAir=off
[timecode] 15:11:47:10 capture=on(0.03s) onAir=off
[timecode] 15:11:48:10 capture=on(0.03s) onAir=off
[timecode] 15:11:49:10 capture=on(0.01s) onAir=off
[timecode] 15:11:50:11 capture=on(0.02s) onAir=off
[timecode] 15:11:51:11 capture=on(0.02s) onAir=off
[timecode] 15:11:52:11 capture=on(0.04s) onAir=off
[timecode] 15:11:53:11 capture=on(0.01s) onAir=off
[timecode] 15:11:54:12 capture=on(0.02s) onAir=off
[timecode] 15:11:55:12 capture=on(0.03s) onAir=off
[timecode] 15:11:56:12 capture=on(0.04s) onAir=off
[timecode] 15:11:57:12 capture=on(0.04s) onAir=off
[timecode] 15:11:58:12 capture=on(0.01s) onAir=off
[timecode] 15:11:59:12 capture=on(0.01s) onAir=off
[timecode] 15:12:00:13 capture=on(0.02s) onAir=off
[timecode] 15:12:01:13 capture=on(0.03s) onAir=off
[timecode] 15:12:02:13 capture=on(0.00s) onAir=off
[timecode] 15:12:03:13 capture=on(0.00s) onAir=off
[timecode] 15:12:04:13 capture=on(0.01s) onAir=off
[timecode] 15:12:05:14 capture=on(0.03s) onAir=off
[timecode] 15:12:06:14 capture=on(0.03s) onAir=off
[timecode] 15:12:07:14 capture=on(0.03s) onAir=off
[timecode] 15:12:08:14 capture=on(0.03s) onAir=off
[timecode] 15:12:09:14 capture=on(0.01s) onAir=off
[timecode] 15:12:10:15 capture=on(0.02s) onAir=off
[timecode] 15:12:11:15 capture=on(0.03s) onAir=off
[timecode] 15:12:12:15 capture=on(0.00s) onAir=off
[timecode] 15:12:13:15 capture=on(0.01s) onAir=off
[timecode] 15:12:14:16 capture=on(0.02s) onAir=off
[timecode] 15:12:15:16 capture=on(0.04s) onAir=off
[timecode] 15:12:16:16 capture=on(0.01s) onAir=off
[timecode] 15:12:17:16 capture=on(0.01s) onAir=off
[timecode] 15:12:18:17 capture=on(0.02s) onAir=off
[timecode] 15:12:19:17 capture=on(0.03s) onAir=off
[timecode] 15:12:20:17 capture=on(0.04s) onAir=off
[timecode] 15:12:21:17 capture=on(0.01s) onAir=off
[timecode] 15:12:22:18 capture=on(0.02s) onAir=off
[timecode] 15:12:23:18 capture=on(0.04s) onAir=off
[timecode] 15:12:24:18 capture=on(0.01s) onAir=off
[timecode] 15:12:25:19 capture=on(0.02s) onAir=off
[timecode] 15:12:26:19 capture=on(0.03s) onAir=off
[timecode] 15:12:27:19 capture=on(0.01s) onAir=off
[timecode] 15:12:28:20 capture=on(0.02s) onAir=off
[timecode] 15:12:29:20 capture=on(0.03s) onAir=off
[timecode] 15:12:30:20 capture=on(0.00s) onAir=off
[timecode] 15:12:31:20 capture=on(0.01s) onAir=off
[timecode] 15:12:32:21 capture=on(0.02s) onAir=off
[timecode] 15:12:33:21 capture=on(0.03s) onAir=off
[timecode] 15:12:34:21 capture=on(0.01s) onAir=off
[timecode] 15:12:35:22 capture=on(0.02s) onAir=off
[timecode] 15:12:36:22 capture=on(0.03s) onAir=off
[timecode] 15:12:37:22 capture=on(0.00s) onAir=off
[timecode] 15:12:38:22 capture=on(0.01s) onAir=off
[timecode] 15:12:39:23 capture=on(0.02s) onAir=off
[timecode] 15:12:40:23 capture=on(0.03s) onAir=off
[timecode] 15:12:41:23 capture=on(0.00s) onAir=off
[timecode] 15:12:42:24 capture=on(0.02s) onAir=off
[timecode] 15:12:43:24 capture=on(0.03s) onAir=off
[timecode] 15:12:44:24 capture=on(0.00s) onAir=off
[timecode] 15:12:46:00 capture=on(0.01s) onAir=off
[timecode] 15:12:47:00 capture=on(0.03s) onAir=off
[timecode] 15:12:48:00 capture=on(0.04s) onAir=off
[timecode] 15:12:49:00 capture=on(0.01s) onAir=off
[timecode] 15:12:50:01 capture=on(0.02s) onAir=off
[timecode] 15:12:51:01 capture=on(0.03s) onAir=off
[timecode] 15:12:52:01 capture=on(0.00s) onAir=off
[timecode] 15:12:53:02 capture=on(0.02s) onAir=off
[timecode] 15:12:54:02 capture=on(0.03s) onAir=off
[timecode] 15:12:55:02 capture=on(0.00s) onAir=off
[timecode] 15:12:56:03 capture=on(0.01s) onAir=off
[timecode] 15:12:57:03 capture=on(0.03s) onAir=off
[timecode] 15:12:58:03 capture=on(0.03s) onAir=off
[timecode] 15:12:59:03 capture=on(0.01s) onAir=off
[timecode] 15:13:00:04 capture=on(0.02s) onAir=off
[timecode] 15:13:01:04 capture=on(0.03s) onAir=off
[timecode] 15:13:02:04 capture=on(0.04s) onAir=off
[timecode] 15:13:03:05 capture=on(0.01s) onAir=off
[timecode] 15:13:04:05 capture=on(0.03s) onAir=off
[timecode] 15:13:05:05 capture=on(0.04s) onAir=off
[timecode] 15:13:06:05 capture=on(0.01s) onAir=off
[timecode] 15:13:07:06 capture=on(0.02s) onAir=off
[timecode] 15:13:08:06 capture=on(0.03s) onAir=off
[timecode] 15:13:09:06 capture=on(0.00s) onAir=off
[timecode] 15:13:10:07 capture=on(0.01s) onAir=off
[timecode] 15:13:11:07 capture=on(0.03s) onAir=off
[timecode] 15:13:12:07 capture=on(0.04s) onAir=off
[timecode] 15:13:13:07 capture=on(0.01s) onAir=off
[timecode] 15:13:14:08 capture=on(0.02s) onAir=off
[timecode] 15:13:15:08 capture=on(0.04s) onAir=off
[timecode] 15:13:16:08 capture=on(0.01s) onAir=off
[timecode] 15:13:17:09 capture=on(0.02s) onAir=off
[timecode] 15:13:18:09 capture=on(0.03s) onAir=off
[timecode] 15:13:19:09 capture=on(0.04s) onAir=off
[timecode] 15:13:20:10 capture=on(0.01s) onAir=off
[timecode] 15:13:21:10 capture=on(0.02s) onAir=off
[timecode] 15:13:22:10 capture=on(0.03s) onAir=off
[timecode] 15:13:23:10 capture=on(0.01s) onAir=off
[timecode] 15:13:24:11 capture=on(0.02s) onAir=off
[timecode] 15:13:25:11 capture=on(0.03s) onAir=off
[timecode] 15:13:26:11 capture=on(0.03s) onAir=off
[timecode] 15:13:27:11 capture=on(0.01s) onAir=off
[timecode] 15:13:28:12 capture=on(0.02s) onAir=off
[timecode] 15:13:29:12 capture=on(0.02s) onAir=off
[timecode] 15:13:30:12 capture=on(0.03s) onAir=off
[timecode] 15:13:31:12 capture=on(0.01s) onAir=off
[timecode] 15:13:32:13 capture=on(0.01s) onAir=off
[timecode] 15:13:33:13 capture=on(0.03s) onAir=off
[timecode] 15:13:34:13 capture=on(0.00s) onAir=off
[timecode] 15:13:35:14 capture=on(0.01s) onAir=off
[timecode] 15:13:36:14 capture=on(0.02s) onAir=off
[timecode] 15:13:37:14 capture=on(0.04s) onAir=off
[timecode] 15:13:38:14 capture=on(0.01s) onAir=off
[timecode] 15:13:39:15 capture=on(0.02s) onAir=off
[timecode] 15:13:40:15 capture=on(0.03s) onAir=off
[timecode] 15:13:41:15 capture=on(0.01s) onAir=off
[timecode] 15:13:42:16 capture=on(0.02s) onAir=off
[timecode] 15:13:43:16 capture=on(0.03s) onAir=off
[timecode] 15:13:44:16 capture=on(0.00s) onAir=off
[timecode] 15:13:45:17 capture=on(0.02s) onAir=off
[timecode] 15:13:46:17 capture=on(0.03s) onAir=off
[timecode] 15:13:47:17 capture=on(0.03s) onAir=off
[timecode] 15:13:48:17 capture=on(0.03s) onAir=off
[timecode] 15:13:49:17 capture=on(0.00s) onAir=off
[timecode] 15:13:50:18 capture=on(0.01s) onAir=off
[timecode] 15:13:51:18 capture=on(0.03s) onAir=off
[timecode] 15:13:52:18 capture=on(0.00s) onAir=off
[timecode] 15:13:53:19 capture=on(0.01s) onAir=off
[timecode] 15:13:54:19 capture=on(0.03s) onAir=off
[timecode] 15:13:55:19 capture=on(0.03s) onAir=off
[timecode] 15:13:56:19 capture=on(0.00s) onAir=off
[timecode] 15:13:57:20 capture=on(0.01s) onAir=off
[timecode] 15:13:58:20 capture=on(0.02s) onAir=off
[timecode] 15:13:59:20 capture=on(0.03s) onAir=off
[timecode] 15:14:00:20 capture=on(0.00s) onAir=off
[timecode] 15:14:01:21 capture=on(0.01s) onAir=off
[timecode] 15:14:02:21 capture=on(0.02s) onAir=off
[timecode] 15:14:03:21 capture=on(0.03s) onAir=off
[timecode] 15:14:04:21 capture=on(0.01s) onAir=off
[timecode] 15:14:05:22 capture=on(0.02s) onAir=off
[timecode] 15:14:06:22 capture=on(0.03s) onAir=off
[timecode] 15:14:07:22 capture=on(0.00s) onAir=off
[timecode] 15:14:08:23 capture=on(0.01s) onAir=off
[timecode] 15:14:09:23 capture=on(0.02s) onAir=off
[timecode] 15:14:10:23 capture=on(0.03s) onAir=off
[timecode] 15:14:11:23 capture=on(0.00s) onAir=off
[timecode] 15:14:12:24 capture=on(0.01s) onAir=off
[timecode] 15:14:13:24 capture=on(0.02s) onAir=off
[timecode] 15:14:14:24 capture=on(0.04s) onAir=off
[timecode] 15:14:16:00 capture=on(0.01s) onAir=off
[timecode] 15:14:17:00 capture=on(0.02s) onAir=off
[timecode] 15:14:18:00 capture=on(0.03s) onAir=off
[timecode] 15:14:19:00 capture=on(0.01s) onAir=off
[timecode] 15:14:20:01 capture=on(0.02s) onAir=off
[timecode] 15:14:21:01 capture=on(0.03s) onAir=off
[timecode] 15:14:22:01 capture=on(0.04s) onAir=off
[timecode] 15:14:23:02 capture=on(0.01s) onAir=off
[timecode] 15:14:24:02 capture=on(0.02s) onAir=off
[timecode] 15:14:25:02 capture=on(0.04s) onAir=off
[timecode] 15:14:26:03 capture=on(0.01s) onAir=off
[timecode] 15:14:27:03 capture=on(0.01s) onAir=off
[timecode] 15:14:28:03 capture=on(0.02s) onAir=off
[timecode] 15:14:29:03 capture=on(0.03s) onAir=off
[timecode] 15:14:30:04 capture=on(0.01s) onAir=off
[timecode] 15:14:31:04 capture=on(0.02s) onAir=off
[timecode] 15:14:32:04 capture=on(0.03s) onAir=off
[timecode] 15:14:33:04 capture=on(0.00s) onAir=off
[timecode] 15:14:34:05 capture=on(0.01s) onAir=off
[timecode] 15:14:35:05 capture=on(0.02s) onAir=off
[timecode] 15:14:36:05 capture=on(0.03s) onAir=off
[timecode] 15:14:37:05 capture=on(0.04s) onAir=off
[timecode] 15:14:38:05 capture=on(0.00s) onAir=off
[timecode] 15:14:39:06 capture=on(0.01s) onAir=off
[timecode] 15:14:40:06 capture=on(0.02s) onAir=off
[timecode] 15:14:41:06 capture=on(0.03s) onAir=off
[timecode] 15:14:42:07 capture=on(0.01s) onAir=off
[timecode] 15:14:43:07 capture=on(0.02s) onAir=off
[timecode] 15:14:44:07 capture=on(0.02s) onAir=off
[timecode] 15:14:45:07 capture=on(0.03s) onAir=off
[timecode] 15:14:46:07 capture=on(0.00s) onAir=off
[timecode] 15:14:47:08 capture=on(0.01s) onAir=off
[timecode] 15:14:48:08 capture=on(0.03s) onAir=off
[timecode] 15:14:49:08 capture=on(0.03s) onAir=off
[timecode] 15:14:50:09 capture=on(0.01s) onAir=off
[timecode] 15:14:51:09 capture=on(0.01s) onAir=off
[timecode] 15:14:52:09 capture=on(0.02s) onAir=off
[timecode] 15:14:53:09 capture=on(0.02s) onAir=off
[timecode] 15:14:54:09 capture=on(0.04s) onAir=off
[timecode] 15:14:55:10 capture=on(0.01s) onAir=off
[timecode] 15:14:56:10 capture=on(0.02s) onAir=off
[timecode] 15:14:57:10 capture=on(0.03s) onAir=off
[timecode] 15:14:58:10 capture=on(0.03s) onAir=off
[timecode] 15:14:59:10 capture=on(0.04s) onAir=off
[timecode] 15:15:00:11 capture=on(0.01s) onAir=off
[timecode] 15:15:01:11 capture=on(0.02s) onAir=off
[timecode] 15:15:02:11 capture=on(0.03s) onAir=off
[timecode] 15:15:03:12 capture=on(0.01s) onAir=off
[timecode] 15:15:04:12 capture=on(0.01s) onAir=off
[timecode] 15:15:05:12 capture=on(0.01s) onAir=off
[timecode] 15:15:06:12 capture=on(0.03s) onAir=off
[timecode] 15:15:07:12 capture=on(0.00s) onAir=off
[timecode] 15:15:08:13 capture=on(0.02s) onAir=off
[timecode] 15:15:09:13 capture=on(0.03s) onAir=off
[timecode] 15:15:10:13 capture=on(0.03s) onAir=off
[timecode] 15:15:11:13 capture=on(0.04s) onAir=off
[timecode] 15:15:12:13 capture=on(0.00s) onAir=off
[timecode] 15:15:13:14 capture=on(0.02s) onAir=off
[timecode] 15:15:14:14 capture=on(0.03s) onAir=off
[timecode] 15:15:15:14 capture=on(0.03s) onAir=off
[timecode] 15:15:16:14 capture=on(0.00s) onAir=off
[timecode] 15:15:17:15 capture=on(0.02s) onAir=off
[timecode] 15:15:18:15 capture=on(0.03s) onAir=off
[timecode] 15:15:19:15 capture=on(0.00s) onAir=off
[timecode] 15:15:20:16 capture=on(0.01s) onAir=off
[timecode] 15:15:21:16 capture=on(0.02s) onAir=off
[timecode] 15:15:22:16 capture=on(0.03s) onAir=off
[timecode] 15:15:23:17 capture=on(0.01s) onAir=off
[timecode] 15:15:24:17 capture=on(0.02s) onAir=off
[timecode] 15:15:25:17 capture=on(0.03s) onAir=off
[timecode] 15:15:26:17 capture=on(0.03s) onAir=off
[timecode] 15:15:27:17 capture=on(0.00s) onAir=off
[timecode] 15:15:28:18 capture=on(0.02s) onAir=off
[timecode] 15:15:29:18 capture=on(0.03s) onAir=off
[timecode] 15:15:30:18 capture=on(0.04s) onAir=off
[timecode] 15:15:31:18 capture=on(0.04s) onAir=off
[timecode] 15:15:32:19 capture=on(0.01s) onAir=off
[timecode] 15:15:33:19 capture=on(0.02s) onAir=off
[timecode] 15:15:34:19 capture=on(0.04s) onAir=off
[timecode] 15:15:35:20 capture=on(0.01s) onAir=off
[timecode] 15:15:36:20 capture=on(0.02s) onAir=off
[timecode] 15:15:37:20 capture=on(0.03s) onAir=off
[timecode] 15:15:38:20 capture=on(0.04s) onAir=off
[timecode] 15:15:39:21 capture=on(0.01s) onAir=off
[timecode] 15:15:40:21 capture=on(0.01s) onAir=off
[timecode] 15:15:41:21 capture=on(0.02s) onAir=off
[timecode] 15:15:42:21 capture=on(0.02s) onAir=off
[timecode] 15:15:43:21 capture=on(0.03s) onAir=off
[timecode] 15:15:44:21 capture=on(0.04s) onAir=off
[timecode] 15:15:45:22 capture=on(0.01s) onAir=off
[timecode] 15:15:46:22 capture=on(0.02s) onAir=off
[timecode] 15:15:47:22 capture=on(0.03s) onAir=off
[timecode] 15:15:48:22 capture=on(0.04s) onAir=off
[timecode] 15:15:49:22 capture=on(0.04s) onAir=off
[timecode] 15:15:50:23 capture=on(0.01s) onAir=off
[timecode] 15:15:51:23 capture=on(0.01s) onAir=off
[timecode] 15:15:52:23 capture=on(0.03s) onAir=off
[timecode] 15:15:53:23 capture=on(0.03s) onAir=off
[timecode] 15:15:54:23 capture=on(0.03s) onAir=off
[timecode] 15:15:55:24 capture=on(0.00s) onAir=off
[timecode] 15:15:56:24 capture=on(0.02s) onAir=off
[timecode] 15:15:57:24 capture=on(0.03s) onAir=off
[timecode] 15:15:58:24 capture=on(0.04s) onAir=off
[timecode] 15:16:00:00 capture=on(0.01s) onAir=off
[timecode] 15:16:01:00 capture=on(0.01s) onAir=off
[timecode] 15:16:02:00 capture=on(0.02s) onAir=off
[timecode] 15:16:03:00 capture=on(0.03s) onAir=off
[timecode] 15:16:04:00 capture=on(0.04s) onAir=off
[timecode] 15:16:05:01 capture=on(0.01s) onAir=off
[timecode] 15:16:06:01 capture=on(0.02s) onAir=off
[timecode] 15:16:07:01 capture=on(0.02s) onAir=off
[timecode] 15:16:08:01 capture=on(0.03s) onAir=off
[timecode] 15:16:09:02 capture=on(0.00s) onAir=off
[timecode] 15:16:10:02 capture=on(0.02s) onAir=off
[timecode] 15:16:11:02 capture=on(0.02s) onAir=off
[timecode] 15:16:12:02 capture=on(0.04s) onAir=off
[timecode] 15:16:13:03 capture=on(0.01s) onAir=off
[timecode] 15:16:14:03 capture=on(0.01s) onAir=off
[timecode] 15:16:15:03 capture=on(0.01s) onAir=off
[timecode] 15:16:16:03 capture=on(0.03s) onAir=off
[timecode] 15:16:17:04 capture=on(0.00s) onAir=off
[timecode] 15:16:18:04 capture=on(0.01s) onAir=off
[timecode] 15:16:19:04 capture=on(0.03s) onAir=off
[timecode] 15:16:20:05 capture=on(0.00s) onAir=off
[timecode] 15:16:21:05 capture=on(0.01s) onAir=off
[timecode] 15:16:22:05 capture=on(0.02s) onAir=off
[timecode] 15:16:23:05 capture=on(0.03s) onAir=off
[timecode] 15:16:24:05 capture=on(0.04s) onAir=off
[timecode] 15:16:25:06 capture=on(0.01s) onAir=off
[timecode] 15:16:26:06 capture=on(0.01s) onAir=off
[timecode] 15:16:27:06 capture=on(0.02s) onAir=off
[timecode] 15:16:28:06 capture=on(0.04s) onAir=off
[timecode] 15:16:29:07 capture=on(0.00s) onAir=off
[timecode] 15:16:30:07 capture=on(0.02s) onAir=off
[timecode] 15:16:31:07 capture=on(0.03s) onAir=off
[timecode] 15:16:32:08 capture=on(0.00s) onAir=off
[timecode] 15:16:33:08 capture=on(0.02s) onAir=off
[timecode] 15:16:34:08 capture=on(0.03s) onAir=off
[timecode] 15:16:35:09 capture=on(0.04s) onAir=off
[timecode] 15:16:36:09 capture=on(0.01s) onAir=off
[timecode] 15:16:37:09 capture=on(0.02s) onAir=off
[timecode] 15:16:38:09 capture=on(0.02s) onAir=off
[timecode] 15:16:39:09 capture=on(0.03s) onAir=off
[timecode] 15:16:40:10 capture=on(0.00s) onAir=off
[timecode] 15:16:41:10 capture=on(0.02s) onAir=off
[timecode] 15:16:42:10 capture=on(0.03s) onAir=off
[timecode] 15:16:43:11 capture=on(0.00s) onAir=off
[timecode] 15:16:44:11 capture=on(0.01s) onAir=off
[timecode] 15:16:45:11 capture=on(0.02s) onAir=off
[timecode] 15:16:46:11 capture=on(0.03s) onAir=off
[timecode] 15:16:47:11 capture=on(0.04s) onAir=off
[timecode] 15:16:48:12 capture=on(0.04s) onAir=off
[timecode] 15:16:49:12 capture=on(0.01s) onAir=off
[timecode] 15:16:50:12 capture=on(0.02s) onAir=off
[timecode] 15:16:51:12 capture=on(0.04s) onAir=off
[timecode] 15:16:52:13 capture=on(0.01s) onAir=off
[timecode] 15:16:53:13 capture=on(0.02s) onAir=off
[timecode] 15:16:54:13 capture=on(0.02s) onAir=off
[timecode] 15:16:55:13 capture=on(0.03s) onAir=off
[timecode] 15:16:56:13 capture=on(0.03s) onAir=off
[timecode] 15:16:57:14 capture=on(0.01s) onAir=off
[timecode] 15:16:58:14 capture=on(0.02s) onAir=off
[timecode] 15:16:59:15 capture=on(0.04s) onAir=off
[timecode] 15:17:00:15 capture=on(0.01s) onAir=off
[timecode] 15:17:01:15 capture=on(0.02s) onAir=off
[timecode] 15:17:02:15 capture=on(0.02s) onAir=off
[timecode] 15:17:03:15 capture=on(0.02s) onAir=off
[timecode] 15:17:04:15 capture=on(0.04s) onAir=off
[timecode] 15:17:05:16 capture=on(0.01s) onAir=off
[timecode] 15:17:06:16 capture=on(0.02s) onAir=off
[timecode] 15:17:07:16 capture=on(0.03s) onAir=off
[timecode] 15:17:08:17 capture=on(0.00s) onAir=off
[timecode] 15:17:09:17 capture=on(0.01s) onAir=off
[timecode] 15:17:10:17 capture=on(0.02s) onAir=off
[timecode] 15:17:11:17 capture=on(0.03s) onAir=off
[timecode] 15:17:12:18 capture=on(0.00s) onAir=off
[timecode] 15:17:13:18 capture=on(0.01s) onAir=off
[timecode] 15:17:14:18 capture=on(0.02s) onAir=off
[timecode] 15:17:15:18 capture=on(0.03s) onAir=off
[timecode] 15:17:16:19 capture=on(0.01s) onAir=off
[timecode] 15:17:17:19 capture=on(0.02s) onAir=off
[timecode] 15:17:18:19 capture=on(0.03s) onAir=off
[timecode] 15:17:19:20 capture=on(0.00s) onAir=off
[timecode] 15:17:20:20 capture=on(0.01s) onAir=off
[timecode] 15:17:21:20 capture=on(0.03s) onAir=off
[timecode] 15:17:22:21 capture=on(0.00s) onAir=off
[timecode] 15:17:23:21 capture=on(0.01s) onAir=off
[timecode] 15:17:24:21 capture=on(0.02s) onAir=off
[timecode] 15:17:25:21 capture=on(0.03s) onAir=off
[timecode] 15:17:26:22 capture=on(0.00s) onAir=off
[timecode] 15:17:27:22 capture=on(0.01s) onAir=off
[timecode] 15:17:28:22 capture=on(0.02s) onAir=off
[timecode] 15:17:29:22 capture=on(0.03s) onAir=off
[timecode] 15:17:30:23 capture=on(0.03s) onAir=off
[timecode] 15:17:31:23 capture=on(0.01s) onAir=off
[timecode] 15:17:32:23 capture=on(0.02s) onAir=off
[timecode] 15:17:33:23 capture=on(0.02s) onAir=off
[timecode] 15:17:34:23 capture=on(0.03s) onAir=off
[timecode] 15:17:35:24 capture=on(0.00s) onAir=off
[timecode] 15:17:36:24 capture=on(0.01s) onAir=off
[timecode] 15:17:37:24 capture=on(0.01s) onAir=off
[timecode] 15:17:38:24 capture=on(0.03s) onAir=off
[timecode] 15:17:39:24 capture=on(0.03s) onAir=off
[timecode] 15:17:41:00 capture=on(0.00s) onAir=off
[timecode] 15:17:42:00 capture=on(0.02s) onAir=off
[timecode] 15:17:43:00 capture=on(0.03s) onAir=off
[timecode] 15:17:44:01 capture=on(0.01s) onAir=off
[timecode] 15:17:45:01 capture=on(0.02s) onAir=off
[timecode] 15:17:46:01 capture=on(0.03s) onAir=off
[timecode] 15:17:47:02 capture=on(0.00s) onAir=off
[timecode] 15:17:48:02 capture=on(0.01s) onAir=off
[timecode] 15:17:49:02 capture=on(0.03s) onAir=off
[timecode] 15:17:50:02 capture=on(0.03s) onAir=off
[timecode] 15:17:51:03 capture=on(0.04s) onAir=off
[timecode] 15:17:52:03 capture=on(0.01s) onAir=off
[timecode] 15:17:53:03 capture=on(0.01s) onAir=off
[timecode] 15:17:54:03 capture=on(0.03s) onAir=off
[timecode] 15:17:55:04 capture=on(0.00s) onAir=off
[timecode] 15:17:56:04 capture=on(0.00s) onAir=off
[timecode] 15:17:57:04 capture=on(0.01s) onAir=off
[timecode] 15:17:58:04 capture=on(0.02s) onAir=off
[timecode] 15:17:59:05 capture=on(0.00s) onAir=off
[timecode] 15:18:00:05 capture=on(0.01s) onAir=off
[timecode] 15:18:01:05 capture=on(0.02s) onAir=off
[timecode] 15:18:02:06 capture=on(0.03s) onAir=off
[timecode] 15:18:03:06 capture=on(0.01s) onAir=off
[timecode] 15:18:04:06 capture=on(0.01s) onAir=off
[timecode] 15:18:05:06 capture=on(0.03s) onAir=off
[timecode] 15:18:06:06 capture=on(0.03s) onAir=off
[timecode] 15:18:07:07 capture=on(0.00s) onAir=off
[timecode] 15:18:08:07 capture=on(0.01s) onAir=off
[timecode] 15:18:09:07 capture=on(0.02s) onAir=off
[timecode] 15:18:10:07 capture=on(0.03s) onAir=off
[timecode] 15:18:11:08 capture=on(0.01s) onAir=off
[timecode] 15:18:12:08 capture=on(0.02s) onAir=off
[timecode] 15:18:13:08 capture=on(0.03s) onAir=off
[timecode] 15:18:14:09 capture=on(0.00s) onAir=off
[timecode] 15:18:15:09 capture=on(0.01s) onAir=off
[timecode] 15:18:16:09 capture=on(0.02s) onAir=off
[timecode] 15:18:17:09 capture=on(0.03s) onAir=off
[timecode] 15:18:18:10 capture=on(0.00s) onAir=off
[timecode] 15:18:19:10 capture=on(0.02s) onAir=off
[timecode] 15:18:20:10 capture=on(0.02s) onAir=off
[timecode] 15:18:21:11 capture=on(0.03s) onAir=off
[timecode] 15:18:22:11 capture=on(0.00s) onAir=off
[timecode] 15:18:23:11 capture=on(0.01s) onAir=off
[timecode] 15:18:24:11 capture=on(0.02s) onAir=off
[timecode] 15:18:25:12 capture=on(0.04s) onAir=off
[timecode] 15:18:26:12 capture=on(0.01s) onAir=off
[timecode] 15:18:27:12 capture=on(0.02s) onAir=off
[timecode] 15:18:28:12 capture=on(0.02s) onAir=off
[timecode] 15:18:29:13 capture=on(0.04s) onAir=off
[timecode] 15:18:30:13 capture=on(0.01s) onAir=off
[timecode] 15:18:31:13 capture=on(0.02s) onAir=off
[timecode] 15:18:32:14 capture=on(0.04s) onAir=off
[timecode] 15:18:33:14 capture=on(0.01s) onAir=off
[timecode] 15:18:34:14 capture=on(0.02s) onAir=off
[timecode] 15:18:35:15 capture=on(0.03s) onAir=off
[timecode] 15:18:36:15 capture=on(0.03s) onAir=off
[timecode] 15:18:37:15 capture=on(0.00s) onAir=off
[timecode] 15:18:38:15 capture=on(0.01s) onAir=off
[timecode] 15:18:39:15 capture=on(0.02s) onAir=off
[timecode] 15:18:40:15 capture=on(0.03s) onAir=off
[timecode] 15:18:41:16 capture=on(0.04s) onAir=off
[timecode] 15:18:42:16 capture=on(0.01s) onAir=off
[timecode] 15:18:43:16 capture=on(0.03s) onAir=off
[timecode] 15:18:44:17 capture=on(0.04s) onAir=off
[timecode] 15:18:45:17 capture=on(0.01s) onAir=off
[timecode] 15:18:46:17 capture=on(0.02s) onAir=off
[timecode] 15:18:47:17 capture=on(0.02s) onAir=off
[timecode] 15:18:48:18 capture=on(0.04s) onAir=off
[timecode] 15:18:49:18 capture=on(0.01s) onAir=off
[timecode] 15:18:50:18 capture=on(0.02s) onAir=off
[timecode] 15:18:51:19 capture=on(0.03s) onAir=off
[timecode] 15:18:52:19 capture=on(0.00s) onAir=off
[timecode] 15:18:53:19 capture=on(0.01s) onAir=off
[timecode] 15:18:54:19 capture=on(0.02s) onAir=off
[timecode] 15:18:55:20 capture=on(0.04s) onAir=off
[timecode] 15:18:56:20 capture=on(0.00s) onAir=off
[timecode] 15:18:57:20 capture=on(0.02s) onAir=off
[timecode] 15:18:58:20 capture=on(0.03s) onAir=off
[timecode] 15:18:59:21 capture=on(0.04s) onAir=off
[timecode] 15:19:00:21 capture=on(0.01s) onAir=off
[timecode] 15:19:01:21 capture=on(0.02s) onAir=off
[timecode] 15:19:02:22 capture=on(0.03s) onAir=off
[timecode] 15:19:03:22 capture=on(0.00s) onAir=off
[timecode] 15:19:04:22 capture=on(0.01s) onAir=off
[timecode] 15:19:05:22 capture=on(0.03s) onAir=off
[timecode] 15:19:06:23 capture=on(0.03s) onAir=off
[timecode] 15:19:07:23 capture=on(0.00s) onAir=off
[timecode] 15:19:08:23 capture=on(0.01s) onAir=off
[timecode] 15:19:09:23 capture=on(0.03s) onAir=off
[timecode] 15:19:10:24 capture=on(0.04s) onAir=off
[timecode] 15:19:11:24 capture=on(0.01s) onAir=off
[timecode] 15:19:12:24 capture=on(0.02s) onAir=off
[timecode] 15:19:13:24 capture=on(0.03s) onAir=off
[timecode] 15:19:15:00 capture=on(0.03s) onAir=off
[timecode] 15:19:16:00 capture=on(0.04s) onAir=off
[timecode] 15:19:17:00 capture=on(0.01s) onAir=off
[timecode] 15:19:18:00 capture=on(0.02s) onAir=off
[timecode] 15:19:19:01 capture=on(0.03s) onAir=off
[timecode] 15:19:20:01 capture=on(0.00s) onAir=off
[timecode] 15:19:21:01 capture=on(0.01s) onAir=off
[timecode] 15:19:22:01 capture=on(0.02s) onAir=off
[timecode] 15:19:23:02 capture=on(0.03s) onAir=off
[timecode] 15:19:24:02 capture=on(0.04s) onAir=off
[timecode] 15:19:25:02 capture=on(0.04s) onAir=off
[timecode] 15:19:26:02 capture=on(0.01s) onAir=off
[timecode] 15:19:27:02 capture=on(0.02s) onAir=off
[timecode] 15:19:28:03 capture=on(0.03s) onAir=off
[timecode] 15:19:29:03 capture=on(0.04s) onAir=off
[timecode] 15:19:30:03 capture=on(0.01s) onAir=off
[timecode] 15:19:31:03 capture=on(0.02s) onAir=off
[timecode] 15:19:32:04 capture=on(0.03s) onAir=off
[timecode] 15:19:33:04 capture=on(0.00s) onAir=off
[timecode] 15:19:34:04 capture=on(0.01s) onAir=off
[timecode] 15:19:35:04 capture=on(0.02s) onAir=off
[timecode] 15:19:36:05 capture=on(0.04s) onAir=off
[timecode] 15:19:37:05 capture=on(0.01s) onAir=off
[timecode] 15:19:38:05 capture=on(0.02s) onAir=off
[timecode] 15:19:39:06 capture=on(0.03s) onAir=off
[timecode] 15:19:40:06 capture=on(0.00s) onAir=off
[timecode] 15:19:41:06 capture=on(0.01s) onAir=off
[timecode] 15:19:42:06 capture=on(0.01s) onAir=off
[timecode] 15:19:43:06 capture=on(0.01s) onAir=off
[timecode] 15:19:44:06 capture=on(0.02s) onAir=off
[timecode] 15:19:45:07 capture=on(0.03s) onAir=off
[timecode] 15:19:46:07 capture=on(0.00s) onAir=off
[timecode] 15:19:47:07 capture=on(0.01s) onAir=off
[timecode] 15:19:48:08 capture=on(0.03s) onAir=off
[timecode] 15:19:49:08 capture=on(0.04s) onAir=off
[timecode] 15:19:50:08 capture=on(0.01s) onAir=off
[timecode] 15:19:51:08 capture=on(0.02s) onAir=off
[timecode] 15:19:52:08 capture=on(0.02s) onAir=off
[timecode] 15:19:53:09 capture=on(0.04s) onAir=off
[timecode] 15:19:54:09 capture=on(0.01s) onAir=off
[timecode] 15:19:55:09 capture=on(0.02s) onAir=off
[timecode] 15:19:56:09 capture=on(0.02s) onAir=off
[timecode] 15:19:57:10 capture=on(0.02s) onAir=off
[timecode] 15:19:58:10 capture=on(0.03s) onAir=off
[timecode] 15:19:59:10 capture=on(0.04s) onAir=off
[timecode] 15:20:00:10 capture=on(0.00s) onAir=off
[timecode] 15:20:01:10 capture=on(0.01s) onAir=off
[timecode] 15:20:02:10 capture=on(0.02s) onAir=off
[timecode] 15:20:03:11 capture=on(0.03s) onAir=off
[timecode] 15:20:04:11 capture=on(0.00s) onAir=off
[timecode] 15:20:05:11 capture=on(0.02s) onAir=off
[timecode] 15:20:06:11 capture=on(0.02s) onAir=off
[timecode] 15:20:07:12 capture=on(0.03s) onAir=off
[timecode] 15:20:08:12 capture=on(0.03s) onAir=off
[timecode] 15:20:09:12 capture=on(0.00s) onAir=off
[timecode] 15:20:10:12 capture=on(0.01s) onAir=off
[timecode] 15:20:11:12 capture=on(0.02s) onAir=off
[timecode] 15:20:12:12 capture=on(0.02s) onAir=off
[timecode] 15:20:13:13 capture=on(0.03s) onAir=off
[timecode] 15:20:14:13 capture=on(0.00s) onAir=off
[timecode] 15:20:15:13 capture=on(0.01s) onAir=off
[timecode] 15:20:16:13 capture=on(0.02s) onAir=off
[timecode] 15:20:17:14 capture=on(0.03s) onAir=off
[timecode] 15:20:18:14 capture=on(0.00s) onAir=off
[timecode] 15:20:19:14 capture=on(0.01s) onAir=off
[timecode] 15:20:20:15 capture=on(0.03s) onAir=off
[timecode] 15:20:21:15 capture=on(0.00s) onAir=off
[timecode] 15:20:22:15 capture=on(0.00s) onAir=off
[timecode] 15:20:23:15 capture=on(0.02s) onAir=off
[timecode] 15:20:24:15 capture=on(0.02s) onAir=off
[timecode] 15:20:25:16 capture=on(0.03s) onAir=off
[timecode] 15:20:26:16 capture=on(0.01s) onAir=off
[timecode] 15:20:27:16 capture=on(0.02s) onAir=off
[timecode] 15:20:28:17 capture=on(0.03s) onAir=off
[timecode] 15:20:29:17 capture=on(0.03s) onAir=off
[timecode] 15:20:30:17 capture=on(0.00s) onAir=off
[timecode] 15:20:31:17 capture=on(0.02s) onAir=off
[timecode] 15:20:32:18 capture=on(0.03s) onAir=off
[timecode] 15:20:33:18 capture=on(0.03s) onAir=off
[timecode] 15:20:34:18 capture=on(0.04s) onAir=off
[timecode] 15:20:35:18 capture=on(0.01s) onAir=off
[timecode] 15:20:36:18 capture=on(0.02s) onAir=off
[timecode] 15:20:37:19 capture=on(0.03s) onAir=off
[timecode] 15:20:38:19 capture=on(0.00s) onAir=off
[timecode] 15:20:39:19 capture=on(0.02s) onAir=off
[timecode] 15:20:40:20 capture=on(0.03s) onAir=off
[timecode] 15:20:41:20 capture=on(0.04s) onAir=off
[timecode] 15:20:42:20 capture=on(0.04s) onAir=off
[timecode] 15:20:43:20 capture=on(0.00s) onAir=off
[timecode] 15:20:44:20 capture=on(0.00s) onAir=off
[timecode] 15:20:45:20 capture=on(0.01s) onAir=off
[timecode] 15:20:46:20 capture=on(0.02s) onAir=off
[timecode] 15:20:47:20 capture=on(0.02s) onAir=off
[timecode] 15:20:48:21 capture=on(0.03s) onAir=off
[timecode] 15:20:49:21 capture=on(0.03s) onAir=off
[timecode] 15:20:50:21 capture=on(0.04s) onAir=off
[timecode] 15:20:51:21 capture=on(0.01s) onAir=off
[timecode] 15:20:52:21 capture=on(0.01s) onAir=off
[timecode] 15:20:53:22 capture=on(0.03s) onAir=off
[timecode] 15:20:54:22 capture=on(0.00s) onAir=off
[timecode] 15:20:55:22 capture=on(0.01s) onAir=off
[timecode] 15:20:56:23 capture=on(0.03s) onAir=off
[timecode] 15:20:57:23 capture=on(0.00s) onAir=off
[timecode] 15:20:58:23 capture=on(0.02s) onAir=off
[timecode] 15:20:59:23 capture=on(0.02s) onAir=off
[timecode] 15:21:00:24 capture=on(0.03s) onAir=off
[timecode] 15:21:01:24 capture=on(0.04s) onAir=off
[timecode] 15:21:02:24 capture=on(0.00s) onAir=off
[timecode] 15:21:03:24 capture=on(0.01s) onAir=off
[timecode] 15:21:05:00 capture=on(0.02s) onAir=off
[timecode] 15:21:06:00 capture=on(0.04s) onAir=off
[timecode] 15:21:07:00 capture=on(0.04s) onAir=off
[timecode] 15:21:08:00 capture=on(0.01s) onAir=off
[timecode] 15:21:09:01 capture=on(0.02s) onAir=off
[timecode] 15:21:10:01 capture=on(0.03s) onAir=off
[timecode] 15:21:11:01 capture=on(0.01s) onAir=off
[timecode] 15:21:12:01 capture=on(0.01s) onAir=off
[timecode] 15:21:13:02 capture=on(0.03s) onAir=off
[timecode] 15:21:14:02 capture=on(0.00s) onAir=off
[timecode] 15:21:15:02 capture=on(0.01s) onAir=off
[timecode] 15:21:16:03 capture=on(0.03s) onAir=off
[timecode] 15:21:17:03 capture=on(0.04s) onAir=off
[timecode] 15:21:18:03 capture=on(0.01s) onAir=off
[timecode] 15:21:19:04 capture=on(0.02s) onAir=off
[timecode] 15:21:20:04 capture=on(0.02s) onAir=off
[timecode] 15:21:21:04 capture=on(0.03s) onAir=off
[timecode] 15:21:22:04 capture=on(0.04s) onAir=off
[timecode] 15:21:23:04 capture=on(0.01s) onAir=off
[timecode] 15:21:24:05 capture=on(0.02s) onAir=off
[timecode] 15:21:25:05 capture=on(0.03s) onAir=off
[timecode] 15:21:26:05 capture=on(0.00s) onAir=off
[timecode] 15:21:27:05 capture=on(0.01s) onAir=off
[timecode] 15:21:28:05 capture=on(0.01s) onAir=off
[timecode] 15:21:29:06 capture=on(0.03s) onAir=off
[timecode] 15:21:30:06 capture=on(0.03s) onAir=off
[timecode] 15:21:31:06 capture=on(0.00s) onAir=off
[timecode] 15:21:32:06 capture=on(0.01s) onAir=off
[timecode] 15:21:33:07 capture=on(0.02s) onAir=off
[timecode] 15:21:34:07 capture=on(0.02s) onAir=off
[timecode] 15:21:35:07 capture=on(0.03s) onAir=off
[timecode] 15:21:36:07 capture=on(0.00s) onAir=off
[timecode] 15:21:37:07 capture=on(0.01s) onAir=off
[timecode] 15:21:38:07 capture=on(0.01s) onAir=off
[timecode] 15:21:39:08 capture=on(0.02s) onAir=off
[timecode] 15:21:40:08 capture=on(0.03s) onAir=off
[timecode] 15:21:41:08 capture=on(0.01s) onAir=off
[timecode] 15:21:42:09 capture=on(0.02s) onAir=off
[timecode] 15:21:43:09 capture=on(0.03s) onAir=off
[timecode] 15:21:44:09 capture=on(0.00s) onAir=off
[timecode] 15:21:45:09 capture=on(0.01s) onAir=off
[timecode] 15:21:46:10 capture=on(0.03s) onAir=off
[timecode] 15:21:47:10 capture=on(0.04s) onAir=off
[timecode] 15:21:48:10 capture=on(0.01s) onAir=off
[timecode] 15:21:49:11 capture=on(0.02s) onAir=off
[timecode] 15:21:50:11 capture=on(0.03s) onAir=off
[timecode] 15:21:51:11 capture=on(0.00s) onAir=off
[timecode] 15:21:52:11 capture=on(0.01s) onAir=off
[timecode] 15:21:53:12 capture=on(0.02s) onAir=off
[timecode] 15:21:54:12 capture=on(0.04s) onAir=off
[timecode] 15:21:55:12 capture=on(0.01s) onAir=off
[timecode] 15:21:56:13 capture=on(0.02s) onAir=off
[timecode] 15:21:57:13 capture=on(0.03s) onAir=off
[timecode] 15:21:58:13 capture=on(0.00s) onAir=off
[timecode] 15:21:59:13 capture=on(0.01s) onAir=off
[timecode] 15:22:00:14 capture=on(0.02s) onAir=off
[timecode] 15:22:01:14 capture=on(0.04s) onAir=off
[timecode] 15:22:02:14 capture=on(0.01s) onAir=off
[timecode] 15:22:03:15 capture=on(0.02s) onAir=off
[timecode] 15:22:04:15 capture=on(0.03s) onAir=off
[timecode] 15:22:05:15 capture=on(0.00s) onAir=off
[timecode] 15:22:06:15 capture=on(0.01s) onAir=off
[timecode] 15:22:07:16 capture=on(0.03s) onAir=off
[timecode] 15:22:08:16 capture=on(0.04s) onAir=off
[timecode] 15:22:09:16 capture=on(0.01s) onAir=off
[timecode] 15:22:10:17 capture=on(0.02s) onAir=off
[timecode] 15:22:11:17 capture=on(0.03s) onAir=off
[timecode] 15:22:12:17 capture=on(0.00s) onAir=off
[timecode] 15:22:13:17 capture=on(0.01s) onAir=off
[timecode] 15:22:14:18 capture=on(0.02s) onAir=off
[timecode] 15:22:15:18 capture=on(0.03s) onAir=off
[timecode] 15:22:16:18 capture=on(0.00s) onAir=off
[timecode] 15:22:17:18 capture=on(0.01s) onAir=off
[timecode] 15:22:18:19 capture=on(0.02s) onAir=off
[timecode] 15:22:19:19 capture=on(0.04s) onAir=off
[timecode] 15:22:20:19 capture=on(0.04s) onAir=off
[timecode] 15:22:21:19 capture=on(0.01s) onAir=off
[timecode] 15:22:22:20 capture=on(0.02s) onAir=off
[timecode] 15:22:23:20 capture=on(0.04s) onAir=off
[timecode] 15:22:24:20 capture=on(0.00s) onAir=off
[timecode] 15:22:25:21 capture=on(0.02s) onAir=off
[timecode] 15:22:26:21 capture=on(0.03s) onAir=off
[timecode] 15:22:27:21 capture=on(0.00s) onAir=off
[timecode] 15:22:28:21 capture=on(0.01s) onAir=off
[timecode] 15:22:29:22 capture=on(0.02s) onAir=off
[timecode] 15:22:30:22 capture=on(0.03s) onAir=off
[timecode] 15:22:31:22 capture=on(0.00s) onAir=off
[timecode] 15:22:32:22 capture=on(0.01s) onAir=off
[timecode] 15:22:33:23 capture=on(0.02s) onAir=off
[timecode] 15:22:34:23 capture=on(0.03s) onAir=off
[timecode] 15:22:35:23 capture=on(0.01s) onAir=off
[timecode] 15:22:36:24 capture=on(0.02s) onAir=off
[timecode] 15:22:37:24 capture=on(0.03s) onAir=off
[timecode] 15:22:38:24 capture=on(0.00s) onAir=off
[timecode] 15:22:39:24 capture=on(0.01s) onAir=off
[timecode] 15:22:41:00 capture=on(0.03s) onAir=off
[timecode] 15:22:42:00 capture=on(0.00s) onAir=off
[timecode] 15:22:43:00 capture=on(0.00s) onAir=off
[timecode] 15:22:44:01 capture=on(0.02s) onAir=off
[timecode] 15:22:45:01 capture=on(0.03s) onAir=off
[timecode] 15:22:46:01 capture=on(0.04s) onAir=off
[timecode] 15:22:47:01 capture=on(0.01s) onAir=off
[timecode] 15:22:48:02 capture=on(0.02s) onAir=off
[timecode] 15:22:49:02 capture=on(0.03s) onAir=off
[timecode] 15:22:50:02 capture=on(0.00s) onAir=off
[timecode] 15:22:51:02 capture=on(0.01s) onAir=off
[timecode] 15:22:52:03 capture=on(0.02s) onAir=off
[timecode] 15:22:53:03 capture=on(0.03s) onAir=off
[timecode] 15:22:54:03 capture=on(0.04s) onAir=off
[timecode] 15:22:55:03 capture=on(0.00s) onAir=off
[timecode] 15:22:56:03 capture=on(0.01s) onAir=off
[timecode] 15:22:57:04 capture=on(0.02s) onAir=off
[timecode] 15:22:58:04 capture=on(0.03s) onAir=off
[timecode] 15:22:59:04 capture=on(0.00s) onAir=off
[timecode] 15:23:00:04 capture=on(0.01s) onAir=off
[timecode] 15:23:01:05 capture=on(0.02s) onAir=off
[timecode] 15:23:02:05 capture=on(0.03s) onAir=off
[timecode] 15:23:03:05 capture=on(0.00s) onAir=off
[timecode] 15:23:04:05 capture=on(0.01s) onAir=off
[timecode] 15:23:05:06 capture=on(0.02s) onAir=off
[timecode] 15:23:06:06 capture=on(0.03s) onAir=off
[timecode] 15:23:07:06 capture=on(0.03s) onAir=off
[timecode] 15:23:08:06 capture=on(0.00s) onAir=off
[timecode] 15:23:09:07 capture=on(0.01s) onAir=off
[timecode] 15:23:10:07 capture=on(0.02s) onAir=off
[timecode] 15:23:11:07 capture=on(0.03s) onAir=off
[timecode] 15:23:12:07 capture=on(0.00s) onAir=off
[timecode] 15:23:13:07 capture=on(0.00s) onAir=off
[timecode] 15:23:14:07 capture=on(0.00s) onAir=off
[timecode] 15:23:15:08 capture=on(0.02s) onAir=off
[timecode] 15:23:16:08 capture=on(0.03s) onAir=off
[timecode] 15:23:17:08 capture=on(0.04s) onAir=off
[timecode] 15:23:18:08 capture=on(0.01s) onAir=off
[timecode] 15:23:19:09 capture=on(0.01s) onAir=off
[timecode] 15:23:20:09 capture=on(0.03s) onAir=off
[timecode] 15:23:21:09 capture=on(0.03s) onAir=off
[timecode] 15:23:22:09 capture=on(0.00s) onAir=off
[timecode] 15:23:23:10 capture=on(0.01s) onAir=off
[timecode] 15:23:24:10 capture=on(0.03s) onAir=off
[timecode] 15:23:25:10 capture=on(0.03s) onAir=off
[timecode] 15:23:26:10 capture=on(0.04s) onAir=off
[timecode] 15:23:27:10 capture=on(0.01s) onAir=off
[timecode] 15:23:28:11 capture=on(0.02s) onAir=off
[timecode] 15:23:29:11 capture=on(0.03s) onAir=off
[timecode] 15:23:30:11 capture=on(0.00s) onAir=off
[timecode] 15:23:31:12 capture=on(0.01s) onAir=off
[timecode] 15:23:32:12 capture=on(0.03s) onAir=off
[timecode] 15:23:33:12 capture=on(0.04s) onAir=off
[timecode] 15:23:34:13 capture=on(0.01s) onAir=off
[timecode] 15:23:35:13 capture=on(0.02s) onAir=off
[timecode] 15:23:36:13 capture=on(0.03s) onAir=off
[timecode] 15:23:37:13 capture=on(0.00s) onAir=off
[timecode] 15:23:38:13 capture=on(0.00s) onAir=off
[timecode] 15:23:39:14 capture=on(0.01s) onAir=off
[timecode] 15:23:40:14 capture=on(0.03s) onAir=off
[timecode] 15:23:41:14 capture=on(0.04s) onAir=off
[timecode] 15:23:42:14 capture=on(0.04s) onAir=off
[timecode] 15:23:43:14 capture=on(0.01s) onAir=off
[timecode] 15:23:44:15 capture=on(0.02s) onAir=off
[timecode] 15:23:45:15 capture=on(0.04s) onAir=off
[timecode] 15:23:46:15 capture=on(0.04s) onAir=off
[timecode] 15:23:47:15 capture=on(0.04s) onAir=off
[timecode] 15:23:48:15 capture=on(0.01s) onAir=off
[timecode] 15:23:49:16 capture=on(0.01s) onAir=off
[timecode] 15:23:50:16 capture=on(0.03s) onAir=off
[timecode] 15:23:51:16 capture=on(0.00s) onAir=off
[timecode] 15:23:52:17 capture=on(0.01s) onAir=off
[timecode] 15:23:53:17 capture=on(0.03s) onAir=off
[timecode] 15:23:54:17 capture=on(0.03s) onAir=off
[timecode] 15:23:55:17 capture=on(0.01s) onAir=off
[timecode] 15:23:56:17 capture=on(0.01s) onAir=off
[timecode] 15:23:57:18 capture=on(0.02s) onAir=off
[timecode] 15:23:58:18 capture=on(0.03s) onAir=off
[timecode] 15:23:59:18 capture=on(0.04s) onAir=off
[timecode] 15:24:00:18 capture=on(0.00s) onAir=off
[timecode] 15:24:01:19 capture=on(0.02s) onAir=off
[timecode] 15:24:02:19 capture=on(0.03s) onAir=off
[timecode] 15:24:03:19 capture=on(0.04s) onAir=off
[timecode] 15:24:04:20 capture=on(0.01s) onAir=off
[timecode] 15:24:05:20 capture=on(0.02s) onAir=off
[timecode] 15:24:06:20 capture=on(0.03s) onAir=off
[timecode] 15:24:07:20 capture=on(0.04s) onAir=off
[timecode] 15:24:08:20 capture=on(0.00s) onAir=off
[timecode] 15:24:09:21 capture=on(0.02s) onAir=off
[timecode] 15:24:10:21 capture=on(0.03s) onAir=off
[timecode] 15:24:11:21 capture=on(0.00s) onAir=off
[timecode] 15:24:12:22 capture=on(0.02s) onAir=off
[timecode] 15:24:13:22 capture=on(0.03s) onAir=off
[timecode] 15:24:14:22 capture=on(0.03s) onAir=off
[timecode] 15:24:15:22 capture=on(0.01s) onAir=off
[timecode] 15:24:16:23 capture=on(0.02s) onAir=off
[timecode] 15:24:17:23 capture=on(0.03s) onAir=off
[timecode] 15:24:18:23 capture=on(0.00s) onAir=off
[timecode] 15:24:19:23 capture=on(0.01s) onAir=off
[timecode] 15:24:20:24 capture=on(0.02s) onAir=off
[timecode] 15:24:21:24 capture=on(0.03s) onAir=off
[timecode] 15:24:22:24 capture=on(0.04s) onAir=off
[timecode] 15:24:23:24 capture=on(0.00s) onAir=off
[timecode] 15:24:25:00 capture=on(0.01s) onAir=off
[timecode] 15:24:26:00 capture=on(0.02s) onAir=off
[timecode] 15:24:27:00 capture=on(0.04s) onAir=off
[timecode] 15:24:28:00 capture=on(0.01s) onAir=off
[timecode] 15:24:29:01 capture=on(0.02s) onAir=off
[timecode] 15:24:30:01 capture=on(0.03s) onAir=off
[timecode] 15:24:31:01 capture=on(0.00s) onAir=off
[timecode] 15:24:32:02 capture=on(0.01s) onAir=off
[timecode] 15:24:33:02 capture=on(0.03s) onAir=off
[timecode] 15:24:34:02 capture=on(0.03s) onAir=off
[timecode] 15:24:35:02 capture=on(0.00s) onAir=off
[timecode] 15:24:36:03 capture=on(0.01s) onAir=off
[timecode] 15:24:37:03 capture=on(0.03s) onAir=off
[timecode] 15:24:38:03 capture=on(0.00s) onAir=off
[timecode] 15:24:39:04 capture=on(0.01s) onAir=off
[timecode] 15:24:40:04 capture=on(0.01s) onAir=off
[timecode] 15:24:41:04 capture=on(0.03s) onAir=off
[timecode] 15:24:42:04 capture=on(0.04s) onAir=off
[timecode] 15:24:43:05 capture=on(0.01s) onAir=off
[timecode] 15:24:44:05 capture=on(0.02s) onAir=off
[timecode] 15:24:45:05 capture=on(0.04s) onAir=off
[timecode] 15:24:46:06 capture=on(0.01s) onAir=off
[timecode] 15:24:47:06 capture=on(0.02s) onAir=off
[timecode] 15:24:48:06 capture=on(0.02s) onAir=off
[timecode] 15:24:49:06 capture=on(0.04s) onAir=off
[timecode] 15:24:50:07 capture=on(0.01s) onAir=off
[timecode] 15:24:51:07 capture=on(0.02s) onAir=off
[timecode] 15:24:52:07 capture=on(0.04s) onAir=off
[timecode] 15:24:53:07 capture=on(0.00s) onAir=off
[timecode] 15:24:54:08 capture=on(0.01s) onAir=off
[timecode] 15:24:55:08 capture=on(0.01s) onAir=off
[timecode] 15:24:56:08 capture=on(0.02s) onAir=off
[timecode] 15:24:57:08 capture=on(0.00s) onAir=off
[timecode] 15:24:58:09 capture=on(0.01s) onAir=off
[timecode] 15:24:59:09 capture=on(0.02s) onAir=off
[timecode] 15:25:00:09 capture=on(0.04s) onAir=off
[timecode] 15:25:01:10 capture=on(0.01s) onAir=off
[timecode] 15:25:02:10 capture=on(0.02s) onAir=off
[timecode] 15:25:03:10 capture=on(0.03s) onAir=off
[timecode] 15:25:04:10 capture=on(0.04s) onAir=off
[timecode] 15:25:05:11 capture=on(0.01s) onAir=off
[timecode] 15:25:06:11 capture=on(0.01s) onAir=off
[timecode] 15:25:07:11 capture=on(0.02s) onAir=off
[timecode] 15:25:08:11 capture=on(0.04s) onAir=off
[timecode] 15:25:09:12 capture=on(0.01s) onAir=off
[timecode] 15:25:10:12 capture=on(0.02s) onAir=off
[timecode] 15:25:11:12 capture=on(0.03s) onAir=off
[timecode] 15:25:12:12 capture=on(0.00s) onAir=off
[timecode] 15:25:13:13 capture=on(0.01s) onAir=off
[timecode] 15:25:14:13 capture=on(0.03s) onAir=off
[timecode] 15:25:15:13 capture=on(0.00s) onAir=off
[timecode] 15:25:16:14 capture=on(0.01s) onAir=off
[timecode] 15:25:17:14 capture=on(0.03s) onAir=off
[timecode] 15:25:18:15 capture=on(0.01s) onAir=off
[timecode] 15:25:19:15 capture=on(0.02s) onAir=off
[timecode] 15:25:20:15 capture=on(0.02s) onAir=off
[timecode] 15:25:21:15 capture=on(0.03s) onAir=off
[timecode] 15:25:22:15 capture=on(0.03s) onAir=off
[timecode] 15:25:23:15 capture=on(0.00s) onAir=off
[timecode] 15:25:24:16 capture=on(0.01s) onAir=off
[timecode] 15:25:25:16 capture=on(0.02s) onAir=off
[timecode] 15:25:26:16 capture=on(0.03s) onAir=off
[timecode] 15:25:27:16 capture=on(0.00s) onAir=off
[timecode] 15:25:28:17 capture=on(0.01s) onAir=off
[timecode] 15:25:29:17 capture=on(0.03s) onAir=off
[timecode] 15:25:30:17 capture=on(0.00s) onAir=off
[timecode] 15:25:31:18 capture=on(0.01s) onAir=off
[timecode] 15:25:32:18 capture=on(0.03s) onAir=off
[timecode] 15:25:33:18 capture=on(0.03s) onAir=off
[timecode] 15:25:34:18 capture=on(0.04s) onAir=off
[timecode] 15:25:35:19 capture=on(0.01s) onAir=off
[timecode] 15:25:36:19 capture=on(0.02s) onAir=off
[timecode] 15:25:37:19 capture=on(0.03s) onAir=off
[timecode] 15:25:38:19 capture=on(0.03s) onAir=off
[timecode] 15:25:39:20 capture=on(0.00s) onAir=off
[timecode] 15:25:40:20 capture=on(0.02s) onAir=off
[timecode] 15:25:41:20 capture=on(0.03s) onAir=off
[timecode] 15:25:42:20 capture=on(0.04s) onAir=off
[timecode] 15:25:43:21 capture=on(0.00s) onAir=off
[timecode] 15:25:44:21 capture=on(0.00s) onAir=off
[timecode] 15:25:45:21 capture=on(0.02s) onAir=off
[timecode] 15:25:46:21 capture=on(0.03s) onAir=off
[timecode] 15:25:47:22 capture=on(0.00s) onAir=off
[timecode] 15:25:48:22 capture=on(0.01s) onAir=off
[timecode] 15:25:49:22 capture=on(0.03s) onAir=off
[timecode] 15:25:50:22 capture=on(0.00s) onAir=off
[timecode] 15:25:51:23 capture=on(0.01s) onAir=off
[timecode] 15:25:52:23 capture=on(0.02s) onAir=off
[timecode] 15:25:53:23 capture=on(0.03s) onAir=off
[timecode] 15:25:54:24 capture=on(0.00s) onAir=off
[timecode] 15:25:55:24 capture=on(0.01s) onAir=off
[timecode] 15:25:56:24 capture=on(0.02s) onAir=off
[timecode] 15:25:57:24 capture=on(0.03s) onAir=off
[timecode] 15:25:59:00 capture=on(0.00s) onAir=off
[timecode] 15:26:00:00 capture=on(0.01s) onAir=off
[timecode] 15:26:01:00 capture=on(0.02s) onAir=off
[timecode] 15:26:02:00 capture=on(0.04s) onAir=off
[timecode] 15:26:03:01 capture=on(0.01s) onAir=off
[timecode] 15:26:04:01 capture=on(0.01s) onAir=off
[timecode] 15:26:05:01 capture=on(0.02s) onAir=off
[timecode] 15:26:06:01 capture=on(0.04s) onAir=off
[timecode] 15:26:07:02 capture=on(0.01s) onAir=off
[timecode] 15:26:08:02 capture=on(0.02s) onAir=off
[timecode] 15:26:09:02 capture=on(0.03s) onAir=off
[timecode] 15:26:10:03 capture=on(0.01s) onAir=off
[timecode] 15:26:11:03 capture=on(0.02s) onAir=off
[timecode] 15:26:12:03 capture=on(0.03s) onAir=off
[timecode] 15:26:13:03 capture=on(0.04s) onAir=off
[timecode] 15:26:14:04 capture=on(0.01s) onAir=off
[timecode] 15:26:15:04 capture=on(0.02s) onAir=off
[timecode] 15:26:16:04 capture=on(0.02s) onAir=off
[timecode] 15:26:17:04 capture=on(0.03s) onAir=off
[timecode] 15:26:18:05 capture=on(0.01s) onAir=off
[timecode] 15:26:19:05 capture=on(0.02s) onAir=off
[timecode] 15:26:20:05 capture=on(0.03s) onAir=off
[timecode] 15:26:21:06 capture=on(0.01s) onAir=off
[timecode] 15:26:22:06 capture=on(0.02s) onAir=off
[timecode] 15:26:23:06 capture=on(0.03s) onAir=off
[timecode] 15:26:24:07 capture=on(0.01s) onAir=off
[timecode] 15:26:25:07 capture=on(0.02s) onAir=off
[timecode] 15:26:26:07 capture=on(0.03s) onAir=off
[timecode] 15:26:27:08 capture=on(0.00s) onAir=off
[timecode] 15:26:28:08 capture=on(0.01s) onAir=off
[timecode] 15:26:29:08 capture=on(0.02s) onAir=off
[timecode] 15:26:30:08 capture=on(0.04s) onAir=off
[timecode] 15:26:31:09 capture=on(0.01s) onAir=off
[timecode] 15:26:32:09 capture=on(0.02s) onAir=off
[timecode] 15:26:33:09 capture=on(0.03s) onAir=off
[timecode] 15:26:34:09 capture=on(0.03s) onAir=off
[timecode] 15:26:35:10 capture=on(0.00s) onAir=off
[timecode] 15:26:36:10 capture=on(0.01s) onAir=off
[timecode] 15:26:37:10 capture=on(0.02s) onAir=off
[timecode] 15:26:38:10 capture=on(0.03s) onAir=off
[timecode] 15:26:39:11 capture=on(0.00s) onAir=off
[timecode] 15:26:40:11 capture=on(0.01s) onAir=off
[timecode] 15:26:41:11 capture=on(0.02s) onAir=off
[timecode] 15:26:42:11 capture=on(0.03s) onAir=off
[timecode] 15:26:43:12 capture=on(0.00s) onAir=off
[timecode] 15:26:44:12 capture=on(0.00s) onAir=off
[timecode] 15:26:45:12 capture=on(0.01s) onAir=off
[timecode] 15:26:46:12 capture=on(0.03s) onAir=off
[timecode] 15:26:47:12 capture=on(0.03s) onAir=off
[timecode] 15:26:48:13 capture=on(0.00s) onAir=off
[timecode] 15:26:49:13 capture=on(0.01s) onAir=off
[timecode] 15:26:50:13 capture=on(0.03s) onAir=off
[timecode] 15:26:51:14 capture=on(0.00s) onAir=off
[timecode] 15:26:52:14 capture=on(0.01s) onAir=off
[timecode] 15:26:53:14 capture=on(0.03s) onAir=off
[timecode] 15:26:54:15 capture=on(0.04s) onAir=off
[timecode] 15:26:55:15 capture=on(0.01s) onAir=off
[timecode] 15:26:56:15 capture=on(0.01s) onAir=off
[timecode] 15:26:57:15 capture=on(0.03s) onAir=off
[timecode] 15:26:58:16 capture=on(0.00s) onAir=off
[timecode] 15:26:59:16 capture=on(0.01s) onAir=off
[timecode] 15:27:00:16 capture=on(0.02s) onAir=off
[timecode] 15:27:01:16 capture=on(0.03s) onAir=off
[timecode] 15:27:02:17 capture=on(0.00s) onAir=off
[timecode] 15:27:03:17 capture=on(0.01s) onAir=off
[timecode] 15:27:04:17 capture=on(0.03s) onAir=off
[timecode] 15:27:05:18 capture=on(0.04s) onAir=off
[timecode] 15:27:06:18 capture=on(0.01s) onAir=off
[timecode] 15:27:07:18 capture=on(0.01s) onAir=off
[timecode] 15:27:08:18 capture=on(0.02s) onAir=off
[timecode] 15:27:09:18 capture=on(0.03s) onAir=off
[timecode] 15:27:10:18 capture=on(0.03s) onAir=off
[timecode] 15:27:11:19 capture=on(0.01s) onAir=off
[timecode] 15:27:12:19 capture=on(0.02s) onAir=off
[timecode] 15:27:13:19 capture=on(0.03s) onAir=off
[timecode] 15:27:14:20 capture=on(0.04s) onAir=off
[timecode] 15:27:15:20 capture=on(0.01s) onAir=off
[timecode] 15:27:16:20 capture=on(0.02s) onAir=off
[timecode] 15:27:17:20 capture=on(0.03s) onAir=off
[timecode] 15:27:18:21 capture=on(0.01s) onAir=off
[timecode] 15:27:19:21 capture=on(0.02s) onAir=off
[timecode] 15:27:20:22 capture=on(0.04s) onAir=off
[timecode] 15:27:21:22 capture=on(0.01s) onAir=off
[timecode] 15:27:22:22 capture=on(0.01s) onAir=off
[timecode] 15:27:23:22 capture=on(0.03s) onAir=off
[timecode] 15:27:24:23 capture=on(0.04s) onAir=off
[timecode] 15:27:25:23 capture=on(0.01s) onAir=off
[timecode] 15:27:26:23 capture=on(0.02s) onAir=off
[timecode] 15:27:27:23 capture=on(0.04s) onAir=off
[timecode] 15:27:28:24 capture=on(0.01s) onAir=off
[timecode] 15:27:29:24 capture=on(0.02s) onAir=off
[timecode] 15:27:30:24 capture=on(0.03s) onAir=off
[timecode] 15:27:32:00 capture=on(0.04s) onAir=off
[timecode] 15:27:33:00 capture=on(0.01s) onAir=off
[timecode] 15:27:34:00 capture=on(0.02s) onAir=off
[timecode] 15:27:35:00 capture=on(0.03s) onAir=off
[timecode] 15:27:36:01 capture=on(0.01s) onAir=off
[timecode] 15:27:37:01 capture=on(0.02s) onAir=off
[timecode] 15:27:38:01 capture=on(0.03s) onAir=off
[timecode] 15:27:39:02 capture=on(0.00s) onAir=off
[timecode] 15:27:40:02 capture=on(0.02s) onAir=off
[timecode] 15:27:41:02 capture=on(0.03s) onAir=off
[timecode] 15:27:42:03 capture=on(0.04s) onAir=off
[timecode] 15:27:43:03 capture=on(0.01s) onAir=off
[timecode] 15:27:44:03 capture=on(0.02s) onAir=off
[timecode] 15:27:45:03 capture=on(0.03s) onAir=off
[timecode] 15:27:46:04 capture=on(0.00s) onAir=off
[timecode] 15:27:47:04 capture=on(0.01s) onAir=off
[timecode] 15:27:48:04 capture=on(0.02s) onAir=off
[timecode] 15:27:49:05 capture=on(0.04s) onAir=off
[timecode] 15:27:50:05 capture=on(0.01s) onAir=off
[timecode] 15:27:51:05 capture=on(0.02s) onAir=off
[timecode] 15:27:52:05 capture=on(0.02s) onAir=off
[timecode] 15:27:53:06 capture=on(0.04s) onAir=off
[timecode] 15:27:54:06 capture=on(0.04s) onAir=off
[timecode] 15:27:55:06 capture=on(0.04s) onAir=off
[timecode] 15:27:56:06 capture=on(0.01s) onAir=off
[timecode] 15:27:57:06 capture=on(0.03s) onAir=off
[timecode] 15:27:58:07 capture=on(0.00s) onAir=off
[timecode] 15:27:59:07 capture=on(0.01s) onAir=off
[timecode] 15:28:00:07 capture=on(0.01s) onAir=off
[timecode] 15:28:01:07 capture=on(0.03s) onAir=off
[timecode] 15:28:02:07 capture=on(0.03s) onAir=off
[timecode] 15:28:03:08 capture=on(0.00s) onAir=off
[timecode] 15:28:04:08 capture=on(0.01s) onAir=off
[timecode] 15:28:05:08 capture=on(0.03s) onAir=off
[timecode] 15:28:06:09 capture=on(0.04s) onAir=off
[timecode] 15:28:07:09 capture=on(0.04s) onAir=off
[timecode] 15:28:08:09 capture=on(0.00s) onAir=off
[timecode] 15:28:09:09 capture=on(0.00s) onAir=off
[timecode] 15:28:10:09 capture=on(0.01s) onAir=off
[timecode] 15:28:11:09 capture=on(0.03s) onAir=off
[timecode] 15:28:12:10 capture=on(0.04s) onAir=off
[timecode] 15:28:13:10 capture=on(0.01s) onAir=off
[timecode] 15:28:14:10 capture=on(0.03s) onAir=off
[timecode] 15:28:15:11 capture=on(0.03s) onAir=off
[timecode] 15:28:16:11 capture=on(0.01s) onAir=off
[timecode] 15:28:17:11 capture=on(0.01s) onAir=off
[timecode] 15:28:18:11 capture=on(0.02s) onAir=off
[timecode] 15:28:19:12 capture=on(0.03s) onAir=off
[timecode] 15:28:20:12 capture=on(0.04s) onAir=off
[timecode] 15:28:21:12 capture=on(0.01s) onAir=off
[timecode] 15:28:22:12 capture=on(0.01s) onAir=off
[timecode] 15:28:23:12 capture=on(0.01s) onAir=off
[timecode] 15:28:24:12 capture=on(0.02s) onAir=off
[timecode] 15:28:25:13 capture=on(0.03s) onAir=off
[timecode] 15:28:26:13 capture=on(0.01s) onAir=off
[timecode] 15:28:27:13 capture=on(0.01s) onAir=off
[timecode] 15:28:28:13 capture=on(0.02s) onAir=off
[timecode] 15:28:29:13 capture=on(0.02s) onAir=off
[timecode] 15:28:30:14 capture=on(0.03s) onAir=off
[timecode] 15:28:31:14 capture=on(0.01s) onAir=off
[timecode] 15:28:32:14 capture=on(0.02s) onAir=off
[timecode] 15:28:33:14 capture=on(0.03s) onAir=off
[timecode] 15:28:34:14 capture=on(0.03s) onAir=off
[timecode] 15:28:35:15 capture=on(0.00s) onAir=off
[timecode] 15:28:36:15 capture=on(0.01s) onAir=off
[timecode] 15:28:37:15 capture=on(0.02s) onAir=off
[timecode] 15:28:38:16 capture=on(0.03s) onAir=off
[timecode] 15:28:39:16 capture=on(0.00s) onAir=off
[timecode] 15:28:40:16 capture=on(0.01s) onAir=off
[timecode] 15:28:41:16 capture=on(0.02s) onAir=off
[timecode] 15:28:42:16 capture=on(0.03s) onAir=off
[timecode] 15:28:43:17 capture=on(0.04s) onAir=off
[timecode] 15:28:44:17 capture=on(0.01s) onAir=off
[timecode] 15:28:45:17 capture=on(0.01s) onAir=off
[timecode] 15:28:46:17 capture=on(0.03s) onAir=off
[timecode] 15:28:47:18 capture=on(0.04s) onAir=off
[timecode] 15:28:48:18 capture=on(0.01s) onAir=off
[timecode] 15:28:49:18 capture=on(0.02s) onAir=off
[timecode] 15:28:50:19 capture=on(0.03s) onAir=off
[timecode] 15:28:51:19 capture=on(0.01s) onAir=off
[timecode] 15:28:52:19 capture=on(0.02s) onAir=off
[timecode] 15:28:53:20 capture=on(0.03s) onAir=off
[timecode] 15:28:54:20 capture=on(0.00s) onAir=off
[timecode] 15:28:55:20 capture=on(0.01s) onAir=off
[timecode] 15:28:56:20 capture=on(0.02s) onAir=off
[timecode] 15:28:57:21 capture=on(0.03s) onAir=off
[timecode] 15:28:58:21 capture=on(0.01s) onAir=off
[timecode] 15:28:59:21 capture=on(0.03s) onAir=off
[timecode] 15:29:00:22 capture=on(0.03s) onAir=off
[timecode] 15:29:01:22 capture=on(0.00s) onAir=off
[timecode] 15:29:02:22 capture=on(0.01s) onAir=off
[timecode] 15:29:03:22 capture=on(0.02s) onAir=off
[timecode] 15:29:04:23 capture=on(0.03s) onAir=off
[timecode] 15:29:05:23 capture=on(0.00s) onAir=off
[timecode] 15:29:06:23 capture=on(0.01s) onAir=off
[timecode] 15:29:07:23 capture=on(0.03s) onAir=off
[timecode] 15:29:08:24 capture=on(0.00s) onAir=off
[timecode] 15:29:09:24 capture=on(0.01s) onAir=off
[timecode] 15:29:10:24 capture=on(0.02s) onAir=off
[timecode] 15:29:12:00 capture=on(0.03s) onAir=off
[timecode] 15:29:13:00 capture=on(0.04s) onAir=off
[timecode] 15:29:14:00 capture=on(0.01s) onAir=off
[timecode] 15:29:15:00 capture=on(0.02s) onAir=off
[timecode] 15:29:16:01 capture=on(0.03s) onAir=off
[timecode] 15:29:17:01 capture=on(0.00s) onAir=off
[timecode] 15:29:18:01 capture=on(0.01s) onAir=off
[timecode] 15:29:19:01 capture=on(0.03s) onAir=off
[timecode] 15:29:20:02 capture=on(0.04s) onAir=off
[timecode] 15:29:21:02 capture=on(0.01s) onAir=off
[timecode] 15:29:22:02 capture=on(0.02s) onAir=off
[timecode] 15:29:23:03 capture=on(0.03s) onAir=off
[timecode] 15:29:24:03 capture=on(0.00s) onAir=off
[timecode] 15:29:25:03 capture=on(0.01s) onAir=off
[timecode] 15:29:26:03 capture=on(0.02s) onAir=off
[timecode] 15:29:27:03 capture=on(0.03s) onAir=off
[timecode] 15:29:28:04 capture=on(0.04s) onAir=off
[timecode] 15:29:29:04 capture=on(0.01s) onAir=off
[timecode] 15:29:30:04 capture=on(0.02s) onAir=off
[timecode] 15:29:31:05 capture=on(0.03s) onAir=off
[timecode] 15:29:32:05 capture=on(0.01s) onAir=off
[timecode] 15:29:33:05 capture=on(0.02s) onAir=off
[timecode] 15:29:34:06 capture=on(0.03s) onAir=off
[timecode] 15:29:35:06 capture=on(0.00s) onAir=off
[timecode] 15:29:36:06 capture=on(0.01s) onAir=off
[timecode] 15:29:37:06 capture=on(0.02s) onAir=off
[timecode] 15:29:38:07 capture=on(0.03s) onAir=off
[timecode] 15:29:39:07 capture=on(0.01s) onAir=off
[timecode] 15:29:40:07 capture=on(0.02s) onAir=off
[timecode] 15:29:41:08 capture=on(0.03s) onAir=off
[timecode] 15:29:42:08 capture=on(0.04s) onAir=off
[timecode] 15:29:43:08 capture=on(0.01s) onAir=off
[timecode] 15:29:44:08 capture=on(0.02s) onAir=off
[timecode] 15:29:45:09 capture=on(0.03s) onAir=off
[timecode] 15:29:46:09 capture=on(0.00s) onAir=off
[timecode] 15:29:47:09 capture=on(0.01s) onAir=off
[timecode] 15:29:48:10 capture=on(0.03s) onAir=off
[timecode] 15:29:49:10 capture=on(0.00s) onAir=off
[timecode] 15:29:50:10 capture=on(0.01s) onAir=off
[timecode] 15:29:51:10 capture=on(0.02s) onAir=off
[timecode] 15:29:52:11 capture=on(0.03s) onAir=off
[timecode] 15:29:53:11 capture=on(0.00s) onAir=off
[timecode] 15:29:54:11 capture=on(0.02s) onAir=off
[timecode] 15:29:55:12 capture=on(0.03s) onAir=off
[timecode] 15:29:56:12 capture=on(0.00s) onAir=off
[timecode] 15:29:57:12 capture=on(0.01s) onAir=off
[timecode] 15:29:58:12 capture=on(0.01s) onAir=off
[timecode] 15:29:59:12 capture=on(0.02s) onAir=off
[timecode] 15:30:00:13 capture=on(0.03s) onAir=off
[timecode] 15:30:01:13 capture=on(0.03s) onAir=off
[timecode] 15:30:02:13 capture=on(0.01s) onAir=off
[timecode] 15:30:03:13 capture=on(0.02s) onAir=off
[timecode] 15:30:04:13 capture=on(0.02s) onAir=off
[timecode] 15:30:05:14 capture=on(0.03s) onAir=off
[timecode] 15:30:06:14 capture=on(0.01s) onAir=off
[timecode] 15:30:07:14 capture=on(0.02s) onAir=off
[timecode] 15:30:08:14 capture=on(0.02s) onAir=off
[timecode] 15:30:09:15 capture=on(0.03s) onAir=off
[timecode] 15:30:10:15 capture=on(0.00s) onAir=off
[timecode] 15:30:11:15 capture=on(0.02s) onAir=off
[timecode] 15:30:12:15 capture=on(0.02s) onAir=off
[timecode] 15:30:13:16 capture=on(0.03s) onAir=off
[timecode] 15:30:14:16 capture=on(0.01s) onAir=off
[timecode] 15:30:15:16 capture=on(0.02s) onAir=off
[timecode] 15:30:16:17 capture=on(0.03s) onAir=off
[timecode] 15:30:17:17 capture=on(0.01s) onAir=off
[timecode] 15:30:18:17 capture=on(0.01s) onAir=off
[timecode] 15:30:19:17 capture=on(0.01s) onAir=off
[timecode] 15:30:20:18 capture=on(0.02s) onAir=off
[timecode] 15:30:21:18 capture=on(0.04s) onAir=off
[timecode] 15:30:22:18 capture=on(0.00s) onAir=off
[timecode] 15:30:23:18 capture=on(0.01s) onAir=off
[timecode] 15:30:24:18 capture=on(0.02s) onAir=off
[timecode] 15:30:25:19 capture=on(0.03s) onAir=off
[timecode] 15:30:26:19 capture=on(0.00s) onAir=off
[timecode] 15:30:27:19 capture=on(0.01s) onAir=off
[timecode] 15:30:28:20 capture=on(0.02s) onAir=off
[timecode] 15:30:29:20 capture=on(0.03s) onAir=off
[timecode] 15:30:30:20 capture=on(0.04s) onAir=off
[timecode] 15:30:31:20 capture=on(0.01s) onAir=off
[timecode] 15:30:32:20 capture=on(0.02s) onAir=off
[timecode] 15:30:33:21 capture=on(0.04s) onAir=off
[timecode] 15:30:34:21 capture=on(0.00s) onAir=off
[timecode] 15:30:35:21 capture=on(0.01s) onAir=off
[timecode] 15:30:36:22 capture=on(0.02s) onAir=off
[timecode] 15:30:37:22 capture=on(0.04s) onAir=off
[timecode] 15:30:38:22 capture=on(0.04s) onAir=off
[timecode] 15:30:39:22 capture=on(0.01s) onAir=off
[timecode] 15:30:40:22 capture=on(0.01s) onAir=off
[timecode] 15:30:41:22 capture=on(0.01s) onAir=off
[timecode] 15:30:42:23 capture=on(0.03s) onAir=off
[timecode] 15:30:43:23 capture=on(0.00s) onAir=off
[timecode] 15:30:44:23 capture=on(0.01s) onAir=off
[timecode] 15:30:45:23 capture=on(0.02s) onAir=off
[timecode] 15:30:46:24 capture=on(0.03s) onAir=off
[timecode] 15:30:47:24 capture=on(0.01s) onAir=off
[timecode] 15:30:48:24 capture=on(0.02s) onAir=off
[timecode] 15:30:50:00 capture=on(0.03s) onAir=off
[timecode] 15:30:51:00 capture=on(0.03s) onAir=off
[timecode] 15:30:52:00 capture=on(0.00s) onAir=off
[timecode] 15:30:53:00 capture=on(0.01s) onAir=off
[timecode] 15:30:54:00 capture=on(0.01s) onAir=off
[timecode] 15:30:55:01 capture=on(0.02s) onAir=off
[timecode] 15:30:56:01 capture=on(0.04s) onAir=off
[timecode] 15:30:57:01 capture=on(0.01s) onAir=off
[timecode] 15:30:58:01 capture=on(0.02s) onAir=off
[timecode] 15:30:59:02 capture=on(0.03s) onAir=off
[timecode] 15:31:00:02 capture=on(0.00s) onAir=off
[timecode] 15:31:01:02 capture=on(0.01s) onAir=off
[timecode] 15:31:02:03 capture=on(0.02s) onAir=off
[timecode] 15:31:03:03 capture=on(0.04s) onAir=off
[timecode] 15:31:04:03 capture=on(0.01s) onAir=off
[timecode] 15:31:05:03 capture=on(0.01s) onAir=off
[timecode] 15:31:06:04 capture=on(0.02s) onAir=off
[timecode] 15:31:07:04 capture=on(0.03s) onAir=off
[timecode] 15:31:08:04 capture=on(0.00s) onAir=off
[timecode] 15:31:09:04 capture=on(0.01s) onAir=off
[timecode] 15:31:10:05 capture=on(0.03s) onAir=off
[timecode] 15:31:11:05 capture=on(0.00s) onAir=off
[timecode] 15:31:12:05 capture=on(0.01s) onAir=off
[timecode] 15:31:13:06 capture=on(0.02s) onAir=off
[timecode] 15:31:14:06 capture=on(0.04s) onAir=off
[timecode] 15:31:15:06 capture=on(0.00s) onAir=off
[timecode] 15:31:16:06 capture=on(0.01s) onAir=off
[timecode] 15:31:17:07 capture=on(0.03s) onAir=off
[timecode] 15:31:18:07 capture=on(0.03s) onAir=off
[timecode] 15:31:19:07 capture=on(0.01s) onAir=off
[timecode] 15:31:20:07 capture=on(0.01s) onAir=off
[timecode] 15:31:21:08 capture=on(0.03s) onAir=off
[timecode] 15:31:22:08 capture=on(0.04s) onAir=off
[timecode] 15:31:23:08 capture=on(0.01s) onAir=off
[timecode] 15:31:24:08 capture=on(0.01s) onAir=off
[timecode] 15:31:25:08 capture=on(0.02s) onAir=off
[timecode] 15:31:26:09 capture=on(0.03s) onAir=off
[timecode] 15:31:27:09 capture=on(0.01s) onAir=off
[timecode] 15:31:28:09 capture=on(0.02s) onAir=off
[timecode] 15:31:29:10 capture=on(0.03s) onAir=off
[timecode] 15:31:30:10 capture=on(0.04s) onAir=off
[timecode] 15:31:31:10 capture=on(0.00s) onAir=off
[timecode] 15:31:32:10 capture=on(0.02s) onAir=off
[timecode] 15:31:33:11 capture=on(0.03s) onAir=off
[timecode] 15:31:34:11 capture=on(0.04s) onAir=off
[timecode] 15:31:35:11 capture=on(0.00s) onAir=off
[timecode] 15:31:36:11 capture=on(0.02s) onAir=off
[timecode] 15:31:37:12 capture=on(0.03s) onAir=off
[timecode] 15:31:38:12 capture=on(0.00s) onAir=off
[timecode] 15:31:39:12 capture=on(0.01s) onAir=off
[timecode] 15:31:40:13 capture=on(0.02s) onAir=off
[timecode] 15:31:41:13 capture=on(0.03s) onAir=off
[timecode] 15:31:42:13 capture=on(0.01s) onAir=off
[timecode] 15:31:43:14 capture=on(0.02s) onAir=off
[timecode] 15:31:44:14 capture=on(0.04s) onAir=off
[timecode] 15:31:45:14 capture=on(0.01s) onAir=off
[timecode] 15:31:46:14 capture=on(0.02s) onAir=off
[timecode] 15:31:47:15 capture=on(0.02s) onAir=off
[timecode] 15:31:48:15 capture=on(0.03s) onAir=off
[timecode] 15:31:49:15 capture=on(0.00s) onAir=off
[timecode] 15:31:50:15 capture=on(0.00s) onAir=off
[timecode] 15:31:51:15 capture=on(0.01s) onAir=off
[timecode] 15:31:52:16 capture=on(0.03s) onAir=off
[timecode] 15:31:53:16 capture=on(0.04s) onAir=off
[timecode] 15:31:54:16 capture=on(0.01s) onAir=off
[timecode] 15:31:55:17 capture=on(0.02s) onAir=off
[timecode] 15:31:56:17 capture=on(0.04s) onAir=off
[timecode] 15:31:57:17 capture=on(0.01s) onAir=off
[timecode] 15:31:58:18 capture=on(0.03s) onAir=off
[timecode] 15:31:59:18 capture=on(0.04s) onAir=off
[timecode] 15:32:00:18 capture=on(0.01s) onAir=off
[timecode] 15:32:01:18 capture=on(0.01s) onAir=off
[timecode] 15:32:02:19 capture=on(0.03s) onAir=off
[timecode] 15:32:03:19 capture=on(0.04s) onAir=off
[timecode] 15:32:04:19 capture=on(0.01s) onAir=off
[timecode] 15:32:05:19 capture=on(0.02s) onAir=off
[timecode] 15:32:06:20 capture=on(0.03s) onAir=off
[timecode] 15:32:07:20 capture=on(0.04s) onAir=off
[timecode] 15:32:08:20 capture=on(0.01s) onAir=off
[timecode] 15:32:09:21 capture=on(0.02s) onAir=off
[timecode] 15:32:10:21 capture=on(0.03s) onAir=off
[timecode] 15:32:11:21 capture=on(0.03s) onAir=off
[timecode] 15:32:12:21 capture=on(0.00s) onAir=off
[timecode] 15:32:13:21 capture=on(0.00s) onAir=off
[timecode] 15:32:14:21 capture=on(0.01s) onAir=off
[timecode] 15:32:15:22 capture=on(0.03s) onAir=off
[timecode] 15:32:16:22 capture=on(0.04s) onAir=off
[timecode] 15:32:17:22 capture=on(0.01s) onAir=off
[timecode] 15:32:18:23 capture=on(0.02s) onAir=off
[timecode] 15:32:19:23 capture=on(0.03s) onAir=off
[timecode] 15:32:20:23 capture=on(0.01s) onAir=off
[timecode] 15:32:21:24 capture=on(0.02s) onAir=off
[timecode] 15:32:22:24 capture=on(0.03s) onAir=off
[timecode] 15:32:23:24 capture=on(0.03s) onAir=off
[timecode] 15:32:24:24 capture=on(0.00s) onAir=off
[timecode] 15:32:25:24 capture=on(0.01s) onAir=off
[timecode] 15:32:27:00 capture=on(0.03s) onAir=off
[timecode] 15:32:28:00 capture=on(0.04s) onAir=off
[timecode] 15:32:29:00 capture=on(0.04s) onAir=off
[timecode] 15:32:30:00 capture=on(0.01s) onAir=off
[timecode] 15:32:31:00 capture=on(0.01s) onAir=off
[timecode] 15:32:32:01 capture=on(0.02s) onAir=off
[timecode] 15:32:33:01 capture=on(0.03s) onAir=off
[timecode] 15:32:34:01 capture=on(0.01s) onAir=off
[timecode] 15:32:35:02 capture=on(0.02s) onAir=off
[timecode] 15:32:36:02 capture=on(0.03s) onAir=off
[timecode] 15:32:37:02 capture=on(0.03s) onAir=off
[timecode] 15:32:38:02 capture=on(0.00s) onAir=off
[timecode] 15:32:39:03 capture=on(0.02s) onAir=off
[timecode] 15:32:40:03 capture=on(0.03s) onAir=off
[timecode] 15:32:41:03 capture=on(0.03s) onAir=off
[timecode] 15:32:42:03 capture=on(0.00s) onAir=off
[timecode] 15:32:43:03 capture=on(0.01s) onAir=off
[timecode] 15:32:44:04 capture=on(0.02s) onAir=off
[timecode] 15:32:45:04 capture=on(0.02s) onAir=off
[timecode] 15:32:46:04 capture=on(0.03s) onAir=off
[timecode] 15:32:47:04 capture=on(0.03s) onAir=off
[timecode] 15:32:48:04 capture=on(0.01s) onAir=off
[timecode] 15:32:49:04 capture=on(0.01s) onAir=off
[timecode] 15:32:50:05 capture=on(0.02s) onAir=off
[timecode] 15:32:51:05 capture=on(0.04s) onAir=off
[timecode] 15:32:52:05 capture=on(0.00s) onAir=off
[timecode] 15:32:53:05 capture=on(0.01s) onAir=off
[timecode] 15:32:54:06 capture=on(0.02s) onAir=off
[timecode] 15:32:55:06 capture=on(0.03s) onAir=off
[timecode] 15:32:56:06 capture=on(0.04s) onAir=off
[timecode] 15:32:57:06 capture=on(0.01s) onAir=off
[timecode] 15:32:58:07 capture=on(0.02s) onAir=off
[timecode] 15:32:59:07 capture=on(0.03s) onAir=off
[timecode] 15:33:00:07 capture=on(0.04s) onAir=off
[timecode] 15:33:01:07 capture=on(0.01s) onAir=off
[timecode] 15:33:02:08 capture=on(0.02s) onAir=off
[timecode] 15:33:03:08 capture=on(0.03s) onAir=off
[timecode] 15:33:04:08 capture=on(0.00s) onAir=off
[timecode] 15:33:05:09 capture=on(0.01s) onAir=off
[timecode] 15:33:06:09 capture=on(0.02s) onAir=off
[timecode] 15:33:07:09 capture=on(0.03s) onAir=off
[timecode] 15:33:08:09 capture=on(0.04s) onAir=off
[timecode] 15:33:09:09 capture=on(0.00s) onAir=off
[timecode] 15:33:10:10 capture=on(0.01s) onAir=off
[timecode] 15:33:11:10 capture=on(0.02s) onAir=off
[timecode] 15:33:12:10 capture=on(0.03s) onAir=off
[timecode] 15:33:13:10 capture=on(0.03s) onAir=off
[timecode] 15:33:14:10 capture=on(0.04s) onAir=off
[timecode] 15:33:15:10 capture=on(0.04s) onAir=off
[timecode] 15:33:16:10 capture=on(0.00s) onAir=off
[timecode] 15:33:17:10 capture=on(0.00s) onAir=off
[timecode] 15:33:18:10 capture=on(0.01s) onAir=off
[timecode] 15:33:19:11 capture=on(0.02s) onAir=off
[timecode] 15:33:20:11 capture=on(0.04s) onAir=off
[timecode] 15:33:21:11 capture=on(0.01s) onAir=off
[timecode] 15:33:22:11 capture=on(0.01s) onAir=off
[timecode] 15:33:23:12 capture=on(0.03s) onAir=off
[timecode] 15:33:24:12 capture=on(0.04s) onAir=off
[timecode] 15:33:25:12 capture=on(0.01s) onAir=off
[timecode] 15:33:26:13 capture=on(0.02s) onAir=off
[timecode] 15:33:27:13 capture=on(0.04s) onAir=off
[timecode] 15:33:28:13 capture=on(0.00s) onAir=off
[timecode] 15:33:29:14 capture=on(0.01s) onAir=off
[timecode] 15:33:30:14 capture=on(0.03s) onAir=off
[timecode] 15:33:31:14 capture=on(0.04s) onAir=off
[timecode] 15:33:32:14 capture=on(0.00s) onAir=off
[timecode] 15:33:33:15 capture=on(0.02s) onAir=off
[timecode] 15:33:34:15 capture=on(0.03s) onAir=off
[timecode] 15:33:35:15 capture=on(0.04s) onAir=off
[timecode] 15:33:36:15 capture=on(0.01s) onAir=off
[timecode] 15:33:37:16 capture=on(0.02s) onAir=off
[timecode] 15:33:38:16 capture=on(0.03s) onAir=off
[timecode] 15:33:39:16 capture=on(0.01s) onAir=off
[timecode] 15:33:40:17 capture=on(0.02s) onAir=off
[timecode] 15:33:41:17 capture=on(0.03s) onAir=off
[timecode] 15:33:42:17 capture=on(0.01s) onAir=off
[timecode] 15:33:43:18 capture=on(0.02s) onAir=off
[timecode] 15:33:44:18 capture=on(0.03s) onAir=off
[timecode] 15:33:45:18 capture=on(0.03s) onAir=off
[timecode] 15:33:46:18 capture=on(0.00s) onAir=off
[timecode] 15:33:47:19 capture=on(0.01s) onAir=off
[timecode] 15:33:48:19 capture=on(0.02s) onAir=off
[timecode] 15:33:49:19 capture=on(0.02s) onAir=off
[timecode] 15:33:50:19 capture=on(0.03s) onAir=off
[timecode] 15:33:51:19 capture=on(0.04s) onAir=off
[timecode] 15:33:52:19 capture=on(0.01s) onAir=off
[timecode] 15:33:53:20 capture=on(0.02s) onAir=off
[timecode] 15:33:54:20 capture=on(0.04s) onAir=off
[timecode] 15:33:55:20 capture=on(0.00s) onAir=off
[timecode] 15:33:56:20 capture=on(0.00s) onAir=off
[timecode] 15:33:57:21 capture=on(0.01s) onAir=off
[timecode] 15:33:58:21 capture=on(0.02s) onAir=off
[timecode] 15:33:59:21 capture=on(0.03s) onAir=off
[timecode] 15:34:00:21 capture=on(0.00s) onAir=off
[timecode] 15:34:01:22 capture=on(0.01s) onAir=off
[timecode] 15:34:02:22 capture=on(0.02s) onAir=off
[timecode] 15:34:03:22 capture=on(0.04s) onAir=off
[timecode] 15:34:04:22 capture=on(0.04s) onAir=off
[timecode] 15:34:05:22 capture=on(0.04s) onAir=off
[timecode] 15:34:06:23 capture=on(0.01s) onAir=off
[timecode] 15:34:07:23 capture=on(0.03s) onAir=off
[timecode] 15:34:08:23 capture=on(0.03s) onAir=off
[timecode] 15:34:09:23 capture=on(0.00s) onAir=off
[timecode] 15:34:10:24 capture=on(0.01s) onAir=off
[timecode] 15:34:11:24 capture=on(0.02s) onAir=off
[timecode] 15:34:12:24 capture=on(0.03s) onAir=off
[timecode] 15:34:13:24 capture=on(0.00s) onAir=off
[timecode] 15:34:15:00 capture=on(0.02s) onAir=off
[timecode] 15:34:16:00 capture=on(0.03s) onAir=off
[timecode] 15:34:17:00 capture=on(0.04s) onAir=off
[timecode] 15:34:18:01 capture=on(0.01s) onAir=off
[timecode] 15:34:19:01 capture=on(0.02s) onAir=off
[timecode] 15:34:20:01 capture=on(0.04s) onAir=off
[timecode] 15:34:21:01 capture=on(0.00s) onAir=off
[timecode] 15:34:22:02 capture=on(0.01s) onAir=off
[timecode] 15:34:23:02 capture=on(0.03s) onAir=off
[timecode] 15:34:24:02 capture=on(0.03s) onAir=off
[timecode] 15:34:25:02 capture=on(0.00s) onAir=off
[timecode] 15:34:26:03 capture=on(0.01s) onAir=off
[timecode] 15:34:27:03 capture=on(0.02s) onAir=off
[timecode] 15:34:28:03 capture=on(0.04s) onAir=off
[timecode] 15:34:29:03 capture=on(0.04s) onAir=off
[timecode] 15:34:30:03 capture=on(0.01s) onAir=off
[timecode] 15:34:31:04 capture=on(0.01s) onAir=off
[timecode] 15:34:32:04 capture=on(0.02s) onAir=off
[timecode] 15:34:33:04 capture=on(0.04s) onAir=off
[timecode] 15:34:34:04 capture=on(0.04s) onAir=off
[timecode] 15:34:35:04 capture=on(0.01s) onAir=off
[timecode] 15:34:36:05 capture=on(0.02s) onAir=off
[timecode] 15:34:37:05 capture=on(0.03s) onAir=off
[timecode] 15:34:38:05 capture=on(0.03s) onAir=off
[timecode] 15:34:39:05 capture=on(0.01s) onAir=off
[timecode] 15:34:40:06 capture=on(0.01s) onAir=off
[timecode] 15:34:41:06 capture=on(0.02s) onAir=off
[timecode] 15:34:42:06 capture=on(0.03s) onAir=off
[timecode] 15:34:43:06 capture=on(0.03s) onAir=off
[timecode] 15:34:44:06 capture=on(0.00s) onAir=off
[event] [2026-07-15T05:34:44.788Z] [tc 15:34:44:19] Recording started — folder=emerald071520261534, segmentSeconds=120, broadcastDelaySeconds=60
[timecode] 15:34:45:07 capture=on(0.01s) onAir=off
[timecode] 15:34:46:07 capture=on(0.03s) onAir=off
[timecode] 15:34:47:07 capture=on(0.04s) onAir=off
[timecode] 15:34:48:08 capture=on(0.01s) onAir=off
[timecode] 15:34:49:08 capture=on(0.01s) onAir=off
[timecode] 15:34:50:08 capture=on(0.02s) onAir=off
[timecode] 15:34:51:08 capture=on(0.04s) onAir=off
[timecode] 15:34:52:09 capture=on(0.01s) onAir=off
[timecode] 15:34:53:09 capture=on(0.02s) onAir=off
[timecode] 15:34:54:09 capture=on(0.03s) onAir=off
[timecode] 15:34:55:09 capture=on(0.03s) onAir=off
[timecode] 15:34:56:09 capture=on(0.04s) onAir=off
[timecode] 15:34:57:10 capture=on(0.01s) onAir=off
[timecode] 15:34:58:10 capture=on(0.02s) onAir=off
[timecode] 15:34:59:10 capture=on(0.03s) onAir=off
[timecode] 15:35:00:10 capture=on(0.01s) onAir=off
[timecode] 15:35:01:11 capture=on(0.02s) onAir=off
[timecode] 15:35:02:11 capture=on(0.03s) onAir=off
[timecode] 15:35:03:11 capture=on(0.04s) onAir=off
[timecode] 15:35:04:12 capture=on(0.01s) onAir=off
[timecode] 15:35:05:12 capture=on(0.01s) onAir=off
[timecode] 15:35:06:12 capture=on(0.03s) onAir=off
[timecode] 15:35:07:12 capture=on(0.00s) onAir=off
[timecode] 15:35:08:12 capture=on(0.00s) onAir=off
[timecode] 15:35:09:13 capture=on(0.01s) onAir=off
[timecode] 15:35:10:13 capture=on(0.02s) onAir=off
[timecode] 15:35:11:13 capture=on(0.02s) onAir=off
[timecode] 15:35:12:13 capture=on(0.04s) onAir=off
[timecode] 15:35:13:14 capture=on(0.01s) onAir=off
[timecode] 15:35:14:14 capture=on(0.01s) onAir=off
[timecode] 15:35:15:14 capture=on(0.03s) onAir=off
[timecode] 15:35:16:14 capture=on(0.03s) onAir=off
[timecode] 15:35:17:14 capture=on(0.00s) onAir=off
[timecode] 15:35:18:14 capture=on(0.00s) onAir=off
[timecode] 15:35:19:15 capture=on(0.01s) onAir=off
[timecode] 15:35:20:15 capture=on(0.03s) onAir=off
[timecode] 15:35:21:15 capture=on(0.04s) onAir=off
[timecode] 15:35:22:15 capture=on(0.00s) onAir=off
[timecode] 15:35:23:16 capture=on(0.01s) onAir=off
[timecode] 15:35:24:16 capture=on(0.01s) onAir=off
[timecode] 15:35:25:16 capture=on(0.03s) onAir=off
[timecode] 15:35:26:16 capture=on(0.04s) onAir=off
[timecode] 15:35:27:16 capture=on(0.00s) onAir=off
[timecode] 15:35:28:16 capture=on(0.00s) onAir=off
[timecode] 15:35:29:17 capture=on(0.01s) onAir=off
[timecode] 15:35:30:17 capture=on(0.01s) onAir=off
[timecode] 15:35:31:17 capture=on(0.02s) onAir=off
[timecode] 15:35:32:17 capture=on(0.03s) onAir=off
[timecode] 15:35:33:17 capture=on(0.04s) onAir=off
[timecode] 15:35:34:17 capture=on(0.04s) onAir=off
[timecode] 15:35:35:18 capture=on(0.01s) onAir=off
[timecode] 15:35:36:18 capture=on(0.02s) onAir=off
[timecode] 15:35:37:18 capture=on(0.04s) onAir=off
[timecode] 15:35:38:19 capture=on(0.01s) onAir=off
[timecode] 15:35:39:19 capture=on(0.02s) onAir=off
[timecode] 15:35:40:19 capture=on(0.04s) onAir=off
[timecode] 15:35:41:19 capture=on(0.00s) onAir=off
[timecode] 15:35:42:20 capture=on(0.01s) onAir=off
[timecode] 15:35:43:20 capture=on(0.02s) onAir=off
[timecode] 15:35:44:20 capture=on(0.03s) onAir=off
[timecode] 15:35:45:20 capture=on(0.04s) onAir=off
[timecode] 15:35:46:21 capture=on(0.01s) onAir=off
[timecode] 15:35:47:21 capture=on(0.02s) onAir=off
[timecode] 15:35:48:21 capture=on(0.03s) onAir=off
[timecode] 15:35:49:21 capture=on(0.04s) onAir=off
[timecode] 15:35:50:22 capture=on(0.01s) onAir=off
[timecode] 15:35:51:22 capture=on(0.01s) onAir=off
[timecode] 15:35:52:22 capture=on(0.03s) onAir=off
[timecode] 15:35:53:22 capture=on(0.03s) onAir=off
[timecode] 15:35:54:22 capture=on(0.03s) onAir=off
[timecode] 15:35:55:23 capture=on(0.00s) onAir=off
[timecode] 15:35:56:23 capture=on(0.01s) onAir=off
[timecode] 15:35:57:23 capture=on(0.02s) onAir=off
[timecode] 15:35:58:23 capture=on(0.03s) onAir=off
[timecode] 15:35:59:24 capture=on(0.00s) onAir=off
[timecode] 15:36:00:24 capture=on(0.02s) onAir=off
[timecode] 15:36:01:24 capture=on(0.03s) onAir=off
[timecode] 15:36:02:24 capture=on(0.04s) onAir=off
[timecode] 15:36:03:24 capture=on(0.04s) onAir=off
[timecode] 15:36:05:00 capture=on(0.01s) onAir=off
[timecode] 15:36:06:00 capture=on(0.02s) onAir=off
[timecode] 15:36:07:00 capture=on(0.04s) onAir=off
[timecode] 15:36:08:01 capture=on(0.01s) onAir=off
[timecode] 15:36:09:01 capture=on(0.02s) onAir=off
[timecode] 15:36:10:01 capture=on(0.03s) onAir=off
[timecode] 15:36:11:01 capture=on(0.04s) onAir=off
[timecode] 15:36:12:02 capture=on(0.01s) onAir=off
[timecode] 15:36:13:02 capture=on(0.02s) onAir=off
[timecode] 15:36:14:02 capture=on(0.03s) onAir=off
[timecode] 15:36:15:02 capture=on(0.03s) onAir=off
[timecode] 15:36:16:03 capture=on(0.01s) onAir=off
[timecode] 15:36:17:03 capture=on(0.02s) onAir=off
[timecode] 15:36:18:03 capture=on(0.03s) onAir=off
[timecode] 15:36:19:04 capture=on(0.00s) onAir=off
[timecode] 15:36:20:04 capture=on(0.00s) onAir=off
[timecode] 15:36:21:04 capture=on(0.01s) onAir=off
[timecode] 15:36:22:04 capture=on(0.03s) onAir=off
[timecode] 15:36:23:05 capture=on(0.00s) onAir=off
[timecode] 15:36:24:05 capture=on(0.01s) onAir=off
[timecode] 15:36:25:05 capture=on(0.01s) onAir=off
[timecode] 15:36:26:05 capture=on(0.03s) onAir=off
[timecode] 15:36:27:05 capture=on(0.04s) onAir=off
[timecode] 15:36:28:05 capture=on(0.04s) onAir=off
[timecode] 15:36:29:06 capture=on(0.01s) onAir=off
[timecode] 15:36:30:06 capture=on(0.03s) onAir=off
[timecode] 15:36:31:06 capture=on(0.04s) onAir=off
[timecode] 15:36:32:07 capture=on(0.01s) onAir=off
[timecode] 15:36:33:07 capture=on(0.02s) onAir=off
[timecode] 15:36:34:07 capture=on(0.02s) onAir=off
[timecode] 15:36:35:07 capture=on(0.03s) onAir=off
[timecode] 15:36:36:08 capture=on(0.01s) onAir=off
[timecode] 15:36:37:08 capture=on(0.02s) onAir=off
[timecode] 15:36:38:08 capture=on(0.03s) onAir=off
[timecode] 15:36:39:08 capture=on(0.04s) onAir=off
[timecode] 15:36:40:09 capture=on(0.01s) onAir=off
[timecode] 15:36:41:09 capture=on(0.02s) onAir=off
[timecode] 15:36:42:09 capture=on(0.03s) onAir=off
[timecode] 15:36:43:10 capture=on(0.00s) onAir=off
[timecode] 15:36:44:10 capture=on(0.00s) onAir=off
[timecode] 15:36:45:10 capture=on(0.02s) onAir=off
[timecode] 15:36:46:10 capture=on(0.03s) onAir=off
[timecode] 15:36:47:10 capture=on(0.04s) onAir=off
[timecode] 15:36:48:10 capture=on(0.04s) onAir=off
[timecode] 15:36:49:11 capture=on(0.01s) onAir=off
[timecode] 15:36:50:11 capture=on(0.01s) onAir=off
[timecode] 15:36:51:11 capture=on(0.03s) onAir=off
[timecode] 15:36:52:12 capture=on(0.04s) onAir=off
[timecode] 15:36:53:12 capture=on(0.01s) onAir=off
[timecode] 15:36:54:12 capture=on(0.01s) onAir=off
[timecode] 15:36:55:12 capture=on(0.03s) onAir=off
[timecode] 15:36:56:13 capture=on(0.00s) onAir=off
[timecode] 15:36:57:13 capture=on(0.00s) onAir=off
[timecode] 15:36:58:13 capture=on(0.02s) onAir=off
[timecode] 15:36:59:13 capture=on(0.03s) onAir=off
[timecode] 15:37:00:14 capture=on(0.04s) onAir=off
[timecode] 15:37:01:14 capture=on(0.01s) onAir=off
[timecode] 15:37:02:14 capture=on(0.01s) onAir=off
[timecode] 15:37:03:14 capture=on(0.03s) onAir=off
[timecode] 15:37:04:14 capture=on(0.03s) onAir=off
[timecode] 15:37:05:15 capture=on(0.00s) onAir=off
[timecode] 15:37:06:15 capture=on(0.01s) onAir=off
[timecode] 15:37:07:15 capture=on(0.03s) onAir=off
[timecode] 15:37:08:16 capture=on(0.04s) onAir=off
[timecode] 15:37:09:16 capture=on(0.01s) onAir=off
[timecode] 15:37:10:16 capture=on(0.02s) onAir=off
[timecode] 15:37:11:16 capture=on(0.04s) onAir=off
[timecode] 15:37:12:17 capture=on(0.00s) onAir=off
[timecode] 15:37:13:17 capture=on(0.02s) onAir=off
[timecode] 15:37:14:17 capture=on(0.03s) onAir=off
[timecode] 15:37:15:18 capture=on(0.00s) onAir=off
[timecode] 15:37:16:18 capture=on(0.01s) onAir=off
[timecode] 15:37:17:18 capture=on(0.03s) onAir=off
[timecode] 15:37:18:19 capture=on(0.00s) onAir=off
[timecode] 15:37:19:19 capture=on(0.00s) onAir=off
[timecode] 15:37:20:19 capture=on(0.02s) onAir=off
[timecode] 15:37:21:19 capture=on(0.03s) onAir=off
[timecode] 15:37:22:20 capture=on(0.04s) onAir=off
[timecode] 15:37:23:20 capture=on(0.01s) onAir=off
[timecode] 15:37:24:20 capture=on(0.01s) onAir=off
[timecode] 15:37:25:20 capture=on(0.03s) onAir=off
[timecode] 15:37:26:21 capture=on(0.00s) onAir=off
[timecode] 15:37:27:21 capture=on(0.00s) onAir=off
[timecode] 15:37:28:21 capture=on(0.00s) onAir=off
[timecode] 15:37:29:21 capture=on(0.01s) onAir=off
[timecode] 15:37:30:21 capture=on(0.03s) onAir=off
[timecode] 15:37:31:22 capture=on(0.00s) onAir=off
[timecode] 15:37:32:22 capture=on(0.01s) onAir=off
[timecode] 15:37:33:22 capture=on(0.02s) onAir=off
[timecode] 15:37:34:22 capture=on(0.02s) onAir=off
[timecode] 15:37:35:22 capture=on(0.03s) onAir=off
[timecode] 15:37:36:23 capture=on(0.04s) onAir=off
[timecode] 15:37:37:23 capture=on(0.01s) onAir=off
[timecode] 15:37:38:23 capture=on(0.02s) onAir=off
[timecode] 15:37:39:23 capture=on(0.02s) onAir=off
[timecode] 15:37:40:23 capture=on(0.03s) onAir=off
[timecode] 15:37:41:24 capture=on(0.04s) onAir=off
[timecode] 15:37:42:24 capture=on(0.01s) onAir=off
[timecode] 15:37:43:24 capture=on(0.02s) onAir=off
[timecode] 15:37:44:24 capture=on(0.03s) onAir=off
[timecode] 15:37:46:00 capture=on(0.00s) onAir=off
[timecode] 15:37:47:00 capture=on(0.01s) onAir=off
[timecode] 15:37:48:00 capture=on(0.02s) onAir=off
[timecode] 15:37:49:00 capture=on(0.03s) onAir=off
[timecode] 15:37:50:01 capture=on(0.00s) onAir=off
[timecode] 15:37:51:01 capture=on(0.01s) onAir=off
[timecode] 15:37:52:01 capture=on(0.02s) onAir=off
[timecode] 15:37:53:01 capture=on(0.03s) onAir=off
[timecode] 15:37:54:02 capture=on(0.00s) onAir=off
[timecode] 15:37:55:02 capture=on(0.01s) onAir=off
[timecode] 15:37:56:02 capture=on(0.02s) onAir=off
[timecode] 15:37:57:03 capture=on(0.04s) onAir=off
[timecode] 15:37:58:03 capture=on(0.00s) onAir=off
[timecode] 15:37:59:03 capture=on(0.02s) onAir=off
[timecode] 15:38:00:03 capture=on(0.03s) onAir=off
[timecode] 15:38:01:04 capture=on(0.04s) onAir=off
[timecode] 15:38:02:04 capture=on(0.01s) onAir=off
[timecode] 15:38:03:04 capture=on(0.02s) onAir=off
[timecode] 15:38:04:05 capture=on(0.04s) onAir=off
[timecode] 15:38:05:05 capture=on(0.04s) onAir=off
[timecode] 15:38:06:05 capture=on(0.01s) onAir=off
[timecode] 15:38:07:05 capture=on(0.02s) onAir=off
[timecode] 15:38:08:05 capture=on(0.02s) onAir=off
[timecode] 15:38:09:05 capture=on(0.03s) onAir=off
[timecode] 15:38:10:06 capture=on(0.04s) onAir=off
[timecode] 15:38:11:06 capture=on(0.01s) onAir=off
[timecode] 15:38:12:06 capture=on(0.01s) onAir=off
[timecode] 15:38:13:06 capture=on(0.02s) onAir=off
[timecode] 15:38:14:06 capture=on(0.03s) onAir=off
[timecode] 15:38:15:07 capture=on(0.04s) onAir=off
[timecode] 15:38:16:07 capture=on(0.00s) onAir=off
[timecode] 15:38:17:07 capture=on(0.01s) onAir=off
[timecode] 15:38:18:07 capture=on(0.02s) onAir=off
[timecode] 15:38:19:07 capture=on(0.02s) onAir=off
[timecode] 15:38:20:07 capture=on(0.03s) onAir=off
[timecode] 15:38:21:08 capture=on(0.01s) onAir=off
[timecode] 15:38:22:08 capture=on(0.01s) onAir=off
[timecode] 15:38:23:08 capture=on(0.03s) onAir=off
[timecode] 15:38:24:08 capture=on(0.03s) onAir=off
[timecode] 15:38:25:09 capture=on(0.04s) onAir=off
[timecode] 15:38:26:09 capture=on(0.01s) onAir=off
[timecode] 15:38:27:09 capture=on(0.02s) onAir=off
[timecode] 15:38:28:09 capture=on(0.03s) onAir=off
[timecode] 15:38:29:10 capture=on(0.01s) onAir=off
[timecode] 15:38:30:10 capture=on(0.01s) onAir=off
[timecode] 15:38:31:10 capture=on(0.03s) onAir=off
[timecode] 15:38:32:11 capture=on(0.00s) onAir=off
[timecode] 15:38:33:11 capture=on(0.01s) onAir=off
[timecode] 15:38:34:11 capture=on(0.02s) onAir=off
[timecode] 15:38:35:11 capture=on(0.03s) onAir=off
[timecode] 15:38:36:12 capture=on(0.03s) onAir=off
[timecode] 15:38:37:12 capture=on(0.03s) onAir=off
[timecode] 15:38:38:12 capture=on(0.00s) onAir=off
[timecode] 15:38:39:12 capture=on(0.01s) onAir=off
[timecode] 15:38:40:12 capture=on(0.02s) onAir=off
[timecode] 15:38:41:12 capture=on(0.02s) onAir=off
[timecode] 15:38:42:13 capture=on(0.03s) onAir=off
[timecode] 15:38:43:13 capture=on(0.01s) onAir=off
[timecode] 15:38:44:13 capture=on(0.01s) onAir=off
[timecode] 15:38:45:13 capture=on(0.03s) onAir=off
[timecode] 15:38:46:14 capture=on(0.04s) onAir=off
[timecode] 15:38:47:14 capture=on(0.01s) onAir=off
[timecode] 15:38:48:14 capture=on(0.01s) onAir=off
[timecode] 15:38:49:14 capture=on(0.01s) onAir=off
[timecode] 15:38:50:14 capture=on(0.02s) onAir=off
[timecode] 15:38:51:14 capture=on(0.02s) onAir=off
[timecode] 15:38:52:15 capture=on(0.03s) onAir=off
[timecode] 15:38:53:15 capture=on(0.00s) onAir=off
[timecode] 15:38:54:15 capture=on(0.01s) onAir=off
[timecode] 15:38:55:15 capture=on(0.03s) onAir=off
[timecode] 15:38:56:16 capture=on(0.03s) onAir=off
[timecode] 15:38:57:16 capture=on(0.01s) onAir=off
[timecode] 15:38:58:16 capture=on(0.01s) onAir=off
[timecode] 15:38:59:16 capture=on(0.01s) onAir=off
[timecode] 15:39:00:16 capture=on(0.02s) onAir=off
[timecode] 15:39:01:16 capture=on(0.03s) onAir=off
[timecode] 15:39:02:17 capture=on(0.04s) onAir=off
[timecode] 15:39:03:17 capture=on(0.01s) onAir=off
[timecode] 15:39:04:17 capture=on(0.02s) onAir=off
[timecode] 15:39:05:17 capture=on(0.02s) onAir=off
[timecode] 15:39:06:18 capture=on(0.03s) onAir=off
[timecode] 15:39:07:18 capture=on(0.04s) onAir=off
[timecode] 15:39:08:18 capture=on(0.01s) onAir=off
[timecode] 15:39:09:18 capture=on(0.02s) onAir=off
[timecode] 15:39:10:19 capture=on(0.03s) onAir=off
[timecode] 15:39:11:19 capture=on(0.00s) onAir=off
[timecode] 15:39:12:19 capture=on(0.02s) onAir=off
[timecode] 15:39:13:19 capture=on(0.03s) onAir=off
[timecode] 15:39:14:20 capture=on(0.04s) onAir=off
[timecode] 15:39:15:20 capture=on(0.01s) onAir=off
[timecode] 15:39:16:20 capture=on(0.01s) onAir=off
[timecode] 15:39:17:20 capture=on(0.02s) onAir=off
[timecode] 15:39:18:21 capture=on(0.03s) onAir=off
[timecode] 15:39:19:21 capture=on(0.00s) onAir=off
[timecode] 15:39:20:21 capture=on(0.01s) onAir=off
[timecode] 15:39:21:21 capture=on(0.02s) onAir=off
[timecode] 15:39:22:22 capture=on(0.04s) onAir=off
[timecode] 15:39:23:22 capture=on(0.01s) onAir=off
[timecode] 15:39:24:22 capture=on(0.02s) onAir=off
[timecode] 15:39:25:23 capture=on(0.03s) onAir=off
[timecode] 15:39:26:23 capture=on(0.00s) onAir=off
[timecode] 15:39:27:23 capture=on(0.01s) onAir=off
[timecode] 15:39:28:23 capture=on(0.02s) onAir=off
[timecode] 15:39:29:24 capture=on(0.04s) onAir=off
[timecode] 15:39:30:24 capture=on(0.01s) onAir=off
[timecode] 15:39:31:24 capture=on(0.02s) onAir=off
[timecode] 15:39:33:00 capture=on(0.03s) onAir=off
[timecode] 15:39:34:00 capture=on(0.01s) onAir=off
[timecode] 15:39:35:00 capture=on(0.01s) onAir=off
[timecode] 15:39:36:00 capture=on(0.02s) onAir=off
[timecode] 15:39:37:01 capture=on(0.03s) onAir=off
[timecode] 15:39:38:01 capture=on(0.00s) onAir=off
[timecode] 15:39:39:01 capture=on(0.00s) onAir=off
[timecode] 15:39:40:01 capture=on(0.01s) onAir=off
[timecode] 15:39:41:01 capture=on(0.02s) onAir=off
[timecode] 15:39:42:01 capture=on(0.02s) onAir=off
[timecode] 15:39:43:02 capture=on(0.04s) onAir=off
[timecode] 15:39:44:02 capture=on(0.01s) onAir=off
[timecode] 15:39:45:02 capture=on(0.02s) onAir=off
[timecode] 15:39:46:03 capture=on(0.03s) onAir=off
[timecode] 15:39:47:03 capture=on(0.03s) onAir=off
[timecode] 15:39:48:03 capture=on(0.00s) onAir=off
[timecode] 15:39:49:03 capture=on(0.01s) onAir=off
[timecode] 15:39:50:03 capture=on(0.02s) onAir=off
[timecode] 15:39:51:04 capture=on(0.03s) onAir=off
[timecode] 15:39:52:04 capture=on(0.01s) onAir=off
[timecode] 15:39:53:04 capture=on(0.01s) onAir=off
[timecode] 15:39:54:04 capture=on(0.01s) onAir=off
[timecode] 15:39:55:05 capture=on(0.03s) onAir=off
[timecode] 15:39:56:05 capture=on(0.04s) onAir=off
[timecode] 15:39:57:05 capture=on(0.00s) onAir=off
[timecode] 15:39:58:05 capture=on(0.01s) onAir=off
[timecode] 15:39:59:05 capture=on(0.02s) onAir=off
[timecode] 15:40:00:06 capture=on(0.03s) onAir=off
[timecode] 15:40:01:06 capture=on(0.01s) onAir=off
[timecode] 15:40:02:06 capture=on(0.02s) onAir=off
[timecode] 15:40:03:07 capture=on(0.03s) onAir=off
[timecode] 15:40:04:07 capture=on(0.04s) onAir=off
[timecode] 15:40:05:07 capture=on(0.01s) onAir=off
[timecode] 15:40:06:07 capture=on(0.01s) onAir=off
[timecode] 15:40:07:07 capture=on(0.02s) onAir=off
[timecode] 15:40:08:07 capture=on(0.02s) onAir=off
[timecode] 15:40:09:08 capture=on(0.04s) onAir=off
[timecode] 15:40:10:08 capture=on(0.04s) onAir=off
[timecode] 15:40:11:08 capture=on(0.00s) onAir=off
[timecode] 15:40:12:08 capture=on(0.01s) onAir=off
[timecode] 15:40:13:08 capture=on(0.01s) onAir=off
[timecode] 15:40:14:08 capture=on(0.02s) onAir=off
[timecode] 15:40:15:09 capture=on(0.03s) onAir=off
[timecode] 15:40:16:09 capture=on(0.03s) onAir=off
[timecode] 15:40:17:09 capture=on(0.00s) onAir=off
[timecode] 15:40:18:09 capture=on(0.01s) onAir=off
[timecode] 15:40:19:09 capture=on(0.02s) onAir=off
[timecode] 15:40:20:10 capture=on(0.03s) onAir=off
[timecode] 15:40:21:10 capture=on(0.00s) onAir=off
[timecode] 15:40:22:10 capture=on(0.01s) onAir=off
[timecode] 15:40:23:11 capture=on(0.03s) onAir=off
[timecode] 15:40:24:11 capture=on(0.03s) onAir=off
[timecode] 15:40:25:11 capture=on(0.04s) onAir=off
[timecode] 15:40:26:11 capture=on(0.01s) onAir=off
[timecode] 15:40:27:11 capture=on(0.02s) onAir=off
[timecode] 15:40:28:12 capture=on(0.03s) onAir=off
[timecode] 15:40:29:12 capture=on(0.04s) onAir=off
[timecode] 15:40:30:12 capture=on(0.00s) onAir=off
[timecode] 15:40:31:12 capture=on(0.02s) onAir=off
[timecode] 15:40:32:13 capture=on(0.03s) onAir=off
[timecode] 15:40:33:13 capture=on(0.04s) onAir=off
[timecode] 15:40:34:13 capture=on(0.01s) onAir=off
[timecode] 15:40:35:13 capture=on(0.02s) onAir=off
[timecode] 15:40:36:14 capture=on(0.03s) onAir=off
[timecode] 15:40:37:14 capture=on(0.04s) onAir=off
[timecode] 15:40:38:14 capture=on(0.00s) onAir=off
[timecode] 15:40:39:14 capture=on(0.01s) onAir=off
[timecode] 15:40:40:14 capture=on(0.02s) onAir=off
[timecode] 15:40:41:14 capture=on(0.02s) onAir=off
[timecode] 15:40:42:14 capture=on(0.02s) onAir=off
[timecode] 15:40:43:15 capture=on(0.03s) onAir=off
[timecode] 15:40:44:15 capture=on(0.03s) onAir=off
[timecode] 15:40:45:15 capture=on(0.00s) onAir=off
[timecode] 15:40:46:15 capture=on(0.01s) onAir=off
[timecode] 15:40:47:16 capture=on(0.02s) onAir=off
[timecode] 15:40:48:16 capture=on(0.03s) onAir=off
[timecode] 15:40:49:16 capture=on(0.04s) onAir=off
[timecode] 15:40:50:16 capture=on(0.01s) onAir=off
[timecode] 15:40:51:16 capture=on(0.02s) onAir=off
[timecode] 15:40:52:17 capture=on(0.03s) onAir=off
[timecode] 15:40:53:17 capture=on(0.04s) onAir=off
[timecode] 15:40:54:17 capture=on(0.01s) onAir=off
[timecode] 15:40:55:17 capture=on(0.02s) onAir=off
[timecode] 15:40:56:18 capture=on(0.03s) onAir=off
[timecode] 15:40:57:18 capture=on(0.00s) onAir=off
[timecode] 15:40:58:18 capture=on(0.01s) onAir=off
[timecode] 15:40:59:18 capture=on(0.01s) onAir=off
[timecode] 15:41:00:18 capture=on(0.01s) onAir=off
[timecode] 15:41:01:18 capture=on(0.02s) onAir=off
[timecode] 15:41:02:19 capture=on(0.03s) onAir=off
[timecode] 15:41:03:19 capture=on(0.00s) onAir=off
[timecode] 15:41:04:19 capture=on(0.01s) onAir=off
[timecode] 15:41:05:19 capture=on(0.02s) onAir=off
[timecode] 15:41:06:20 capture=on(0.03s) onAir=off
[timecode] 15:41:07:20 capture=on(0.04s) onAir=off
[timecode] 15:41:08:20 capture=on(0.01s) onAir=off
[timecode] 15:41:09:20 capture=on(0.02s) onAir=off
[timecode] 15:41:10:21 capture=on(0.03s) onAir=off
[timecode] 15:41:11:21 capture=on(0.04s) onAir=off
[timecode] 15:41:12:21 capture=on(0.01s) onAir=off
[timecode] 15:41:13:21 capture=on(0.02s) onAir=off
[timecode] 15:41:14:22 capture=on(0.03s) onAir=off
[timecode] 15:41:15:22 capture=on(0.03s) onAir=off
[timecode] 15:41:16:22 capture=on(0.03s) onAir=off
[timecode] 15:41:17:22 capture=on(0.03s) onAir=off
[timecode] 15:41:18:22 capture=on(0.03s) onAir=off
[timecode] 15:41:19:22 capture=on(0.01s) onAir=off
[timecode] 15:41:20:22 capture=on(0.01s) onAir=off
[timecode] 15:41:21:22 capture=on(0.02s) onAir=off
[timecode] 15:41:22:23 capture=on(0.03s) onAir=off
[timecode] 15:41:23:23 capture=on(0.03s) onAir=off
[timecode] 15:41:24:23 capture=on(0.04s) onAir=off
[timecode] 15:41:25:23 capture=on(0.01s) onAir=off
[timecode] 15:41:26:23 capture=on(0.02s) onAir=off
[timecode] 15:41:27:24 capture=on(0.03s) onAir=off
[timecode] 15:41:28:24 capture=on(0.03s) onAir=off
[timecode] 15:41:29:24 capture=on(0.00s) onAir=off
[timecode] 15:41:30:24 capture=on(0.01s) onAir=off
[timecode] 15:41:31:24 capture=on(0.01s) onAir=off
[timecode] 15:41:32:24 capture=on(0.01s) onAir=off
[timecode] 15:41:33:24 capture=on(0.01s) onAir=off
[timecode] 15:41:34:24 capture=on(0.01s) onAir=off
[timecode] 15:41:35:24 capture=on(0.02s) onAir=off
[timecode] 15:41:37:00 capture=on(0.03s) onAir=off
[timecode] 15:41:38:00 capture=on(0.00s) onAir=off
[timecode] 15:41:39:00 capture=on(0.01s) onAir=off
[timecode] 15:41:40:00 capture=on(0.01s) onAir=off
[timecode] 15:41:41:00 capture=on(0.01s) onAir=off
[timecode] 15:41:42:00 capture=on(0.01s) onAir=off
[timecode] 15:41:43:00 capture=on(0.01s) onAir=off
[timecode] 15:41:44:00 capture=on(0.01s) onAir=off
[timecode] 15:41:45:00 capture=on(0.01s) onAir=off
[timecode] 15:41:46:00 capture=on(0.01s) onAir=off
[timecode] 15:41:47:00 capture=on(0.01s) onAir=off
[timecode] 15:41:48:01 capture=on(0.02s) onAir=off
[timecode] 15:41:49:01 capture=on(0.03s) onAir=off
[timecode] 15:41:50:01 capture=on(0.04s) onAir=off
[timecode] 15:41:51:01 capture=on(0.00s) onAir=off
[timecode] 15:41:52:01 capture=on(0.01s) onAir=off
[timecode] 15:41:53:01 capture=on(0.01s) onAir=off
[timecode] 15:41:54:01 capture=on(0.01s) onAir=off
[timecode] 15:41:55:01 capture=on(0.01s) onAir=off
[timecode] 15:41:56:01 capture=on(0.01s) onAir=off
[timecode] 15:41:57:01 capture=on(0.01s) onAir=off
[timecode] 15:41:58:01 capture=on(0.01s) onAir=off
[timecode] 15:41:59:01 capture=on(0.01s) onAir=off
[timecode] 15:42:00:01 capture=on(0.01s) onAir=off
[timecode] 15:42:01:01 capture=on(0.01s) onAir=off
[timecode] 15:42:02:01 capture=on(0.01s) onAir=off
[timecode] 15:42:03:01 capture=on(0.01s) onAir=off
[timecode] 15:42:04:01 capture=on(0.01s) onAir=off
[timecode] 15:42:05:01 capture=on(0.01s) onAir=off
[timecode] 15:42:06:02 capture=on(0.02s) onAir=off
[timecode] 15:42:07:02 capture=on(0.03s) onAir=off
[timecode] 15:42:08:02 capture=on(0.00s) onAir=off
[timecode] 15:42:09:02 capture=on(0.01s) onAir=off
[timecode] 15:42:10:02 capture=on(0.01s) onAir=off
[timecode] 15:42:11:02 capture=on(0.01s) onAir=off
[timecode] 15:42:12:02 capture=on(0.01s) onAir=off
[timecode] 15:42:13:02 capture=on(0.01s) onAir=off
[timecode] 15:42:14:02 capture=on(0.01s) onAir=off
[timecode] 15:42:15:03 capture=on(0.03s) onAir=off
[timecode] 15:42:16:03 capture=on(0.03s) onAir=off
[timecode] 15:42:17:03 capture=on(0.00s) onAir=off
[timecode] 15:42:18:03 capture=on(0.01s) onAir=off
[timecode] 15:42:19:03 capture=on(0.01s) onAir=off
[timecode] 15:42:20:03 capture=on(0.01s) onAir=off
[timecode] 15:42:21:03 capture=on(0.01s) onAir=off
[timecode] 15:42:22:03 capture=on(0.01s) onAir=off
[timecode] 15:42:23:04 capture=on(0.02s) onAir=off
[timecode] 15:42:24:04 capture=on(0.03s) onAir=off
[timecode] 15:42:25:04 capture=on(0.01s) onAir=off
[timecode] 15:42:26:04 capture=on(0.01s) onAir=off
[timecode] 15:42:27:04 capture=on(0.01s) onAir=off
[timecode] 15:42:28:05 capture=on(0.02s) onAir=off
[timecode] 15:42:29:05 capture=on(0.02s) onAir=off
[timecode] 15:42:30:05 capture=on(0.04s) onAir=off
[timecode] 15:42:31:05 capture=on(0.01s) onAir=off
[timecode] 15:42:32:05 capture=on(0.01s) onAir=off
[timecode] 15:42:33:05 capture=on(0.01s) onAir=off
[timecode] 15:42:34:05 capture=on(0.01s) onAir=off
[timecode] 15:42:35:05 capture=on(0.01s) onAir=off
[timecode] 15:42:36:05 capture=on(0.01s) onAir=off
[timecode] 15:42:37:05 capture=on(0.01s) onAir=off
[timecode] 15:42:38:05 capture=on(0.01s) onAir=off
[timecode] 15:42:39:05 capture=on(0.01s) onAir=off
[timecode] 15:42:40:05 capture=on(0.01s) onAir=off
[timecode] 15:42:41:05 capture=on(0.01s) onAir=off
[timecode] 15:42:42:05 capture=on(0.01s) onAir=off
[timecode] 15:42:43:05 capture=on(0.01s) onAir=off
[timecode] 15:42:44:05 capture=on(0.01s) onAir=off
[timecode] 15:42:45:05 capture=on(0.01s) onAir=off
[timecode] 15:42:46:05 capture=on(0.01s) onAir=off
[timecode] 15:42:47:05 capture=on(0.01s) onAir=off
[timecode] 15:42:48:05 capture=on(0.01s) onAir=off
[timecode] 15:42:49:05 capture=on(0.01s) onAir=off
[timecode] 15:42:50:05 capture=on(0.01s) onAir=off
[timecode] 15:42:51:05 capture=on(0.01s) onAir=off
[timecode] 15:42:52:06 capture=on(0.02s) onAir=off
[timecode] 15:42:53:06 capture=on(0.03s) onAir=off
[timecode] 15:42:54:06 capture=on(0.00s) onAir=off
[timecode] 15:42:55:06 capture=on(0.01s) onAir=off
[timecode] 15:42:56:06 capture=on(0.01s) onAir=off
[timecode] 15:42:57:06 capture=on(0.01s) onAir=off
[timecode] 15:42:58:06 capture=on(0.01s) onAir=off
[timecode] 15:42:59:06 capture=on(0.01s) onAir=off
[timecode] 15:43:00:06 capture=on(0.01s) onAir=off
[timecode] 15:43:01:06 capture=on(0.01s) onAir=off
[timecode] 15:43:02:07 capture=on(0.02s) onAir=off
[timecode] 15:43:03:07 capture=on(0.04s) onAir=off
[timecode] 15:43:04:07 capture=on(0.00s) onAir=off
[timecode] 15:43:05:07 capture=on(0.01s) onAir=off
[timecode] 15:43:06:07 capture=on(0.01s) onAir=off
[timecode] 15:43:07:07 capture=on(0.01s) onAir=off
[timecode] 15:43:08:07 capture=on(0.01s) onAir=off
[timecode] 15:43:09:07 capture=on(0.01s) onAir=off
[timecode] 15:43:10:07 capture=on(0.01s) onAir=off
[timecode] 15:43:11:07 capture=on(0.01s) onAir=off
[timecode] 15:43:12:07 capture=on(0.01s) onAir=off
[timecode] 15:43:13:08 capture=on(0.02s) onAir=off
[timecode] 15:43:14:08 capture=on(0.03s) onAir=off
[timecode] 15:43:15:08 capture=on(0.04s) onAir=off
[timecode] 15:43:16:08 capture=on(0.01s) onAir=off
[timecode] 15:43:17:08 capture=on(0.01s) onAir=off
[timecode] 15:43:18:08 capture=on(0.01s) onAir=off
[timecode] 15:43:19:08 capture=on(0.01s) onAir=off
[timecode] 15:43:20:09 capture=on(0.02s) onAir=off
[timecode] 15:43:21:09 capture=on(0.02s) onAir=off
[timecode] 15:43:22:09 capture=on(0.03s) onAir=off
[timecode] 15:43:23:09 capture=on(0.04s) onAir=off
[timecode] 15:43:24:09 capture=on(0.01s) onAir=off
[timecode] 15:43:25:09 capture=on(0.01s) onAir=off
[timecode] 15:43:26:10 capture=on(0.02s) onAir=off
[timecode] 15:43:27:10 capture=on(0.03s) onAir=off
[timecode] 15:43:28:10 capture=on(0.00s) onAir=off
[timecode] 15:43:29:10 capture=on(0.01s) onAir=off
[timecode] 15:43:30:10 capture=on(0.01s) onAir=off
[timecode] 15:43:31:10 capture=on(0.01s) onAir=off
[timecode] 15:43:32:10 capture=on(0.01s) onAir=off
[timecode] 15:43:33:10 capture=on(0.01s) onAir=off
[timecode] 15:43:34:10 capture=on(0.01s) onAir=off
[timecode] 15:43:35:10 capture=on(0.01s) onAir=off
[timecode] 15:43:36:10 capture=on(0.01s) onAir=off
[timecode] 15:43:37:10 capture=on(0.01s) onAir=off
[timecode] 15:43:38:10 capture=on(0.01s) onAir=off
[timecode] 15:43:39:11 capture=on(0.02s) onAir=off
[timecode] 15:43:40:11 capture=on(0.03s) onAir=off
[timecode] 15:43:41:11 capture=on(0.00s) onAir=off
[timecode] 15:43:42:11 capture=on(0.01s) onAir=off
[timecode] 15:43:43:11 capture=on(0.01s) onAir=off
[timecode] 15:43:44:11 capture=on(0.01s) onAir=off
[timecode] 15:43:45:11 capture=on(0.01s) onAir=off
[timecode] 15:43:46:11 capture=on(0.05s) onAir=off
[timecode] 15:43:47:12 capture=on(0.01s) onAir=off
[timecode] 15:43:48:12 capture=on(0.02s) onAir=off
[timecode] 15:43:49:12 capture=on(0.03s) onAir=off
[timecode] 15:43:50:12 capture=on(0.04s) onAir=off
[timecode] 15:43:51:12 capture=on(0.01s) onAir=off
[timecode] 15:43:52:12 capture=on(0.01s) onAir=off
[timecode] 15:43:53:12 capture=on(0.01s) onAir=off
[timecode] 15:43:54:12 capture=on(0.01s) onAir=off
[timecode] 15:43:55:12 capture=on(0.01s) onAir=off
[timecode] 15:43:56:12 capture=on(0.01s) onAir=off
[timecode] 15:43:57:12 capture=on(0.01s) onAir=off
[timecode] 15:43:58:13 capture=on(0.01s) onAir=off
[timecode] 15:43:59:13 capture=on(0.02s) onAir=off
[timecode] 15:44:00:13 capture=on(0.03s) onAir=off
[timecode] 15:44:01:13 capture=on(0.03s) onAir=off
[timecode] 15:44:02:13 capture=on(0.03s) onAir=off
[timecode] 15:44:03:13 capture=on(0.00s) onAir=off
[timecode] 15:44:04:13 capture=on(0.01s) onAir=off
[timecode] 15:44:05:14 capture=on(0.01s) onAir=off
[timecode] 15:44:06:14 capture=on(0.03s) onAir=off
[timecode] 15:44:07:14 capture=on(0.03s) onAir=off
[timecode] 15:44:08:14 capture=on(0.00s) onAir=off
[timecode] 15:44:09:14 capture=on(0.01s) onAir=off
[timecode] 15:44:10:14 capture=on(0.01s) onAir=off
[timecode] 15:44:11:14 capture=on(0.01s) onAir=off
[timecode] 15:44:12:14 capture=on(0.01s) onAir=off
[timecode] 15:44:13:14 capture=on(0.01s) onAir=off
[timecode] 15:44:14:15 capture=on(0.01s) onAir=off
[timecode] 15:44:15:15 capture=on(0.02s) onAir=off
[timecode] 15:44:16:15 capture=on(0.02s) onAir=off
[timecode] 15:44:17:15 capture=on(0.02s) onAir=off
[timecode] 15:44:18:15 capture=on(0.03s) onAir=off
[timecode] 15:44:19:15 capture=on(0.03s) onAir=off
[timecode] 15:44:20:15 capture=on(0.03s) onAir=off
[timecode] 15:44:21:15 capture=on(0.03s) onAir=off
[timecode] 15:44:22:15 capture=on(0.00s) onAir=off
[timecode] 15:44:23:15 capture=on(0.00s) onAir=off
[timecode] 15:44:24:15 capture=on(0.00s) onAir=off
[timecode] 15:44:25:16 capture=on(0.01s) onAir=off
[timecode] 15:44:26:16 capture=on(0.01s) onAir=off
[timecode] 15:44:27:16 capture=on(0.02s) onAir=off
[timecode] 15:44:28:16 capture=on(0.03s) onAir=off
[timecode] 15:44:29:16 capture=on(0.00s) onAir=off
[timecode] 15:44:30:16 capture=on(0.00s) onAir=off
[timecode] 15:44:31:16 capture=on(0.00s) onAir=off
[timecode] 15:44:32:16 capture=on(0.00s) onAir=off
[timecode] 15:44:33:16 capture=on(0.00s) onAir=off
[timecode] 15:44:34:16 capture=on(0.00s) onAir=off
[timecode] 15:44:35:16 capture=on(0.00s) onAir=off
[timecode] 15:44:36:17 capture=on(0.01s) onAir=off
[timecode] 15:44:37:17 capture=on(0.01s) onAir=off
[timecode] 15:44:38:17 capture=on(0.02s) onAir=off
[timecode] 15:44:39:17 capture=on(0.02s) onAir=off
[timecode] 15:44:40:17 capture=on(0.00s) onAir=off
[timecode] 15:44:41:17 capture=on(0.00s) onAir=off
[timecode] 15:44:42:18 capture=on(0.01s) onAir=off
[timecode] 15:44:43:18 capture=on(0.02s) onAir=off
[timecode] 15:44:44:18 capture=on(0.03s) onAir=off
[timecode] 15:44:45:18 capture=on(0.03s) onAir=off
[timecode] 15:44:46:18 capture=on(0.00s) onAir=off
[timecode] 15:44:47:18 capture=on(0.00s) onAir=off
[timecode] 15:44:48:18 capture=on(0.00s) onAir=off
[timecode] 15:44:49:19 capture=on(0.02s) onAir=off
[timecode] 15:44:50:19 capture=on(0.02s) onAir=off
[timecode] 15:44:51:19 capture=on(0.03s) onAir=off
[timecode] 15:44:52:19 capture=on(0.00s) onAir=off
[timecode] 15:44:53:19 capture=on(0.00s) onAir=off
[timecode] 15:44:54:20 capture=on(0.01s) onAir=off
[timecode] 15:44:55:20 capture=on(0.03s) onAir=off
[timecode] 15:44:56:20 capture=on(0.03s) onAir=off
[timecode] 15:44:57:20 capture=on(0.00s) onAir=off
[timecode] 15:44:58:20 capture=on(0.00s) onAir=off
[timecode] 15:44:59:20 capture=on(0.00s) onAir=off
[timecode] 15:45:00:20 capture=on(0.00s) onAir=off
[timecode] 15:45:01:20 capture=on(0.00s) onAir=off
[timecode] 15:45:02:20 capture=on(0.00s) onAir=off
[timecode] 15:45:03:21 capture=on(0.01s) onAir=off
[timecode] 15:45:04:21 capture=on(0.02s) onAir=off
[timecode] 15:45:05:21 capture=on(0.00s) onAir=off
[timecode] 15:45:06:21 capture=on(0.00s) onAir=off
[timecode] 15:45:07:22 capture=on(0.01s) onAir=off
[timecode] 15:45:08:22 capture=on(0.01s) onAir=off
[timecode] 15:45:09:22 capture=on(0.02s) onAir=off
[timecode] 15:45:10:22 capture=on(0.02s) onAir=off
[timecode] 15:45:11:22 capture=on(0.03s) onAir=off
[timecode] 15:45:12:22 capture=on(0.00s) onAir=off
[timecode] 15:45:13:22 capture=on(0.00s) onAir=off
[timecode] 15:45:14:22 capture=on(0.00s) onAir=off
[timecode] 15:45:15:22 capture=on(0.01s) onAir=off
[timecode] 15:45:16:23 capture=on(0.01s) onAir=off
[timecode] 15:45:17:23 capture=on(0.02s) onAir=off
[timecode] 15:45:18:23 capture=on(0.03s) onAir=off
[timecode] 15:45:19:23 capture=on(0.00s) onAir=off
[timecode] 15:45:20:23 capture=on(0.00s) onAir=off
[timecode] 15:45:21:23 capture=on(0.00s) onAir=off
[timecode] 15:45:22:24 capture=on(0.01s) onAir=off
[timecode] 15:45:23:24 capture=on(0.01s) onAir=off
[timecode] 15:45:24:24 capture=on(0.01s) onAir=off
[timecode] 15:45:25:24 capture=on(0.02s) onAir=off
[timecode] 15:45:26:24 capture=on(0.03s) onAir=off
[timecode] 15:45:27:24 capture=on(0.00s) onAir=off
[timecode] 15:45:28:24 capture=on(0.00s) onAir=off
[timecode] 15:45:30:00 capture=on(0.01s) onAir=off
[timecode] 15:45:31:00 capture=on(0.01s) onAir=off
[timecode] 15:45:32:00 capture=on(0.01s) onAir=off
[timecode] 15:45:33:00 capture=on(0.01s) onAir=off
[timecode] 15:45:34:00 capture=on(0.01s) onAir=off
[timecode] 15:45:35:00 capture=on(0.01s) onAir=off
[timecode] 15:45:36:00 capture=on(0.02s) onAir=off
[timecode] 15:45:37:00 capture=on(0.03s) onAir=off
[timecode] 15:45:38:00 capture=on(0.03s) onAir=off
[timecode] 15:45:39:00 capture=on(0.00s) onAir=off
[timecode] 15:45:40:00 capture=on(0.00s) onAir=off
[timecode] 15:45:41:01 capture=on(0.01s) onAir=off
[timecode] 15:45:42:01 capture=on(0.01s) onAir=off
[timecode] 15:45:43:01 capture=on(0.01s) onAir=off
[timecode] 15:45:44:01 capture=on(0.01s) onAir=off
[timecode] 15:45:45:01 capture=on(0.02s) onAir=off
[timecode] 15:45:46:01 capture=on(0.03s) onAir=off
[timecode] 15:45:47:01 capture=on(0.04s) onAir=off
[timecode] 15:45:48:01 capture=on(0.00s) onAir=off
[timecode] 15:45:49:01 capture=on(0.00s) onAir=off
[timecode] 15:45:50:01 capture=on(0.00s) onAir=off
[timecode] 15:45:51:02 capture=on(0.00s) onAir=off
[timecode] 15:45:52:02 capture=on(0.01s) onAir=off
[timecode] 15:45:53:02 capture=on(0.01s) onAir=off
[timecode] 15:45:54:02 capture=on(0.01s) onAir=off
[timecode] 15:45:55:02 capture=on(0.02s) onAir=off
[timecode] 15:45:56:02 capture=on(0.03s) onAir=off
[timecode] 15:45:57:02 capture=on(0.03s) onAir=off
[timecode] 15:45:58:03 capture=on(0.01s) onAir=off
[timecode] 15:45:59:03 capture=on(0.01s) onAir=off
[timecode] 15:46:00:03 capture=on(0.02s) onAir=off
[timecode] 15:46:01:03 capture=on(0.03s) onAir=off
[timecode] 15:46:02:03 capture=on(0.03s) onAir=off
[timecode] 15:46:03:04 capture=on(0.00s) onAir=off
[timecode] 15:46:04:04 capture=on(0.01s) onAir=off
[timecode] 15:46:05:04 capture=on(0.01s) onAir=off
[timecode] 15:46:06:04 capture=on(0.01s) onAir=off
[timecode] 15:46:07:04 capture=on(0.01s) onAir=off
[timecode] 15:46:08:04 capture=on(0.02s) onAir=off
[timecode] 15:46:09:04 capture=on(0.03s) onAir=off
[timecode] 15:46:10:04 capture=on(0.04s) onAir=off
[timecode] 15:46:11:04 capture=on(0.04s) onAir=off
[timecode] 15:46:12:05 capture=on(0.01s) onAir=off
[timecode] 15:46:13:05 capture=on(0.01s) onAir=off
[timecode] 15:46:14:05 capture=on(0.01s) onAir=off
[timecode] 15:46:15:05 capture=on(0.01s) onAir=off
[timecode] 15:46:16:05 capture=on(0.02s) onAir=off
[timecode] 15:46:17:05 capture=on(0.04s) onAir=off
[timecode] 15:46:18:05 capture=on(0.00s) onAir=off
[timecode] 15:46:19:06 capture=on(0.01s) onAir=off
[timecode] 15:46:20:06 capture=on(0.01s) onAir=off
[timecode] 15:46:21:06 capture=on(0.02s) onAir=off
[timecode] 15:46:22:06 capture=on(0.02s) onAir=off
[timecode] 15:46:23:06 capture=on(0.02s) onAir=off
[timecode] 15:46:24:06 capture=on(0.03s) onAir=off
[timecode] 15:46:25:06 capture=on(0.03s) onAir=off
[timecode] 15:46:26:07 capture=on(0.00s) onAir=off
[timecode] 15:46:27:07 capture=on(0.00s) onAir=off
[timecode] 15:46:28:07 capture=on(0.01s) onAir=off
[timecode] 15:46:29:07 capture=on(0.01s) onAir=off
[timecode] 15:46:30:07 capture=on(0.01s) onAir=off
[timecode] 15:46:31:07 capture=on(0.02s) onAir=off
[timecode] 15:46:32:07 capture=on(0.03s) onAir=off
[timecode] 15:46:33:07 capture=on(0.03s) onAir=off
[timecode] 15:46:34:07 capture=on(0.03s) onAir=off
[timecode] 15:46:35:07 capture=on(0.04s) onAir=off
[timecode] 15:46:36:08 capture=on(0.00s) onAir=off
[timecode] 15:46:37:08 capture=on(0.00s) onAir=off
[timecode] 15:46:38:08 capture=on(0.00s) onAir=off
[timecode] 15:46:39:08 capture=on(0.00s) onAir=off
[timecode] 15:46:40:08 capture=on(0.00s) onAir=off
[timecode] 15:46:41:08 capture=on(0.01s) onAir=off
[timecode] 15:46:42:08 capture=on(0.01s) onAir=off
[timecode] 15:46:43:08 capture=on(0.01s) onAir=off
[timecode] 15:46:44:08 capture=on(0.02s) onAir=off
[timecode] 15:46:45:08 capture=on(0.03s) onAir=off
[timecode] 15:46:46:08 capture=on(0.04s) onAir=off
[timecode] 15:46:47:09 capture=on(0.01s) onAir=off
[timecode] 15:46:48:09 capture=on(0.01s) onAir=off
[timecode] 15:46:49:09 capture=on(0.01s) onAir=off
[timecode] 15:46:50:09 capture=on(0.02s) onAir=off
[timecode] 15:46:51:09 capture=on(0.03s) onAir=off
[timecode] 15:46:52:09 capture=on(0.03s) onAir=off
[timecode] 15:46:53:09 capture=on(0.04s) onAir=off
[timecode] 15:46:54:10 capture=on(0.00s) onAir=off
[timecode] 15:46:55:10 capture=on(0.01s) onAir=off
[timecode] 15:46:56:10 capture=on(0.00s) onAir=off
[timecode] 15:46:57:10 capture=on(0.00s) onAir=off
[timecode] 15:46:58:10 capture=on(0.00s) onAir=off
[timecode] 15:46:59:10 capture=on(0.01s) onAir=off
[timecode] 15:47:00:10 capture=on(0.00s) onAir=off
[timecode] 15:47:01:10 capture=on(0.01s) onAir=off
[timecode] 15:47:02:10 capture=on(0.02s) onAir=off
[timecode] 15:47:03:10 capture=on(0.04s) onAir=off
[timecode] 15:47:04:11 capture=on(0.00s) onAir=off
[timecode] 15:47:05:11 capture=on(0.01s) onAir=off
[timecode] 15:47:06:11 capture=on(0.00s) onAir=off
[timecode] 15:47:07:11 capture=on(0.00s) onAir=off
[timecode] 15:47:08:11 capture=on(0.01s) onAir=off
[timecode] 15:47:09:11 capture=on(0.02s) onAir=off
[timecode] 15:47:10:11 capture=on(0.02s) onAir=off
[timecode] 15:47:11:11 capture=on(0.03s) onAir=off
[timecode] 15:47:12:11 capture=on(0.04s) onAir=off
[timecode] 15:47:13:12 capture=on(0.00s) onAir=off
[timecode] 15:47:14:12 capture=on(0.00s) onAir=off
[timecode] 15:47:15:12 capture=on(0.01s) onAir=off
[timecode] 15:47:16:12 capture=on(0.02s) onAir=off
[timecode] 15:47:17:12 capture=on(0.03s) onAir=off
[timecode] 15:47:18:12 capture=on(0.03s) onAir=off
[timecode] 15:47:19:12 capture=on(0.03s) onAir=off
[timecode] 15:47:20:13 capture=on(0.00s) onAir=off
[timecode] 15:47:21:13 capture=on(0.00s) onAir=off
[timecode] 15:47:22:13 capture=on(0.01s) onAir=off
[timecode] 15:47:23:13 capture=on(0.01s) onAir=off
[timecode] 15:47:24:13 capture=on(0.01s) onAir=off
[timecode] 15:47:25:13 capture=on(0.01s) onAir=off
[timecode] 15:47:26:13 capture=on(0.01s) onAir=off
[timecode] 15:47:27:13 capture=on(0.02s) onAir=off
[timecode] 15:47:28:13 capture=on(0.03s) onAir=off
[timecode] 15:47:29:14 capture=on(0.04s) onAir=off
[timecode] 15:47:30:14 capture=on(0.00s) onAir=off
[timecode] 15:47:31:14 capture=on(0.01s) onAir=off
[timecode] 15:47:32:14 capture=on(0.01s) onAir=off
[timecode] 15:47:33:14 capture=on(0.01s) onAir=off
[timecode] 15:47:34:14 capture=on(0.01s) onAir=off
[timecode] 15:47:35:14 capture=on(0.01s) onAir=off
[timecode] 15:47:36:14 capture=on(0.01s) onAir=off
[timecode] 15:47:37:14 capture=on(0.01s) onAir=off
[timecode] 15:47:38:14 capture=on(0.01s) onAir=off
[timecode] 15:47:39:14 capture=on(0.03s) onAir=off
[timecode] 15:47:40:14 capture=on(0.03s) onAir=off
[timecode] 15:47:41:14 capture=on(0.04s) onAir=off
[timecode] 15:47:42:15 capture=on(0.00s) onAir=off
[timecode] 15:47:43:15 capture=on(0.01s) onAir=off
[timecode] 15:47:44:15 capture=on(0.01s) onAir=off
[timecode] 15:47:45:15 capture=on(0.01s) onAir=off
[timecode] 15:47:46:15 capture=on(0.01s) onAir=off
[timecode] 15:47:47:15 capture=on(0.01s) onAir=off
[timecode] 15:47:48:15 capture=on(0.01s) onAir=off
[timecode] 15:47:49:15 capture=on(0.01s) onAir=off
[timecode] 15:47:50:15 capture=on(0.01s) onAir=off
[timecode] 15:47:51:15 capture=on(0.01s) onAir=off
[timecode] 15:47:52:15 capture=on(0.01s) onAir=off
[timecode] 15:47:53:15 capture=on(0.01s) onAir=off
[timecode] 15:47:54:15 capture=on(0.01s) onAir=off
[timecode] 15:47:55:15 capture=on(0.01s) onAir=off
[timecode] 15:47:56:15 capture=on(0.01s) onAir=off
[timecode] 15:47:57:15 capture=on(0.01s) onAir=off
[timecode] 15:47:58:15 capture=on(0.02s) onAir=off
[timecode] 15:47:59:15 capture=on(0.02s) onAir=off
[timecode] 15:48:00:16 capture=on(0.04s) onAir=off
[timecode] 15:48:01:16 capture=on(0.01s) onAir=off
[timecode] 15:48:02:16 capture=on(0.01s) onAir=off
[timecode] 15:48:03:16 capture=on(0.01s) onAir=off
[timecode] 15:48:04:16 capture=on(0.02s) onAir=off
[timecode] 15:48:05:16 capture=on(0.03s) onAir=off
[timecode] 15:48:06:16 capture=on(0.03s) onAir=off
[timecode] 15:48:07:17 capture=on(0.00s) onAir=off
[timecode] 15:48:08:17 capture=on(0.00s) onAir=off
[timecode] 15:48:09:17 capture=on(0.01s) onAir=off
[timecode] 15:48:10:17 capture=on(0.01s) onAir=off
[timecode] 15:48:11:17 capture=on(0.01s) onAir=off
[timecode] 15:48:12:17 capture=on(0.01s) onAir=off
[timecode] 15:48:13:17 capture=on(0.02s) onAir=off
[timecode] 15:48:14:17 capture=on(0.03s) onAir=off
[timecode] 15:48:15:17 capture=on(0.03s) onAir=off
[timecode] 15:48:16:18 capture=on(0.00s) onAir=off
[timecode] 15:48:17:18 capture=on(0.01s) onAir=off
[timecode] 15:48:18:18 capture=on(0.01s) onAir=off
[timecode] 15:48:19:18 capture=on(0.02s) onAir=off
[timecode] 15:48:20:18 capture=on(0.03s) onAir=off
[timecode] 15:48:21:19 capture=on(0.04s) onAir=off
[timecode] 15:48:22:19 capture=on(0.03s) onAir=off
[timecode] 15:48:23:19 capture=on(0.00s) onAir=off
[timecode] 15:48:24:19 capture=on(0.00s) onAir=off
[timecode] 15:48:25:19 capture=on(0.00s) onAir=off
[timecode] 15:48:26:19 capture=on(0.00s) onAir=off
[timecode] 15:48:27:19 capture=on(0.01s) onAir=off
[timecode] 15:48:28:19 capture=on(0.02s) onAir=off
[timecode] 15:48:29:19 capture=on(0.02s) onAir=off
[timecode] 15:48:30:20 capture=on(0.00s) onAir=off
[timecode] 15:48:31:20 capture=on(0.00s) onAir=off
[timecode] 15:48:32:20 capture=on(0.00s) onAir=off
[timecode] 15:48:33:20 capture=on(0.00s) onAir=off
[timecode] 15:48:34:20 capture=on(0.00s) onAir=off
[timecode] 15:48:35:20 capture=on(0.01s) onAir=off
[timecode] 15:48:36:20 capture=on(0.01s) onAir=off
[timecode] 15:48:37:20 capture=on(0.02s) onAir=off
[timecode] 15:48:38:20 capture=on(0.02s) onAir=off
[timecode] 15:48:39:20 capture=on(0.03s) onAir=off
[timecode] 15:48:40:21 capture=on(0.00s) onAir=off
[timecode] 15:48:41:21 capture=on(0.00s) onAir=off
[timecode] 15:48:42:21 capture=on(0.00s) onAir=off
[timecode] 15:48:43:21 capture=on(0.00s) onAir=off
[timecode] 15:48:44:21 capture=on(0.00s) onAir=off
[timecode] 15:48:45:21 capture=on(0.00s) onAir=off
[timecode] 15:48:46:21 capture=on(0.01s) onAir=off
[timecode] 15:48:47:21 capture=on(0.01s) onAir=off
[timecode] 15:48:48:21 capture=on(0.01s) onAir=off
[timecode] 15:48:49:21 capture=on(0.02s) onAir=off
[timecode] 15:48:50:22 capture=on(0.03s) onAir=off
[timecode] 15:48:51:22 capture=on(0.00s) onAir=off
[timecode] 15:48:52:22 capture=on(0.00s) onAir=off
[timecode] 15:48:53:22 capture=on(0.00s) onAir=off
[timecode] 15:48:54:22 capture=on(0.00s) onAir=off
[timecode] 15:48:55:22 capture=on(0.00s) onAir=off
[timecode] 15:48:56:22 capture=on(0.01s) onAir=off
[timecode] 15:48:57:22 capture=on(0.01s) onAir=off
[timecode] 15:48:58:22 capture=on(0.03s) onAir=off
[timecode] 15:48:59:23 capture=on(0.03s) onAir=off
[timecode] 15:49:00:23 capture=on(0.00s) onAir=off
[timecode] 15:49:01:23 capture=on(0.00s) onAir=off
[timecode] 15:49:02:23 capture=on(0.00s) onAir=off
[timecode] 15:49:03:23 capture=on(0.00s) onAir=off
[timecode] 15:49:04:23 capture=on(0.00s) onAir=off
[timecode] 15:49:05:23 capture=on(0.01s) onAir=off
[timecode] 15:49:06:23 capture=on(0.02s) onAir=off
[timecode] 15:49:07:23 capture=on(0.03s) onAir=off
[timecode] 15:49:08:24 capture=on(0.03s) onAir=off
[timecode] 15:49:09:24 capture=on(0.00s) onAir=off
[timecode] 15:49:10:24 capture=on(0.01s) onAir=off
[timecode] 15:49:11:24 capture=on(0.02s) onAir=off
[timecode] 15:49:13:00 capture=on(0.03s) onAir=off
[timecode] 15:49:14:00 capture=on(0.03s) onAir=off
[timecode] 15:49:15:00 capture=on(0.00s) onAir=off
[timecode] 15:49:16:00 capture=on(0.00s) onAir=off
[timecode] 15:49:17:00 capture=on(0.00s) onAir=off
[timecode] 15:49:18:00 capture=on(0.00s) onAir=off
[timecode] 15:49:19:00 capture=on(0.00s) onAir=off
[timecode] 15:49:20:00 capture=on(0.01s) onAir=off
[timecode] 15:49:21:00 capture=on(0.02s) onAir=off
[timecode] 15:49:22:00 capture=on(0.02s) onAir=off
[timecode] 15:49:23:00 capture=on(0.03s) onAir=off
[timecode] 15:49:24:01 capture=on(0.00s) onAir=off
[timecode] 15:49:25:01 capture=on(0.01s) onAir=off
[timecode] 15:49:26:01 capture=on(0.00s) onAir=off
[timecode] 15:49:27:01 capture=on(0.01s) onAir=off
[timecode] 15:49:28:01 capture=on(0.00s) onAir=off
[timecode] 15:49:29:01 capture=on(0.00s) onAir=off
[timecode] 15:49:30:01 capture=on(0.01s) onAir=off
[timecode] 15:49:31:01 capture=on(0.01s) onAir=off
[timecode] 15:49:32:01 capture=on(0.01s) onAir=off
[timecode] 15:49:33:01 capture=on(0.01s) onAir=off
[timecode] 15:49:34:01 capture=on(0.01s) onAir=off
[timecode] 15:49:35:01 capture=on(0.01s) onAir=off
[timecode] 15:49:36:01 capture=on(0.01s) onAir=off
[timecode] 15:49:37:01 capture=on(0.01s) onAir=off
[timecode] 15:49:38:01 capture=on(0.02s) onAir=off
[timecode] 15:49:39:01 capture=on(0.02s) onAir=off
[timecode] 15:49:40:02 capture=on(0.03s) onAir=off
[timecode] 15:49:41:02 capture=on(0.00s) onAir=off
[timecode] 15:49:42:02 capture=on(0.01s) onAir=off
[timecode] 15:49:43:02 capture=on(0.01s) onAir=off
[timecode] 15:49:44:02 capture=on(0.01s) onAir=off
[timecode] 15:49:45:02 capture=on(0.02s) onAir=off
[timecode] 15:49:46:03 capture=on(0.03s) onAir=off
[timecode] 15:49:47:03 capture=on(0.03s) onAir=off
[timecode] 15:49:48:03 capture=on(0.00s) onAir=off
[timecode] 15:49:49:03 capture=on(0.00s) onAir=off
[timecode] 15:49:50:03 capture=on(0.01s) onAir=off
[timecode] 15:49:51:03 capture=on(0.01s) onAir=off
[timecode] 15:49:52:03 capture=on(0.01s) onAir=off
[timecode] 15:49:53:03 capture=on(0.01s) onAir=off
[timecode] 15:49:54:03 capture=on(0.01s) onAir=off
[timecode] 15:49:55:03 capture=on(0.01s) onAir=off
[timecode] 15:49:56:03 capture=on(0.00s) onAir=off
[timecode] 15:49:57:03 capture=on(0.01s) onAir=off
[timecode] 15:49:58:03 capture=on(0.01s) onAir=off
[timecode] 15:49:59:03 capture=on(0.01s) onAir=off
[timecode] 15:50:00:03 capture=on(0.01s) onAir=off
[timecode] 15:50:01:03 capture=on(0.01s) onAir=off
[timecode] 15:50:02:03 capture=on(0.01s) onAir=off
[timecode] 15:50:03:03 capture=on(0.01s) onAir=off
[timecode] 15:50:04:04 capture=on(0.03s) onAir=off
[timecode] 15:50:05:04 capture=on(0.04s) onAir=off
[timecode] 15:50:06:04 capture=on(0.00s) onAir=off
[timecode] 15:50:07:04 capture=on(0.01s) onAir=off
[timecode] 15:50:08:04 capture=on(0.02s) onAir=off
[timecode] 15:50:09:05 capture=on(0.03s) onAir=off
[timecode] 15:50:10:05 capture=on(0.00s) onAir=off
[timecode] 15:50:11:05 capture=on(0.01s) onAir=off
[timecode] 15:50:12:05 capture=on(0.00s) onAir=off
[timecode] 15:50:13:05 capture=on(0.01s) onAir=off
[timecode] 15:50:14:05 capture=on(0.01s) onAir=off
[timecode] 15:50:15:05 capture=on(0.01s) onAir=off
[timecode] 15:50:16:05 capture=on(0.01s) onAir=off
[timecode] 15:50:17:05 capture=on(0.02s) onAir=off
[timecode] 15:50:18:05 capture=on(0.03s) onAir=off
[timecode] 15:50:19:06 capture=on(0.04s) onAir=off
[timecode] 15:50:20:06 capture=on(0.04s) onAir=off
[timecode] 15:50:21:06 capture=on(0.01s) onAir=off
[timecode] 15:50:22:06 capture=on(0.01s) onAir=off
[timecode] 15:50:23:06 capture=on(0.01s) onAir=off
[timecode] 15:50:24:06 capture=on(0.03s) onAir=off
[timecode] 15:50:25:07 capture=on(0.00s) onAir=off
[timecode] 15:50:26:07 capture=on(0.00s) onAir=off
[timecode] 15:50:27:07 capture=on(0.00s) onAir=off
[timecode] 15:50:28:07 capture=on(0.00s) onAir=off
[timecode] 15:50:29:07 capture=on(0.01s) onAir=off
[timecode] 15:50:30:07 capture=on(0.02s) onAir=off
[timecode] 15:50:31:08 capture=on(0.03s) onAir=off
[timecode] 15:50:32:08 capture=on(0.00s) onAir=off
[timecode] 15:50:33:08 capture=on(0.01s) onAir=off
[timecode] 15:50:34:08 capture=on(0.01s) onAir=off
[timecode] 15:50:35:08 capture=on(0.02s) onAir=off
[timecode] 15:50:36:09 capture=on(0.03s) onAir=off
[timecode] 15:50:37:09 capture=on(0.03s) onAir=off
[timecode] 15:50:38:09 capture=on(0.00s) onAir=off
[timecode] 15:50:39:09 capture=on(0.00s) onAir=off
[timecode] 15:50:40:09 capture=on(0.00s) onAir=off
[timecode] 15:50:41:09 capture=on(0.02s) onAir=off
[timecode] 15:50:42:09 capture=on(0.02s) onAir=off
[timecode] 15:50:43:10 capture=on(0.03s) onAir=off
[timecode] 15:50:44:10 capture=on(0.03s) onAir=off
[timecode] 15:50:45:10 capture=on(0.00s) onAir=off
[timecode] 15:50:46:10 capture=on(0.00s) onAir=off
[timecode] 15:50:47:10 capture=on(0.00s) onAir=off
[timecode] 15:50:48:10 capture=on(0.00s) onAir=off
[timecode] 15:50:49:10 capture=on(0.00s) onAir=off
[timecode] 15:50:50:10 capture=on(0.00s) onAir=off
[timecode] 15:50:51:10 capture=on(0.01s) onAir=off
[timecode] 15:50:52:10 capture=on(0.01s) onAir=off
[timecode] 15:50:53:11 capture=on(0.03s) onAir=off
[timecode] 15:50:54:10 capture=on(0.02s) onAir=off
[timecode] 15:50:55:11 capture=on(0.03s) onAir=off
[timecode] 15:50:56:11 capture=on(0.03s) onAir=off
[timecode] 15:50:57:11 capture=on(0.00s) onAir=off
[timecode] 15:50:58:11 capture=on(0.00s) onAir=off
[timecode] 15:50:59:11 capture=on(0.01s) onAir=off
[timecode] 15:51:00:11 capture=on(0.01s) onAir=off
[timecode] 15:51:01:11 capture=on(0.01s) onAir=off
[timecode] 15:51:02:11 capture=on(0.01s) onAir=off
[timecode] 15:51:03:11 capture=on(0.02s) onAir=off
[timecode] 15:51:04:12 capture=on(0.03s) onAir=off
[timecode] 15:51:05:12 capture=on(0.03s) onAir=off
[timecode] 15:51:06:12 capture=on(0.03s) onAir=off
[timecode] 15:51:07:12 capture=on(0.00s) onAir=off
[timecode] 15:51:08:12 capture=on(0.00s) onAir=off
[timecode] 15:51:09:12 capture=on(0.00s) onAir=off
[timecode] 15:51:10:12 capture=on(0.01s) onAir=off
[timecode] 15:51:11:13 capture=on(0.03s) onAir=off
[timecode] 15:51:12:13 capture=on(0.03s) onAir=off
[timecode] 15:51:13:13 capture=on(0.00s) onAir=off
[timecode] 15:51:14:13 capture=on(0.00s) onAir=off
[timecode] 15:51:15:13 capture=on(0.00s) onAir=off
[timecode] 15:51:16:13 capture=on(0.00s) onAir=off
[timecode] 15:51:17:13 capture=on(0.00s) onAir=off
[timecode] 15:51:18:13 capture=on(0.00s) onAir=off
[timecode] 15:51:19:13 capture=on(0.01s) onAir=off
[timecode] 15:51:20:13 capture=on(0.02s) onAir=off
[timecode] 15:51:21:14 capture=on(0.03s) onAir=off
[timecode] 15:51:22:14 capture=on(0.04s) onAir=off
[timecode] 15:51:23:14 capture=on(0.00s) onAir=off
[timecode] 15:51:24:14 capture=on(0.01s) onAir=off
[timecode] 15:51:25:14 capture=on(0.01s) onAir=off
[timecode] 15:51:26:14 capture=on(0.01s) onAir=off
[timecode] 15:51:27:14 capture=on(0.02s) onAir=off
[timecode] 15:51:28:14 capture=on(0.02s) onAir=off
[timecode] 15:51:29:15 capture=on(0.03s) onAir=off
[timecode] 15:51:30:15 capture=on(0.00s) onAir=off
[timecode] 15:51:31:15 capture=on(0.00s) onAir=off
[timecode] 15:51:32:15 capture=on(0.01s) onAir=off
[timecode] 15:51:33:15 capture=on(0.01s) onAir=off
[timecode] 15:51:34:15 capture=on(0.02s) onAir=off
[timecode] 15:51:35:16 capture=on(0.03s) onAir=off
[timecode] 15:51:36:16 capture=on(0.03s) onAir=off
[timecode] 15:51:37:16 capture=on(0.04s) onAir=off
[timecode] 15:51:38:16 capture=on(0.01s) onAir=off
[timecode] 15:51:39:16 capture=on(0.01s) onAir=off
[timecode] 15:51:40:16 capture=on(0.01s) onAir=off
[timecode] 15:51:41:16 capture=on(0.01s) onAir=off
[timecode] 15:51:42:17 capture=on(0.02s) onAir=off
[timecode] 15:51:43:17 capture=on(0.03s) onAir=off
[timecode] 15:51:44:17 capture=on(0.01s) onAir=off
[timecode] 15:51:45:17 capture=on(0.02s) onAir=off
[timecode] 15:51:46:18 capture=on(0.02s) onAir=off
[timecode] 15:51:47:18 capture=on(0.03s) onAir=off
[timecode] 15:51:48:18 capture=on(0.00s) onAir=off
[timecode] 15:51:49:18 capture=on(0.00s) onAir=off
[timecode] 15:51:50:18 capture=on(0.01s) onAir=off
[timecode] 15:51:51:18 capture=on(0.01s) onAir=off
[timecode] 15:51:52:18 capture=on(0.01s) onAir=off
[timecode] 15:51:53:18 capture=on(0.01s) onAir=off
[timecode] 15:51:54:18 capture=on(0.01s) onAir=off
[timecode] 15:51:55:19 capture=on(0.03s) onAir=off
[timecode] 15:51:56:19 capture=on(0.03s) onAir=off
[timecode] 15:51:57:19 capture=on(0.01s) onAir=off
[timecode] 15:51:58:19 capture=on(0.01s) onAir=off
[timecode] 15:51:59:19 capture=on(0.01s) onAir=off
[timecode] 15:52:00:20 capture=on(0.03s) onAir=off
[timecode] 15:52:01:20 capture=on(0.03s) onAir=off
[timecode] 15:52:02:20 capture=on(0.03s) onAir=off
[timecode] 15:52:03:20 capture=on(0.00s) onAir=off
[timecode] 15:52:04:20 capture=on(0.01s) onAir=off
[timecode] 15:52:05:20 capture=on(0.01s) onAir=off
[timecode] 15:52:06:20 capture=on(0.01s) onAir=off
[timecode] 15:52:07:20 capture=on(0.01s) onAir=off
[timecode] 15:52:08:21 capture=on(0.02s) onAir=off
[timecode] 15:52:09:21 capture=on(0.02s) onAir=off
[timecode] 15:52:10:21 capture=on(0.03s) onAir=off
[timecode] 15:52:11:21 capture=on(0.03s) onAir=off
[timecode] 15:52:12:21 capture=on(0.00s) onAir=off
[timecode] 15:52:13:21 capture=on(0.00s) onAir=off
[timecode] 15:52:14:21 capture=on(0.01s) onAir=off
[timecode] 15:52:15:21 capture=on(0.01s) onAir=off
[timecode] 15:52:16:21 capture=on(0.01s) onAir=off
[timecode] 15:52:17:21 capture=on(0.01s) onAir=off
[timecode] 15:52:18:21 capture=on(0.01s) onAir=off
[timecode] 15:52:19:21 capture=on(0.01s) onAir=off
[timecode] 15:52:20:21 capture=on(0.01s) onAir=off
[timecode] 15:52:21:22 capture=on(0.03s) onAir=off
[timecode] 15:52:22:22 capture=on(0.03s) onAir=off
[timecode] 15:52:23:22 capture=on(0.00s) onAir=off
[timecode] 15:52:24:22 capture=on(0.00s) onAir=off
[timecode] 15:52:25:22 capture=on(0.00s) onAir=off
[timecode] 15:52:26:22 capture=on(0.00s) onAir=off
[timecode] 15:52:27:22 capture=on(0.00s) onAir=off
[timecode] 15:52:28:22 capture=on(0.01s) onAir=off
[timecode] 15:52:29:22 capture=on(0.01s) onAir=off
[timecode] 15:52:30:22 capture=on(0.01s) onAir=off
[timecode] 15:52:31:22 capture=on(0.00s) onAir=off
[timecode] 15:52:32:22 capture=on(0.01s) onAir=off
[timecode] 15:52:33:23 capture=on(0.02s) onAir=off
[timecode] 15:52:34:23 capture=on(0.03s) onAir=off
[timecode] 15:52:35:23 capture=on(0.03s) onAir=off
[timecode] 15:52:36:23 capture=on(0.00s) onAir=off
[timecode] 15:52:37:23 capture=on(0.01s) onAir=off
[timecode] 15:52:38:24 capture=on(0.02s) onAir=off
[timecode] 15:52:39:24 capture=on(0.02s) onAir=off
[timecode] 15:52:40:24 capture=on(0.03s) onAir=off
[timecode] 15:52:41:24 capture=on(0.03s) onAir=off
[timecode] 15:52:42:24 capture=on(0.03s) onAir=off
[timecode] 15:52:43:24 capture=on(0.00s) onAir=off
[timecode] 15:52:44:24 capture=on(0.00s) onAir=off
[timecode] 15:52:45:24 capture=on(0.00s) onAir=off
[timecode] 15:52:46:24 capture=on(0.00s) onAir=off
[timecode] 15:52:47:24 capture=on(0.01s) onAir=off
[timecode] 15:52:48:24 capture=on(0.01s) onAir=off
[timecode] 15:52:49:24 capture=on(0.01s) onAir=off
[timecode] 15:52:51:00 capture=on(0.03s) onAir=off
[timecode] 15:52:52:00 capture=on(0.03s) onAir=off
[timecode] 15:52:53:00 capture=on(0.03s) onAir=off
[timecode] 15:52:54:00 capture=on(0.00s) onAir=off
[timecode] 15:52:55:00 capture=on(0.00s) onAir=off
[timecode] 15:52:56:00 capture=on(0.00s) onAir=off
[timecode] 15:52:57:00 capture=on(0.01s) onAir=off
[timecode] 15:52:58:01 capture=on(0.02s) onAir=off
[timecode] 15:52:59:01 capture=on(0.03s) onAir=off
[timecode] 15:53:00:01 capture=on(0.03s) onAir=off
[timecode] 15:53:01:01 capture=on(0.04s) onAir=off
[timecode] 15:53:02:01 capture=on(0.00s) onAir=off
[timecode] 15:53:03:01 capture=on(0.00s) onAir=off
[timecode] 15:53:04:01 capture=on(0.00s) onAir=off
[timecode] 15:53:05:01 capture=on(0.00s) onAir=off
[timecode] 15:53:06:01 capture=on(0.01s) onAir=off
[timecode] 15:53:07:02 capture=on(0.02s) onAir=off
[timecode] 15:53:08:02 capture=on(0.02s) onAir=off
[timecode] 15:53:09:02 capture=on(0.03s) onAir=off
[timecode] 15:53:10:02 capture=on(0.00s) onAir=off
[timecode] 15:53:11:02 capture=on(0.00s) onAir=off
[timecode] 15:53:12:02 capture=on(0.00s) onAir=off
[timecode] 15:53:13:02 capture=on(0.00s) onAir=off
[timecode] 15:53:14:02 capture=on(0.00s) onAir=off
[timecode] 15:53:15:02 capture=on(0.00s) onAir=off
[timecode] 15:53:16:02 capture=on(0.00s) onAir=off
[timecode] 15:53:17:02 capture=on(0.00s) onAir=off
[timecode] 15:53:18:02 capture=on(0.00s) onAir=off
[timecode] 15:53:19:02 capture=on(0.00s) onAir=off
[timecode] 15:53:20:02 capture=on(0.00s) onAir=off
[timecode] 15:53:21:02 capture=on(0.00s) onAir=off
[timecode] 15:53:22:02 capture=on(0.00s) onAir=off
[timecode] 15:53:23:03 capture=on(0.01s) onAir=off
[timecode] 15:53:24:03 capture=on(0.02s) onAir=off
[timecode] 15:53:25:03 capture=on(0.04s) onAir=off
[timecode] 15:53:26:03 capture=on(0.00s) onAir=off
[timecode] 15:53:27:03 capture=on(0.01s) onAir=off
[timecode] 15:53:28:03 capture=on(0.01s) onAir=off
[timecode] 15:53:29:03 capture=on(0.01s) onAir=off
[timecode] 15:53:30:03 capture=on(0.01s) onAir=off
[timecode] 15:53:31:03 capture=on(0.01s) onAir=off
[timecode] 15:53:32:04 capture=on(0.02s) onAir=off
[timecode] 15:53:33:04 capture=on(0.03s) onAir=off
[timecode] 15:53:34:04 capture=on(0.03s) onAir=off
[timecode] 15:53:35:04 capture=on(0.03s) onAir=off
[timecode] 15:53:36:04 capture=on(0.00s) onAir=off
[timecode] 15:53:37:04 capture=on(0.01s) onAir=off
[timecode] 15:53:38:04 capture=on(0.01s) onAir=off
[timecode] 15:53:39:05 capture=on(0.03s) onAir=off
[timecode] 15:53:40:05 capture=on(0.03s) onAir=off
[timecode] 15:53:41:05 capture=on(0.01s) onAir=off
[timecode] 15:53:42:05 capture=on(0.01s) onAir=off
[timecode] 15:53:43:06 capture=on(0.02s) onAir=off
[timecode] 15:53:44:06 capture=on(0.03s) onAir=off
[timecode] 15:53:45:06 capture=on(0.03s) onAir=off
[timecode] 15:53:46:06 capture=on(0.04s) onAir=off
[timecode] 15:53:47:06 capture=on(0.01s) onAir=off
[timecode] 15:53:48:06 capture=on(0.01s) onAir=off
[timecode] 15:53:49:06 capture=on(0.01s) onAir=off
[timecode] 15:53:50:06 capture=on(0.01s) onAir=off
[timecode] 15:53:51:06 capture=on(0.01s) onAir=off
[timecode] 15:53:52:06 capture=on(0.01s) onAir=off
[timecode] 15:53:53:06 capture=on(0.01s) onAir=off
[timecode] 15:53:54:07 capture=on(0.01s) onAir=off
[timecode] 15:53:55:07 capture=on(0.03s) onAir=off
[timecode] 15:53:56:07 capture=on(0.03s) onAir=off
[timecode] 15:53:57:07 capture=on(0.03s) onAir=off
[timecode] 15:53:58:07 capture=on(0.04s) onAir=off
[timecode] 15:53:59:07 capture=on(0.01s) onAir=off
[timecode] 15:54:00:07 capture=on(0.01s) onAir=off
[timecode] 15:54:01:07 capture=on(0.01s) onAir=off
[timecode] 15:54:02:07 capture=on(0.01s) onAir=off
[timecode] 15:54:03:08 capture=on(0.01s) onAir=off
[timecode] 15:54:04:08 capture=on(0.02s) onAir=off
[timecode] 15:54:05:08 capture=on(0.03s) onAir=off
[timecode] 15:54:06:08 capture=on(0.03s) onAir=off
[timecode] 15:54:07:08 capture=on(0.04s) onAir=off
[timecode] 15:54:08:08 capture=on(0.00s) onAir=off
[timecode] 15:54:09:08 capture=on(0.01s) onAir=off
[timecode] 15:54:10:08 capture=on(0.01s) onAir=off
[timecode] 15:54:11:08 capture=on(0.01s) onAir=off
[timecode] 15:54:12:08 capture=on(0.01s) onAir=off
[timecode] 15:54:13:08 capture=on(0.01s) onAir=off
[timecode] 15:54:14:08 capture=on(0.01s) onAir=off
[timecode] 15:54:15:09 capture=on(0.01s) onAir=off
[timecode] 15:54:16:09 capture=on(0.03s) onAir=off
[timecode] 15:54:17:09 capture=on(0.00s) onAir=off
[timecode] 15:54:18:09 capture=on(0.01s) onAir=off
[timecode] 15:54:19:09 capture=on(0.01s) onAir=off
[timecode] 15:54:20:09 capture=on(0.01s) onAir=off
[timecode] 15:54:21:09 capture=on(0.01s) onAir=off
[timecode] 15:54:22:09 capture=on(0.01s) onAir=off
[timecode] 15:54:23:09 capture=on(0.00s) onAir=off
[timecode] 15:54:24:10 capture=on(0.01s) onAir=off
[timecode] 15:54:25:10 capture=on(0.02s) onAir=off
[timecode] 15:54:26:10 capture=on(0.04s) onAir=off
[timecode] 15:54:27:10 capture=on(0.00s) onAir=off
[timecode] 15:54:28:10 capture=on(0.01s) onAir=off
[timecode] 15:54:29:11 capture=on(0.01s) onAir=off
[timecode] 15:54:30:11 capture=on(0.02s) onAir=off
[timecode] 15:54:31:11 capture=on(0.02s) onAir=off
[timecode] 15:54:32:11 capture=on(0.03s) onAir=off
[timecode] 15:54:33:11 capture=on(0.00s) onAir=off
[timecode] 15:54:34:11 capture=on(0.01s) onAir=off
[timecode] 15:54:35:11 capture=on(0.01s) onAir=off
[timecode] 15:54:36:12 capture=on(0.02s) onAir=off
[timecode] 15:54:37:12 capture=on(0.03s) onAir=off
[timecode] 15:54:38:12 capture=on(0.00s) onAir=off
[timecode] 15:54:39:12 capture=on(0.00s) onAir=off
[timecode] 15:54:40:12 capture=on(0.00s) onAir=off
[timecode] 15:54:41:12 capture=on(0.00s) onAir=off
[timecode] 15:54:42:12 capture=on(0.01s) onAir=off
[timecode] 15:54:43:13 capture=on(0.01s) onAir=off
[timecode] 15:54:44:13 capture=on(0.02s) onAir=off
[timecode] 15:54:45:13 capture=on(0.03s) onAir=off
[timecode] 15:54:46:13 capture=on(0.00s) onAir=off
[timecode] 15:54:47:13 capture=on(0.00s) onAir=off
[timecode] 15:54:48:13 capture=on(0.00s) onAir=off
[timecode] 15:54:49:13 capture=on(0.00s) onAir=off
[timecode] 15:54:50:13 capture=on(0.00s) onAir=off
[timecode] 15:54:51:13 capture=on(0.00s) onAir=off
[timecode] 15:54:52:13 capture=on(0.00s) onAir=off
[timecode] 15:54:53:13 capture=on(0.00s) onAir=off
[timecode] 15:54:54:13 capture=on(0.01s) onAir=off
[timecode] 15:54:55:13 capture=on(0.01s) onAir=off
[timecode] 15:54:56:14 capture=on(0.02s) onAir=off
[timecode] 15:54:57:14 capture=on(0.02s) onAir=off
[timecode] 15:54:58:14 capture=on(0.03s) onAir=off
[timecode] 15:54:59:14 capture=on(0.00s) onAir=off
[timecode] 15:55:00:14 capture=on(0.00s) onAir=off
[timecode] 15:55:01:15 capture=on(0.01s) onAir=off
[timecode] 15:55:02:15 capture=on(0.02s) onAir=off
[timecode] 15:55:03:15 capture=on(0.02s) onAir=off
[timecode] 15:55:04:15 capture=on(0.04s) onAir=off
[timecode] 15:55:05:15 capture=on(0.00s) onAir=off
[timecode] 15:55:06:15 capture=on(0.00s) onAir=off
[timecode] 15:55:07:15 capture=on(0.00s) onAir=off
[timecode] 15:55:08:15 capture=on(0.00s) onAir=off
[timecode] 15:55:09:15 capture=on(0.01s) onAir=off
[timecode] 15:55:10:16 capture=on(0.01s) onAir=off
[timecode] 15:55:11:16 capture=on(0.02s) onAir=off
[timecode] 15:55:12:16 capture=on(0.03s) onAir=off
[timecode] 15:55:13:16 capture=on(0.00s) onAir=off
[timecode] 15:55:14:16 capture=on(0.00s) onAir=off
[timecode] 15:55:15:16 capture=on(0.00s) onAir=off
[timecode] 15:55:16:16 capture=on(0.00s) onAir=off
[timecode] 15:55:17:17 capture=on(0.02s) onAir=off
[timecode] 15:55:18:17 capture=on(0.03s) onAir=off
[timecode] 15:55:19:17 capture=on(0.00s) onAir=off
[timecode] 15:55:20:17 capture=on(0.00s) onAir=off
[timecode] 15:55:21:17 capture=on(0.00s) onAir=off
[timecode] 15:55:22:18 capture=on(0.01s) onAir=off
[timecode] 15:55:23:18 capture=on(0.02s) onAir=off
[timecode] 15:55:24:18 capture=on(0.03s) onAir=off
[timecode] 15:55:25:18 capture=on(0.03s) onAir=off
[timecode] 15:55:26:18 capture=on(0.00s) onAir=off
[timecode] 15:55:27:18 capture=on(0.00s) onAir=off
[timecode] 15:55:28:19 capture=on(0.01s) onAir=off
[timecode] 15:55:29:19 capture=on(0.01s) onAir=off
[timecode] 15:55:30:19 capture=on(0.03s) onAir=off
[timecode] 15:55:31:19 capture=on(0.04s) onAir=off
[timecode] 15:55:32:19 capture=on(0.00s) onAir=off
[timecode] 15:55:33:19 capture=on(0.00s) onAir=off
[timecode] 15:55:34:19 capture=on(0.00s) onAir=off
[timecode] 15:55:35:19 capture=on(0.01s) onAir=off
[timecode] 15:55:36:20 capture=on(0.02s) onAir=off
[timecode] 15:55:37:20 capture=on(0.02s) onAir=off
[timecode] 15:55:38:20 capture=on(0.02s) onAir=off
[timecode] 15:55:39:20 capture=on(0.00s) onAir=off
[timecode] 15:55:40:20 capture=on(0.00s) onAir=off
[timecode] 15:55:41:20 capture=on(0.00s) onAir=off
[timecode] 15:55:42:20 capture=on(0.00s) onAir=off
[timecode] 15:55:43:20 capture=on(0.00s) onAir=off
[timecode] 15:55:44:20 capture=on(0.00s) onAir=off
[timecode] 15:55:45:20 capture=on(0.00s) onAir=off
[timecode] 15:55:46:20 capture=on(0.00s) onAir=off
[timecode] 15:55:47:21 capture=on(0.01s) onAir=off
[timecode] 15:55:48:21 capture=on(0.02s) onAir=off
[timecode] 15:55:49:21 capture=on(0.00s) onAir=off
[timecode] 15:55:50:21 capture=on(0.00s) onAir=off
[timecode] 15:55:51:22 capture=on(0.01s) onAir=off
[timecode] 15:55:52:22 capture=on(0.02s) onAir=off
[timecode] 15:55:53:22 capture=on(0.02s) onAir=off
[timecode] 15:55:54:22 capture=on(0.03s) onAir=off
[timecode] 15:55:55:22 capture=on(0.04s) onAir=off
[timecode] 15:55:56:22 capture=on(0.00s) onAir=off
[timecode] 15:55:57:22 capture=on(0.00s) onAir=off
[timecode] 15:55:58:23 capture=on(0.01s) onAir=off
[timecode] 15:55:59:23 capture=on(0.02s) onAir=off
[timecode] 15:56:00:23 capture=on(0.02s) onAir=off
[timecode] 15:56:01:23 capture=on(0.03s) onAir=off
[timecode] 15:56:02:23 capture=on(0.00s) onAir=off
[timecode] 15:56:03:23 capture=on(0.00s) onAir=off
[timecode] 15:56:04:23 capture=on(0.00s) onAir=off
[timecode] 15:56:05:23 capture=on(0.00s) onAir=off
[timecode] 15:56:06:23 capture=on(0.00s) onAir=off
[timecode] 15:56:07:24 capture=on(0.01s) onAir=off
[timecode] 15:56:08:24 capture=on(0.01s) onAir=off
[timecode] 15:56:09:24 capture=on(0.02s) onAir=off
[timecode] 15:56:10:24 capture=on(0.02s) onAir=off
[timecode] 15:56:11:24 capture=on(0.02s) onAir=off
[timecode] 15:56:12:24 capture=on(0.03s) onAir=off
[timecode] 15:56:13:24 capture=on(0.04s) onAir=off
[timecode] 15:56:14:24 capture=on(0.00s) onAir=off
[timecode] 15:56:15:24 capture=on(0.00s) onAir=off
[timecode] 15:56:17:00 capture=on(0.01s) onAir=off
[timecode] 15:56:18:00 capture=on(0.02s) onAir=off
[timecode] 15:56:19:00 capture=on(0.03s) onAir=off
[timecode] 15:56:20:00 capture=on(0.03s) onAir=off
[timecode] 15:56:21:00 capture=on(0.04s) onAir=off
[timecode] 15:56:22:00 capture=on(0.00s) onAir=off
[timecode] 15:56:23:01 capture=on(0.01s) onAir=off
[timecode] 15:56:24:01 capture=on(0.01s) onAir=off
[timecode] 15:56:25:01 capture=on(0.00s) onAir=off
[timecode] 15:56:26:01 capture=on(0.01s) onAir=off
[timecode] 15:56:27:01 capture=on(0.01s) onAir=off
[timecode] 15:56:28:01 capture=on(0.01s) onAir=off
[timecode] 15:56:29:01 capture=on(0.02s) onAir=off
[timecode] 15:56:30:01 capture=on(0.03s) onAir=off
[timecode] 15:56:31:01 capture=on(0.03s) onAir=off
[timecode] 15:56:32:01 capture=on(0.00s) onAir=off
[timecode] 15:56:33:02 capture=on(0.01s) onAir=off
[timecode] 15:56:34:02 capture=on(0.01s) onAir=off
[timecode] 15:56:35:02 capture=on(0.01s) onAir=off
[timecode] 15:56:36:02 capture=on(0.03s) onAir=off
[timecode] 15:56:37:02 capture=on(0.00s) onAir=off
[timecode] 15:56:38:02 capture=on(0.00s) onAir=off
[timecode] 15:56:39:03 capture=on(0.01s) onAir=off
[timecode] 15:56:40:03 capture=on(0.01s) onAir=off
[timecode] 15:56:41:03 capture=on(0.01s) onAir=off
[timecode] 15:56:42:03 capture=on(0.01s) onAir=off
[timecode] 15:56:43:03 capture=on(0.01s) onAir=off
[timecode] 15:56:44:03 capture=on(0.02s) onAir=off
[timecode] 15:56:45:03 capture=on(0.03s) onAir=off
[timecode] 15:56:46:03 capture=on(0.04s) onAir=off
[timecode] 15:56:47:04 capture=on(0.01s) onAir=off
[timecode] 15:56:48:04 capture=on(0.01s) onAir=off
[timecode] 15:56:49:04 capture=on(0.01s) onAir=off
[timecode] 15:56:50:04 capture=on(0.01s) onAir=off
[timecode] 15:56:51:04 capture=on(0.01s) onAir=off
[timecode] 15:56:52:04 capture=on(0.01s) onAir=off
[timecode] 15:56:53:04 capture=on(0.01s) onAir=off
[timecode] 15:56:54:04 capture=on(0.01s) onAir=off
[timecode] 15:56:55:04 capture=on(0.02s) onAir=off
[timecode] 15:56:56:04 capture=on(0.02s) onAir=off
[timecode] 15:56:57:04 capture=on(0.03s) onAir=off
[timecode] 15:56:58:04 capture=on(0.03s) onAir=off
[timecode] 15:56:59:05 capture=on(0.00s) onAir=off
[timecode] 15:57:00:05 capture=on(0.01s) onAir=off
[timecode] 15:57:01:05 capture=on(0.01s) onAir=off
[timecode] 15:57:02:05 capture=on(0.01s) onAir=off
[timecode] 15:57:03:05 capture=on(0.01s) onAir=off
[timecode] 15:57:04:05 capture=on(0.01s) onAir=off
[timecode] 15:57:05:05 capture=on(0.01s) onAir=off
[timecode] 15:57:06:05 capture=on(0.01s) onAir=off
[timecode] 15:57:07:05 capture=on(0.02s) onAir=off
[timecode] 15:57:08:05 capture=on(0.03s) onAir=off
[timecode] 15:57:09:05 capture=on(0.04s) onAir=off
[timecode] 15:57:10:06 capture=on(0.00s) onAir=off
[timecode] 15:57:11:06 capture=on(0.00s) onAir=off
[timecode] 15:57:12:06 capture=on(0.01s) onAir=off
[timecode] 15:57:13:06 capture=on(0.00s) onAir=off
[timecode] 15:57:14:06 capture=on(0.01s) onAir=off
[timecode] 15:57:15:06 capture=on(0.02s) onAir=off
[timecode] 15:57:16:06 capture=on(0.03s) onAir=off
[timecode] 15:57:17:06 capture=on(0.00s) onAir=off
[timecode] 15:57:18:07 capture=on(0.00s) onAir=off
[timecode] 15:57:19:07 capture=on(0.01s) onAir=off
[timecode] 15:57:20:07 capture=on(0.01s) onAir=off
[timecode] 15:57:21:07 capture=on(0.01s) onAir=off
[timecode] 15:57:22:07 capture=on(0.01s) onAir=off
[timecode] 15:57:23:07 capture=on(0.01s) onAir=off
[timecode] 15:57:24:07 capture=on(0.02s) onAir=off
[timecode] 15:57:25:07 capture=on(0.02s) onAir=off
[timecode] 15:57:26:07 capture=on(0.02s) onAir=off
[timecode] 15:57:27:07 capture=on(0.02s) onAir=off
[timecode] 15:57:28:07 capture=on(0.03s) onAir=off
[timecode] 15:57:29:07 capture=on(0.03s) onAir=off
[timecode] 15:57:30:07 capture=on(0.04s) onAir=off
[timecode] 15:57:31:07 capture=on(0.04s) onAir=off
[timecode] 15:57:32:08 capture=on(0.04s) onAir=off
[timecode] 15:57:33:08 capture=on(0.00s) onAir=off
[timecode] 15:57:34:08 capture=on(0.01s) onAir=off
[timecode] 15:57:35:08 capture=on(0.01s) onAir=off
[timecode] 15:57:36:08 capture=on(0.02s) onAir=off
[timecode] 15:57:37:08 capture=on(0.03s) onAir=off
[timecode] 15:57:38:08 capture=on(0.03s) onAir=off
[timecode] 15:57:39:08 capture=on(0.04s) onAir=off
[timecode] 15:57:40:09 capture=on(0.00s) onAir=off
[timecode] 15:57:41:09 capture=on(0.01s) onAir=off
[timecode] 15:57:42:09 capture=on(0.02s) onAir=off
[timecode] 15:57:43:09 capture=on(0.03s) onAir=off
[timecode] 15:57:44:09 capture=on(0.04s) onAir=off
[timecode] 15:57:45:09 capture=on(0.04s) onAir=off
[timecode] 15:57:46:10 capture=on(0.00s) onAir=off
[timecode] 15:57:47:10 capture=on(0.01s) onAir=off
[timecode] 15:57:48:10 capture=on(0.01s) onAir=off
[timecode] 15:57:49:10 capture=on(0.01s) onAir=off
[timecode] 15:57:50:10 capture=on(0.01s) onAir=off
[timecode] 15:57:51:10 capture=on(0.01s) onAir=off
[timecode] 15:57:52:10 capture=on(0.01s) onAir=off
[timecode] 15:57:53:10 capture=on(0.01s) onAir=off
[timecode] 15:57:54:10 capture=on(0.01s) onAir=off
[timecode] 15:57:55:10 capture=on(0.02s) onAir=off
[timecode] 15:57:56:10 capture=on(0.02s) onAir=off
[timecode] 15:57:57:10 capture=on(0.03s) onAir=off
[timecode] 15:57:58:11 capture=on(0.04s) onAir=off
[timecode] 15:57:59:11 capture=on(0.00s) onAir=off
[timecode] 15:58:00:11 capture=on(0.01s) onAir=off
[timecode] 15:58:01:11 capture=on(0.01s) onAir=off
[timecode] 15:58:02:11 capture=on(0.01s) onAir=off
[timecode] 15:58:03:11 capture=on(0.01s) onAir=off
[timecode] 15:58:04:11 capture=on(0.01s) onAir=off
[timecode] 15:58:05:11 capture=on(0.02s) onAir=off
[timecode] 15:58:06:11 capture=on(0.02s) onAir=off
[timecode] 15:58:07:11 capture=on(0.02s) onAir=off
[timecode] 15:58:08:11 capture=on(0.02s) onAir=off
[timecode] 15:58:09:11 capture=on(0.03s) onAir=off
[timecode] 15:58:10:11 capture=on(0.03s) onAir=off
[timecode] 15:58:11:12 capture=on(0.04s) onAir=off
[timecode] 15:58:12:12 capture=on(0.00s) onAir=off
[timecode] 15:58:13:12 capture=on(0.01s) onAir=off
[timecode] 15:58:14:12 capture=on(0.02s) onAir=off
[timecode] 15:58:15:12 capture=on(0.02s) onAir=off
[timecode] 15:58:16:12 capture=on(0.03s) onAir=off
[timecode] 15:58:17:13 capture=on(0.04s) onAir=off
[timecode] 15:58:18:13 capture=on(0.00s) onAir=off
[timecode] 15:58:19:13 capture=on(0.01s) onAir=off
[timecode] 15:58:20:13 capture=on(0.01s) onAir=off
[timecode] 15:58:21:13 capture=on(0.01s) onAir=off
[timecode] 15:58:22:13 capture=on(0.01s) onAir=off
[timecode] 15:58:23:13 capture=on(0.01s) onAir=off
[timecode] 15:58:24:13 capture=on(0.01s) onAir=off
[timecode] 15:58:25:13 capture=on(0.02s) onAir=off
[timecode] 15:58:26:13 capture=on(0.03s) onAir=off
[timecode] 15:58:27:14 capture=on(0.04s) onAir=off
[timecode] 15:58:28:14 capture=on(0.01s) onAir=off
[timecode] 15:58:29:14 capture=on(0.01s) onAir=off
[timecode] 15:58:30:14 capture=on(0.01s) onAir=off
[timecode] 15:58:31:14 capture=on(0.01s) onAir=off
[timecode] 15:58:32:14 capture=on(0.01s) onAir=off
[timecode] 15:58:33:14 capture=on(0.01s) onAir=off
[timecode] 15:58:34:14 capture=on(0.02s) onAir=off
[timecode] 15:58:35:14 capture=on(0.03s) onAir=off
[timecode] 15:58:36:15 capture=on(0.04s) onAir=off
[timecode] 15:58:37:15 capture=on(0.04s) onAir=off
[timecode] 15:58:38:15 capture=on(0.01s) onAir=off
[timecode] 15:58:39:15 capture=on(0.01s) onAir=off
[timecode] 15:58:40:15 capture=on(0.01s) onAir=off
[timecode] 15:58:41:15 capture=on(0.02s) onAir=off
[timecode] 15:58:42:15 capture=on(0.02s) onAir=off
[timecode] 15:58:43:15 capture=on(0.02s) onAir=off
[timecode] 15:58:44:15 capture=on(0.02s) onAir=off
[timecode] 15:58:45:16 capture=on(0.03s) onAir=off
[timecode] 15:58:46:16 capture=on(0.00s) onAir=off
[timecode] 15:58:47:16 capture=on(0.01s) onAir=off
[timecode] 15:58:48:16 capture=on(0.01s) onAir=off
[timecode] 15:58:49:16 capture=on(0.01s) onAir=off
[timecode] 15:58:50:16 capture=on(0.02s) onAir=off
[timecode] 15:58:51:16 capture=on(0.02s) onAir=off
[timecode] 15:58:52:17 capture=on(0.04s) onAir=off
[timecode] 15:58:53:17 capture=on(0.04s) onAir=off
[timecode] 15:58:54:17 capture=on(0.01s) onAir=off
[timecode] 15:58:55:17 capture=on(0.01s) onAir=off
[timecode] 15:58:56:17 capture=on(0.01s) onAir=off
[timecode] 15:58:57:17 capture=on(0.01s) onAir=off
[timecode] 15:58:58:17 capture=on(0.02s) onAir=off
[timecode] 15:58:59:17 capture=on(0.03s) onAir=off
[timecode] 15:59:00:18 capture=on(0.00s) onAir=off
[timecode] 15:59:01:18 capture=on(0.01s) onAir=off
[timecode] 15:59:02:18 capture=on(0.02s) onAir=off
[timecode] 15:59:03:18 capture=on(0.03s) onAir=off
[timecode] 15:59:04:19 capture=on(0.00s) onAir=off
[timecode] 15:59:05:19 capture=on(0.00s) onAir=off
[timecode] 15:59:06:19 capture=on(0.01s) onAir=off
[timecode] 15:59:07:19 capture=on(0.01s) onAir=off
[timecode] 15:59:08:19 capture=on(0.01s) onAir=off
[timecode] 15:59:09:19 capture=on(0.01s) onAir=off
[timecode] 15:59:10:19 capture=on(0.01s) onAir=off
[timecode] 15:59:11:19 capture=on(0.02s) onAir=off
[timecode] 15:59:12:19 capture=on(0.03s) onAir=off
[timecode] 15:59:13:19 capture=on(0.03s) onAir=off
[timecode] 15:59:14:20 capture=on(0.04s) onAir=off
[timecode] 15:59:15:20 capture=on(0.01s) onAir=off
[timecode] 15:59:16:20 capture=on(0.01s) onAir=off
[timecode] 15:59:17:20 capture=on(0.02s) onAir=off
[timecode] 15:59:18:20 capture=on(0.02s) onAir=off
[timecode] 15:59:19:21 capture=on(0.04s) onAir=off
[timecode] 15:59:20:21 capture=on(0.01s) onAir=off
[timecode] 15:59:21:21 capture=on(0.01s) onAir=off
[timecode] 15:59:22:21 capture=on(0.00s) onAir=off
[timecode] 15:59:23:21 capture=on(0.00s) onAir=off
[timecode] 15:59:24:21 capture=on(0.02s) onAir=off
[timecode] 15:59:25:21 capture=on(0.02s) onAir=off
[timecode] 15:59:26:21 capture=on(0.03s) onAir=off
[timecode] 15:59:27:21 capture=on(0.03s) onAir=off
[timecode] 15:59:28:21 capture=on(0.03s) onAir=off
[timecode] 15:59:29:22 capture=on(0.03s) onAir=off
[timecode] 15:59:30:22 capture=on(0.00s) onAir=off
[timecode] 15:59:31:22 capture=on(0.00s) onAir=off
[timecode] 15:59:32:22 capture=on(0.00s) onAir=off
[timecode] 15:59:33:22 capture=on(0.00s) onAir=off
[timecode] 15:59:34:22 capture=on(0.00s) onAir=off
[timecode] 15:59:35:22 capture=on(0.00s) onAir=off
[timecode] 15:59:36:22 capture=on(0.00s) onAir=off
[timecode] 15:59:37:22 capture=on(0.00s) onAir=off
[timecode] 15:59:38:22 capture=on(0.00s) onAir=off
[timecode] 15:59:39:22 capture=on(0.01s) onAir=off
[timecode] 15:59:40:22 capture=on(0.02s) onAir=off
[timecode] 15:59:41:23 capture=on(0.03s) onAir=off
[timecode] 15:59:42:23 capture=on(0.00s) onAir=off
[timecode] 15:59:43:23 capture=on(0.00s) onAir=off
[timecode] 15:59:44:23 capture=on(0.00s) onAir=off
[timecode] 15:59:45:23 capture=on(0.00s) onAir=off
[timecode] 15:59:46:23 capture=on(0.00s) onAir=off
[timecode] 15:59:47:23 capture=on(0.00s) onAir=off
[timecode] 15:59:48:23 capture=on(0.00s) onAir=off
[timecode] 15:59:49:23 capture=on(0.01s) onAir=off
[timecode] 15:59:50:23 capture=on(0.02s) onAir=off
[timecode] 15:59:51:23 capture=on(0.03s) onAir=off
[timecode] 15:59:52:24 capture=on(0.03s) onAir=off
[timecode] 15:59:53:24 capture=on(0.03s) onAir=off
[timecode] 15:59:54:24 capture=on(0.00s) onAir=off
[timecode] 15:59:55:24 capture=on(0.00s) onAir=off
[timecode] 15:59:56:24 capture=on(0.00s) onAir=off
[timecode] 15:59:57:24 capture=on(0.00s) onAir=off
[timecode] 15:59:58:24 capture=on(0.00s) onAir=off
[timecode] 15:59:59:24 capture=on(0.01s) onAir=off
[timecode] 16:00:00:24 capture=on(0.02s) onAir=off
[timecode] 16:00:02:00 capture=on(0.03s) onAir=off
[timecode] 16:00:03:00 capture=on(0.00s) onAir=off
[timecode] 16:00:04:00 capture=on(0.00s) onAir=off
[timecode] 16:00:05:00 capture=on(0.00s) onAir=off
[timecode] 16:00:06:00 capture=on(0.01s) onAir=off
[timecode] 16:00:07:00 capture=on(0.02s) onAir=off
[timecode] 16:00:08:00 capture=on(0.02s) onAir=off
[timecode] 16:00:09:00 capture=on(0.02s) onAir=off
[timecode] 16:00:10:00 capture=on(0.03s) onAir=off
[timecode] 16:00:11:01 capture=on(0.03s) onAir=off
[timecode] 16:00:12:01 capture=on(0.00s) onAir=off
[timecode] 16:00:13:01 capture=on(0.00s) onAir=off
[timecode] 16:00:14:01 capture=on(0.00s) onAir=off
[timecode] 16:00:15:01 capture=on(0.00s) onAir=off
[timecode] 16:00:16:01 capture=on(0.00s) onAir=off
[timecode] 16:00:17:01 capture=on(0.01s) onAir=off
[timecode] 16:00:18:01 capture=on(0.00s) onAir=off
[timecode] 16:00:19:01 capture=on(0.02s) onAir=off
[timecode] 16:00:20:02 capture=on(0.04s) onAir=off
[timecode] 16:00:21:02 capture=on(0.00s) onAir=off
[timecode] 16:00:22:02 capture=on(0.00s) onAir=off
[timecode] 16:00:23:02 capture=on(0.00s) onAir=off
[timecode] 16:00:24:02 capture=on(0.01s) onAir=off
[timecode] 16:00:25:02 capture=on(0.02s) onAir=off
[timecode] 16:00:26:02 capture=on(0.03s) onAir=off
[timecode] 16:00:27:03 capture=on(0.03s) onAir=off
[timecode] 16:00:28:03 capture=on(0.00s) onAir=off
[timecode] 16:00:29:03 capture=on(0.00s) onAir=off
[timecode] 16:00:30:03 capture=on(0.00s) onAir=off
[timecode] 16:00:31:03 capture=on(0.00s) onAir=off
[timecode] 16:00:32:03 capture=on(0.00s) onAir=off
[timecode] 16:00:33:03 capture=on(0.00s) onAir=off
[timecode] 16:00:34:03 capture=on(0.01s) onAir=off
[timecode] 16:00:35:03 capture=on(0.01s) onAir=off
[timecode] 16:00:36:03 capture=on(0.02s) onAir=off
[timecode] 16:00:37:03 capture=on(0.02s) onAir=off
[timecode] 16:00:38:04 capture=on(0.03s) onAir=off
[timecode] 16:00:39:04 capture=on(0.04s) onAir=off
[timecode] 16:00:40:04 capture=on(0.00s) onAir=off
[timecode] 16:00:41:04 capture=on(0.00s) onAir=off
[timecode] 16:00:42:04 capture=on(0.00s) onAir=off
[timecode] 16:00:43:04 capture=on(0.00s) onAir=off
[timecode] 16:00:44:04 capture=on(0.00s) onAir=off
[timecode] 16:00:45:04 capture=on(0.00s) onAir=off
[timecode] 16:00:46:04 capture=on(0.01s) onAir=off
[timecode] 16:00:47:04 capture=on(0.01s) onAir=off
[timecode] 16:00:48:04 capture=on(0.02s) onAir=off
[timecode] 16:00:49:05 capture=on(0.03s) onAir=off
[timecode] 16:00:50:05 capture=on(0.03s) onAir=off
[timecode] 16:00:51:05 capture=on(0.00s) onAir=off
[timecode] 16:00:52:05 capture=on(0.00s) onAir=off
[timecode] 16:00:53:05 capture=on(0.00s) onAir=off
[timecode] 16:00:54:05 capture=on(0.00s) onAir=off
[timecode] 16:00:55:05 capture=on(0.00s) onAir=off
[timecode] 16:00:56:05 capture=on(0.01s) onAir=off
[timecode] 16:00:57:05 capture=on(0.01s) onAir=off
[timecode] 16:00:58:06 capture=on(0.03s) onAir=off
[timecode] 16:00:59:06 capture=on(0.00s) onAir=off
[timecode] 16:01:00:06 capture=on(0.00s) onAir=off
[timecode] 16:01:01:06 capture=on(0.01s) onAir=off
[timecode] 16:01:02:06 capture=on(0.01s) onAir=off
[timecode] 16:01:03:06 capture=on(0.02s) onAir=off
[timecode] 16:01:04:06 capture=on(0.02s) onAir=off
[timecode] 16:01:05:06 capture=on(0.02s) onAir=off
[timecode] 16:01:06:07 capture=on(0.04s) onAir=off
[timecode] 16:01:07:07 capture=on(0.00s) onAir=off
[timecode] 16:01:08:07 capture=on(0.00s) onAir=off
[timecode] 16:01:09:07 capture=on(0.00s) onAir=off
[timecode] 16:01:10:07 capture=on(0.00s) onAir=off
[timecode] 16:01:11:07 capture=on(0.00s) onAir=off
[timecode] 16:01:12:07 capture=on(0.00s) onAir=off
[timecode] 16:01:13:07 capture=on(0.01s) onAir=off
[timecode] 16:01:14:07 capture=on(0.02s) onAir=off
[timecode] 16:01:15:08 capture=on(0.02s) onAir=off
[timecode] 16:01:16:08 capture=on(0.03s) onAir=off
[timecode] 16:01:17:08 capture=on(0.00s) onAir=off
[timecode] 16:01:18:08 capture=on(0.00s) onAir=off
[timecode] 16:01:19:08 capture=on(0.00s) onAir=off
[timecode] 16:01:20:08 capture=on(0.00s) onAir=off
[timecode] 16:01:21:08 capture=on(0.01s) onAir=off
[timecode] 16:01:22:08 capture=on(0.01s) onAir=off
[timecode] 16:01:23:08 capture=on(0.02s) onAir=off
[timecode] 16:01:24:08 capture=on(0.02s) onAir=off
[timecode] 16:01:25:09 capture=on(0.03s) onAir=off
[timecode] 16:01:26:09 capture=on(0.00s) onAir=off
[timecode] 16:01:27:09 capture=on(0.00s) onAir=off
[timecode] 16:01:28:09 capture=on(0.00s) onAir=off
[timecode] 16:01:29:09 capture=on(0.00s) onAir=off
[timecode] 16:01:30:09 capture=on(0.01s) onAir=off
[timecode] 16:01:31:09 capture=on(0.01s) onAir=off
[timecode] 16:01:32:09 capture=on(0.02s) onAir=off
[timecode] 16:01:33:09 capture=on(0.02s) onAir=off
[timecode] 16:01:34:10 capture=on(0.03s) onAir=off
[timecode] 16:01:35:10 capture=on(0.03s) onAir=off
[timecode] 16:01:36:10 capture=on(0.00s) onAir=off
[timecode] 16:01:37:10 capture=on(0.00s) onAir=off
[timecode] 16:01:38:10 capture=on(0.00s) onAir=off
[timecode] 16:01:39:10 capture=on(0.01s) onAir=off
[timecode] 16:01:40:10 capture=on(0.02s) onAir=off
[timecode] 16:01:41:10 capture=on(0.02s) onAir=off
[timecode] 16:01:42:11 capture=on(0.03s) onAir=off
[timecode] 16:01:43:11 capture=on(0.00s) onAir=off
[timecode] 16:01:44:11 capture=on(0.00s) onAir=off
[timecode] 16:01:45:11 capture=on(0.01s) onAir=off
[timecode] 16:01:46:11 capture=on(0.01s) onAir=off
[timecode] 16:01:47:11 capture=on(0.01s) onAir=off
[timecode] 16:01:48:11 capture=on(0.01s) onAir=off
[timecode] 16:01:49:11 capture=on(0.01s) onAir=off
[timecode] 16:01:50:11 capture=on(0.02s) onAir=off
[timecode] 16:01:51:11 capture=on(0.02s) onAir=off
[timecode] 16:01:52:12 capture=on(0.03s) onAir=off
[timecode] 16:01:53:12 capture=on(0.03s) onAir=off
[timecode] 16:01:54:12 capture=on(0.00s) onAir=off
[timecode] 16:01:55:12 capture=on(0.00s) onAir=off
[timecode] 16:01:56:12 capture=on(0.00s) onAir=off
[timecode] 16:01:57:12 capture=on(0.00s) onAir=off
[timecode] 16:01:58:12 capture=on(0.00s) onAir=off
[timecode] 16:01:59:12 capture=on(0.02s) onAir=off
[timecode] 16:02:00:12 capture=on(0.02s) onAir=off
[timecode] 16:02:01:13 capture=on(0.03s) onAir=off
[timecode] 16:02:02:13 capture=on(0.00s) onAir=off
[timecode] 16:02:03:13 capture=on(0.00s) onAir=off
[timecode] 16:02:04:13 capture=on(0.01s) onAir=off
[timecode] 16:02:05:13 capture=on(0.01s) onAir=off
[timecode] 16:02:06:14 capture=on(0.03s) onAir=off
[timecode] 16:02:07:14 capture=on(0.00s) onAir=off
[timecode] 16:02:08:14 capture=on(0.00s) onAir=off
[timecode] 16:02:09:14 capture=on(0.01s) onAir=off
[timecode] 16:02:10:14 capture=on(0.02s) onAir=off
[timecode] 16:02:11:15 capture=on(0.03s) onAir=off
[timecode] 16:02:12:15 capture=on(0.04s) onAir=off
[timecode] 16:02:13:15 capture=on(0.00s) onAir=off
[timecode] 16:02:14:15 capture=on(0.00s) onAir=off
[timecode] 16:02:15:15 capture=on(0.00s) onAir=off
[timecode] 16:02:16:15 capture=on(0.00s) onAir=off
[timecode] 16:02:17:15 capture=on(0.00s) onAir=off
[timecode] 16:02:18:15 capture=on(0.01s) onAir=off
[timecode] 16:02:19:15 capture=on(0.01s) onAir=off
[timecode] 16:02:20:16 capture=on(0.02s) onAir=off
[timecode] 16:02:21:16 capture=on(0.03s) onAir=off
[timecode] 16:02:22:16 capture=on(0.03s) onAir=off
[timecode] 16:02:23:16 capture=on(0.04s) onAir=off
[timecode] 16:02:24:16 capture=on(0.01s) onAir=off
[timecode] 16:02:25:16 capture=on(0.01s) onAir=off
[timecode] 16:02:26:16 capture=on(0.01s) onAir=off
[timecode] 16:02:27:16 capture=on(0.01s) onAir=off
[timecode] 16:02:28:16 capture=on(0.01s) onAir=off
[timecode] 16:02:29:16 capture=on(0.01s) onAir=off
[timecode] 16:02:30:16 capture=on(0.01s) onAir=off
[timecode] 16:02:31:16 capture=on(0.01s) onAir=off
[timecode] 16:02:32:16 capture=on(0.01s) onAir=off
[timecode] 16:02:33:16 capture=on(0.01s) onAir=off
[timecode] 16:02:34:16 capture=on(0.01s) onAir=off
[timecode] 16:02:35:16 capture=on(0.01s) onAir=off
[timecode] 16:02:36:16 capture=on(0.01s) onAir=off
[timecode] 16:02:37:16 capture=on(0.01s) onAir=off
[timecode] 16:02:38:17 capture=on(0.03s) onAir=off
[timecode] 16:02:39:17 capture=on(0.03s) onAir=off
[timecode] 16:02:40:17 capture=on(0.04s) onAir=off
[timecode] 16:02:41:17 capture=on(0.00s) onAir=off
[timecode] 16:02:42:17 capture=on(0.01s) onAir=off
[timecode] 16:02:43:18 capture=on(0.02s) onAir=off
[timecode] 16:02:44:18 capture=on(0.03s) onAir=off
[timecode] 16:02:45:18 capture=on(0.01s) onAir=off
[timecode] 16:02:46:18 capture=on(0.01s) onAir=off
[timecode] 16:02:47:18 capture=on(0.02s) onAir=off
[timecode] 16:02:48:19 capture=on(0.03s) onAir=off
[timecode] 16:02:49:19 capture=on(0.04s) onAir=off
[timecode] 16:02:50:19 capture=on(0.00s) onAir=off
[timecode] 16:02:51:19 capture=on(0.01s) onAir=off
[timecode] 16:02:52:20 capture=on(0.02s) onAir=off
[timecode] 16:02:53:20 capture=on(0.04s) onAir=off
[timecode] 16:02:54:20 capture=on(0.04s) onAir=off
[timecode] 16:02:55:20 capture=on(0.04s) onAir=off
[timecode] 16:02:56:20 capture=on(0.01s) onAir=off
[timecode] 16:02:57:20 capture=on(0.01s) onAir=off
[timecode] 16:02:58:20 capture=on(0.01s) onAir=off
[timecode] 16:02:59:20 capture=on(0.01s) onAir=off
[timecode] 16:03:00:20 capture=on(0.01s) onAir=off
[timecode] 16:03:01:20 capture=on(0.01s) onAir=off
[timecode] 16:03:02:20 capture=on(0.01s) onAir=off
[timecode] 16:03:03:20 capture=on(0.01s) onAir=off
[timecode] 16:03:04:20 capture=on(0.01s) onAir=off
[timecode] 16:03:05:21 capture=on(0.02s) onAir=off
[timecode] 16:03:06:21 capture=on(0.02s) onAir=off
[timecode] 16:03:07:21 capture=on(0.03s) onAir=off
[timecode] 16:03:08:21 capture=on(0.00s) onAir=off
[timecode] 16:03:09:21 capture=on(0.01s) onAir=off
[timecode] 16:03:10:21 capture=on(0.01s) onAir=off
[timecode] 16:03:11:21 capture=on(0.01s) onAir=off
[timecode] 16:03:12:21 capture=on(0.01s) onAir=off
[timecode] 16:03:13:21 capture=on(0.01s) onAir=off
[timecode] 16:03:14:22 capture=on(0.02s) onAir=off
[timecode] 16:03:15:22 capture=on(0.03s) onAir=off
[timecode] 16:03:16:22 capture=on(0.03s) onAir=off
[timecode] 16:03:17:22 capture=on(0.03s) onAir=off
[timecode] 16:03:18:22 capture=on(0.03s) onAir=off
[timecode] 16:03:19:22 capture=on(0.00s) onAir=off
[timecode] 16:03:20:22 capture=on(0.01s) onAir=off
[timecode] 16:03:21:22 capture=on(0.01s) onAir=off
[timecode] 16:03:22:22 capture=on(0.01s) onAir=off
[timecode] 16:03:23:22 capture=on(0.01s) onAir=off
[timecode] 16:03:24:23 capture=on(0.02s) onAir=off
[timecode] 16:03:25:23 capture=on(0.02s) onAir=off
[timecode] 16:03:26:23 capture=on(0.02s) onAir=off
[timecode] 16:03:27:23 capture=on(0.03s) onAir=off
[timecode] 16:03:28:23 capture=on(0.03s) onAir=off
[timecode] 16:03:29:23 capture=on(0.03s) onAir=off
[timecode] 16:03:30:23 capture=on(0.01s) onAir=off
[timecode] 16:03:31:23 capture=on(0.01s) onAir=off
[timecode] 16:03:32:23 capture=on(0.01s) onAir=off
[timecode] 16:03:33:23 capture=on(0.01s) onAir=off
[timecode] 16:03:34:23 capture=on(0.01s) onAir=off
[timecode] 16:03:35:23 capture=on(0.01s) onAir=off
[timecode] 16:03:36:23 capture=on(0.01s) onAir=off
[timecode] 16:03:37:23 capture=on(0.01s) onAir=off
[timecode] 16:03:38:24 capture=on(0.02s) onAir=off
[timecode] 16:03:39:24 capture=on(0.02s) onAir=off
[timecode] 16:03:40:24 capture=on(0.04s) onAir=off
[timecode] 16:03:41:24 capture=on(0.01s) onAir=off
[timecode] 16:03:42:24 capture=on(0.01s) onAir=off
[timecode] 16:03:43:24 capture=on(0.01s) onAir=off
[timecode] 16:03:45:00 capture=on(0.02s) onAir=off
[timecode] 16:03:46:00 capture=on(0.03s) onAir=off
[timecode] 16:03:47:00 capture=on(0.03s) onAir=off
[timecode] 16:03:48:00 capture=on(0.04s) onAir=off
[timecode] 16:03:49:00 capture=on(0.01s) onAir=off
[timecode] 16:03:50:00 capture=on(0.01s) onAir=off
[timecode] 16:03:51:00 capture=on(0.01s) onAir=off
[timecode] 16:03:52:00 capture=on(0.01s) onAir=off
[timecode] 16:03:53:00 capture=on(0.01s) onAir=off
[timecode] 16:03:54:00 capture=on(0.01s) onAir=off
[timecode] 16:03:55:00 capture=on(0.01s) onAir=off
[timecode] 16:03:56:00 capture=on(0.01s) onAir=off
[timecode] 16:03:57:01 capture=on(0.02s) onAir=off
[timecode] 16:03:58:01 capture=on(0.03s) onAir=off
[timecode] 16:03:59:01 capture=on(0.04s) onAir=off
[timecode] 16:04:00:01 capture=on(0.01s) onAir=off
[timecode] 16:04:01:01 capture=on(0.01s) onAir=off
[timecode] 16:04:02:01 capture=on(0.01s) onAir=off
[timecode] 16:04:03:02 capture=on(0.02s) onAir=off
[timecode] 16:04:04:02 capture=on(0.03s) onAir=off
[timecode] 16:04:05:02 capture=on(0.00s) onAir=off
[timecode] 16:04:06:02 capture=on(0.01s) onAir=off
[timecode] 16:04:07:02 capture=on(0.01s) onAir=off
[timecode] 16:04:08:02 capture=on(0.01s) onAir=off
[timecode] 16:04:09:02 capture=on(0.01s) onAir=off
[timecode] 16:04:10:02 capture=on(0.01s) onAir=off
[timecode] 16:04:11:03 capture=on(0.02s) onAir=off
[timecode] 16:04:12:03 capture=on(0.03s) onAir=off
[timecode] 16:04:13:03 capture=on(0.00s) onAir=off
[timecode] 16:04:14:03 capture=on(0.01s) onAir=off
[timecode] 16:04:15:03 capture=on(0.01s) onAir=off
[timecode] 16:04:16:03 capture=on(0.01s) onAir=off
[timecode] 16:04:17:04 capture=on(0.01s) onAir=off
[timecode] 16:04:18:04 capture=on(0.01s) onAir=off
[timecode] 16:04:19:04 capture=on(0.02s) onAir=off
[timecode] 16:04:20:04 capture=on(0.02s) onAir=off
[timecode] 16:04:21:04 capture=on(0.02s) onAir=off
[timecode] 16:04:22:04 capture=on(0.03s) onAir=off
[timecode] 16:04:23:04 capture=on(0.03s) onAir=off
[timecode] 16:04:24:04 capture=on(0.00s) onAir=off
[timecode] 16:04:25:04 capture=on(0.00s) onAir=off
[timecode] 16:04:26:04 capture=on(0.00s) onAir=off
[timecode] 16:04:27:04 capture=on(0.00s) onAir=off
[timecode] 16:04:28:04 capture=on(0.00s) onAir=off
[timecode] 16:04:29:04 capture=on(0.01s) onAir=off
[timecode] 16:04:30:05 capture=on(0.01s) onAir=off
[timecode] 16:04:31:05 capture=on(0.03s) onAir=off
[timecode] 16:04:32:05 capture=on(0.03s) onAir=off
[timecode] 16:04:33:05 capture=on(0.00s) onAir=off
[timecode] 16:04:34:05 capture=on(0.00s) onAir=off
[timecode] 16:04:35:05 capture=on(0.00s) onAir=off
[timecode] 16:04:36:05 capture=on(0.00s) onAir=off
[timecode] 16:04:37:05 capture=on(0.00s) onAir=off
[timecode] 16:04:38:05 capture=on(0.00s) onAir=off
[timecode] 16:04:39:05 capture=on(0.00s) onAir=off
[timecode] 16:04:40:05 capture=on(0.00s) onAir=off
[timecode] 16:04:41:06 capture=on(0.02s) onAir=off
[timecode] 16:04:42:06 capture=on(0.03s) onAir=off
[timecode] 16:04:43:06 capture=on(0.00s) onAir=off
[timecode] 16:04:44:06 capture=on(0.00s) onAir=off
[timecode] 16:04:45:06 capture=on(0.00s) onAir=off
[timecode] 16:04:46:06 capture=on(0.00s) onAir=off
[timecode] 16:04:47:06 capture=on(0.01s) onAir=off
[timecode] 16:04:48:07 capture=on(0.01s) onAir=off
[timecode] 16:04:49:07 capture=on(0.02s) onAir=off
[timecode] 16:04:50:07 capture=on(0.03s) onAir=off
[timecode] 16:04:51:07 capture=on(0.04s) onAir=off
[timecode] 16:04:52:07 capture=on(0.00s) onAir=off
[timecode] 16:04:53:07 capture=on(0.00s) onAir=off
[timecode] 16:04:54:07 capture=on(0.00s) onAir=off
[timecode] 16:04:55:07 capture=on(0.00s) onAir=off
[timecode] 16:04:56:07 capture=on(0.00s) onAir=off
[timecode] 16:04:57:07 capture=on(0.01s) onAir=off
[timecode] 16:04:58:08 capture=on(0.01s) onAir=off
[timecode] 16:04:59:08 capture=on(0.02s) onAir=off
[timecode] 16:05:00:08 capture=on(0.02s) onAir=off
[timecode] 16:05:01:08 capture=on(0.03s) onAir=off
[timecode] 16:05:02:08 capture=on(0.03s) onAir=off
[timecode] 16:05:03:08 capture=on(0.00s) onAir=off
[timecode] 16:05:04:08 capture=on(0.00s) onAir=off
[timecode] 16:05:05:08 capture=on(0.00s) onAir=off
[timecode] 16:05:06:08 capture=on(0.00s) onAir=off
[timecode] 16:05:07:09 capture=on(0.01s) onAir=off
[timecode] 16:05:08:09 capture=on(0.03s) onAir=off
[timecode] 16:05:09:09 capture=on(0.03s) onAir=off
[timecode] 16:05:10:09 capture=on(0.00s) onAir=off
[timecode] 16:05:11:09 capture=on(0.00s) onAir=off
[timecode] 16:05:12:09 capture=on(0.00s) onAir=off
[timecode] 16:05:13:09 capture=on(0.00s) onAir=off
[timecode] 16:05:14:09 capture=on(0.00s) onAir=off
[timecode] 16:05:15:09 capture=on(0.00s) onAir=off
[timecode] 16:05:16:09 capture=on(0.01s) onAir=off
[timecode] 16:05:17:10 capture=on(0.02s) onAir=off
[timecode] 16:05:18:10 capture=on(0.03s) onAir=off
[timecode] 16:05:19:10 capture=on(0.03s) onAir=off
[timecode] 16:05:20:10 capture=on(0.00s) onAir=off
[timecode] 16:05:21:10 capture=on(0.00s) onAir=off
[timecode] 16:05:22:11 capture=on(0.02s) onAir=off
[timecode] 16:05:23:11 capture=on(0.02s) onAir=off
[timecode] 16:05:24:11 capture=on(0.03s) onAir=off
[timecode] 16:05:25:11 capture=on(0.03s) onAir=off
[timecode] 16:05:26:11 capture=on(0.04s) onAir=off
[timecode] 16:05:27:11 capture=on(0.04s) onAir=off
[timecode] 16:05:28:11 capture=on(0.01s) onAir=off
[timecode] 16:05:29:11 capture=on(0.01s) onAir=off
[timecode] 16:05:30:11 capture=on(0.01s) onAir=off
[timecode] 16:05:31:11 capture=on(0.01s) onAir=off
[timecode] 16:05:32:11 capture=on(0.01s) onAir=off
[timecode] 16:05:33:12 capture=on(0.02s) onAir=off
[timecode] 16:05:34:12 capture=on(0.03s) onAir=off
[timecode] 16:05:35:12 capture=on(0.00s) onAir=off
[timecode] 16:05:36:12 capture=on(0.01s) onAir=off
[timecode] 16:05:37:12 capture=on(0.01s) onAir=off
[timecode] 16:05:38:12 capture=on(0.01s) onAir=off
[timecode] 16:05:39:12 capture=on(0.01s) onAir=off
[timecode] 16:05:40:12 capture=on(0.01s) onAir=off
[timecode] 16:05:41:12 capture=on(0.01s) onAir=off
[timecode] 16:05:42:13 capture=on(0.01s) onAir=off
[timecode] 16:05:43:13 capture=on(0.01s) onAir=off
[timecode] 16:05:44:13 capture=on(0.02s) onAir=off
[timecode] 16:05:45:13 capture=on(0.03s) onAir=off
[timecode] 16:05:46:13 capture=on(0.03s) onAir=off
[timecode] 16:05:47:13 capture=on(0.00s) onAir=off
[timecode] 16:05:48:13 capture=on(0.01s) onAir=off
[timecode] 16:05:49:13 capture=on(0.01s) onAir=off
[timecode] 16:05:50:13 capture=on(0.01s) onAir=off
[timecode] 16:05:51:13 capture=on(0.01s) onAir=off
[timecode] 16:05:52:13 capture=on(0.01s) onAir=off
[timecode] 16:05:53:14 capture=on(0.01s) onAir=off
[timecode] 16:05:54:14 capture=on(0.02s) onAir=off
[timecode] 16:05:55:14 capture=on(0.02s) onAir=off
[timecode] 16:05:56:14 capture=on(0.02s) onAir=off
[timecode] 16:05:57:14 capture=on(0.02s) onAir=off
[timecode] 16:05:58:14 capture=on(0.02s) onAir=off
[timecode] 16:05:59:14 capture=on(0.03s) onAir=off
[timecode] 16:06:00:14 capture=on(0.03s) onAir=off
[timecode] 16:06:01:14 capture=on(0.01s) onAir=off
[timecode] 16:06:02:15 capture=on(0.01s) onAir=off
[timecode] 16:06:03:15 capture=on(0.01s) onAir=off
[timecode] 16:06:04:15 capture=on(0.01s) onAir=off
[timecode] 16:06:05:15 capture=on(0.01s) onAir=off
[timecode] 16:06:06:15 capture=on(0.01s) onAir=off
[timecode] 16:06:07:15 capture=on(0.01s) onAir=off
[timecode] 16:06:08:15 capture=on(0.01s) onAir=off
[timecode] 16:06:09:15 capture=on(0.01s) onAir=off
[timecode] 16:06:10:15 capture=on(0.02s) onAir=off
[timecode] 16:06:11:15 capture=on(0.02s) onAir=off
[timecode] 16:06:12:15 capture=on(0.02s) onAir=off
[timecode] 16:06:13:15 capture=on(0.00s) onAir=off
[timecode] 16:06:14:16 capture=on(0.01s) onAir=off
[timecode] 16:06:15:16 capture=on(0.01s) onAir=off
[timecode] 16:06:16:16 capture=on(0.02s) onAir=off
[timecode] 16:06:17:16 capture=on(0.04s) onAir=off
[timecode] 16:06:18:16 capture=on(0.04s) onAir=off
[timecode] 16:06:19:16 capture=on(0.00s) onAir=off
[timecode] 16:06:20:17 capture=on(0.01s) onAir=off
[timecode] 16:06:21:17 capture=on(0.01s) onAir=off
[timecode] 16:06:22:17 capture=on(0.01s) onAir=off
[timecode] 16:06:23:17 capture=on(0.01s) onAir=off
[timecode] 16:06:24:17 capture=on(0.01s) onAir=off
[timecode] 16:06:25:17 capture=on(0.02s) onAir=off
[timecode] 16:06:26:17 capture=on(0.02s) onAir=off
[timecode] 16:06:27:17 capture=on(0.03s) onAir=off
[timecode] 16:06:28:17 capture=on(0.03s) onAir=off
[timecode] 16:06:29:17 capture=on(0.03s) onAir=off
[timecode] 16:06:30:18 capture=on(0.00s) onAir=off
[timecode] 16:06:31:18 capture=on(0.01s) onAir=off
[timecode] 16:06:32:18 capture=on(0.01s) onAir=off
[timecode] 16:06:33:18 capture=on(0.01s) onAir=off
[timecode] 16:06:34:18 capture=on(0.02s) onAir=off
[timecode] 16:06:35:18 capture=on(0.02s) onAir=off
[timecode] 16:06:36:18 capture=on(0.03s) onAir=off
[timecode] 16:06:37:18 capture=on(0.03s) onAir=off
[timecode] 16:06:38:19 capture=on(0.00s) onAir=off
[timecode] 16:06:39:19 capture=on(0.01s) onAir=off
[timecode] 16:06:40:19 capture=on(0.01s) onAir=off
[timecode] 16:06:41:19 capture=on(0.01s) onAir=off
[timecode] 16:06:42:19 capture=on(0.02s) onAir=off
[timecode] 16:06:43:19 capture=on(0.02s) onAir=off
[timecode] 16:06:44:19 capture=on(0.03s) onAir=off
[timecode] 16:06:45:19 capture=on(0.03s) onAir=off
[timecode] 16:06:46:19 capture=on(0.00s) onAir=off
[timecode] 16:06:47:20 capture=on(0.01s) onAir=off
[timecode] 16:06:48:20 capture=on(0.01s) onAir=off
[timecode] 16:06:49:20 capture=on(0.01s) onAir=off
[timecode] 16:06:50:20 capture=on(0.01s) onAir=off
[timecode] 16:06:51:20 capture=on(0.01s) onAir=off
[timecode] 16:06:52:20 capture=on(0.02s) onAir=off
[timecode] 16:06:53:20 capture=on(0.02s) onAir=off
[timecode] 16:06:54:20 capture=on(0.03s) onAir=off
[timecode] 16:06:55:21 capture=on(0.01s) onAir=off
[timecode] 16:06:56:21 capture=on(0.01s) onAir=off
[timecode] 16:06:57:21 capture=on(0.00s) onAir=off
[timecode] 16:06:58:21 capture=on(0.00s) onAir=off
[timecode] 16:06:59:21 capture=on(0.00s) onAir=off
[timecode] 16:07:00:21 capture=on(0.01s) onAir=off
[timecode] 16:07:01:21 capture=on(0.01s) onAir=off
[timecode] 16:07:02:21 capture=on(0.01s) onAir=off
[timecode] 16:07:03:21 capture=on(0.02s) onAir=off
[timecode] 16:07:04:21 capture=on(0.03s) onAir=off
[timecode] 16:07:05:21 capture=on(0.00s) onAir=off
[timecode] 16:07:06:22 capture=on(0.01s) onAir=off
[timecode] 16:07:07:22 capture=on(0.01s) onAir=off
[timecode] 16:07:08:22 capture=on(0.01s) onAir=off
[timecode] 16:07:09:22 capture=on(0.01s) onAir=off
[timecode] 16:07:10:22 capture=on(0.01s) onAir=off
[timecode] 16:07:11:22 capture=on(0.02s) onAir=off
[timecode] 16:07:12:22 capture=on(0.02s) onAir=off
[timecode] 16:07:13:22 capture=on(0.03s) onAir=off
[timecode] 16:07:14:23 capture=on(0.00s) onAir=off
[timecode] 16:07:15:23 capture=on(0.00s) onAir=off
[timecode] 16:07:16:23 capture=on(0.01s) onAir=off
[timecode] 16:07:17:23 capture=on(0.01s) onAir=off
[timecode] 16:07:18:23 capture=on(0.01s) onAir=off
[timecode] 16:07:19:23 capture=on(0.01s) onAir=off
[timecode] 16:07:20:23 capture=on(0.01s) onAir=off
[timecode] 16:07:21:23 capture=on(0.02s) onAir=off
[timecode] 16:07:22:23 capture=on(0.03s) onAir=off
[timecode] 16:07:23:23 capture=on(0.04s) onAir=off
[timecode] 16:07:24:24 capture=on(0.01s) onAir=off
[timecode] 16:07:25:24 capture=on(0.01s) onAir=off
[timecode] 16:07:26:24 capture=on(0.01s) onAir=off
[timecode] 16:07:27:24 capture=on(0.01s) onAir=off
[timecode] 16:07:28:24 capture=on(0.02s) onAir=off
[timecode] 16:07:29:24 capture=on(0.03s) onAir=off
[timecode] 16:07:30:24 capture=on(0.03s) onAir=off
[timecode] 16:07:31:24 capture=on(0.03s) onAir=off
[timecode] 16:07:32:24 capture=on(0.04s) onAir=off
[timecode] 16:07:34:00 capture=on(0.00s) onAir=off
[timecode] 16:07:35:00 capture=on(0.01s) onAir=off
[timecode] 16:07:36:00 capture=on(0.01s) onAir=off
[timecode] 16:07:37:00 capture=on(0.01s) onAir=off
[timecode] 16:07:38:00 capture=on(0.01s) onAir=off
[timecode] 16:07:39:00 capture=on(0.01s) onAir=off
[timecode] 16:07:40:00 capture=on(0.01s) onAir=off
[timecode] 16:07:41:00 capture=on(0.01s) onAir=off
[timecode] 16:07:42:00 capture=on(0.03s) onAir=off
[timecode] 16:07:43:00 capture=on(0.04s) onAir=off
[timecode] 16:07:44:01 capture=on(0.01s) onAir=off
[timecode] 16:07:45:01 capture=on(0.01s) onAir=off
[timecode] 16:07:46:01 capture=on(0.01s) onAir=off
[timecode] 16:07:47:01 capture=on(0.01s) onAir=off
[timecode] 16:07:48:01 capture=on(0.01s) onAir=off
[timecode] 16:07:49:01 capture=on(0.01s) onAir=off
[timecode] 16:07:50:01 capture=on(0.02s) onAir=off
[timecode] 16:07:51:01 capture=on(0.04s) onAir=off
[timecode] 16:07:52:01 capture=on(0.04s) onAir=off
[timecode] 16:07:53:02 capture=on(0.04s) onAir=off
[timecode] 16:07:54:02 capture=on(0.01s) onAir=off
[timecode] 16:07:55:02 capture=on(0.01s) onAir=off
[timecode] 16:07:56:02 capture=on(0.02s) onAir=off
[timecode] 16:07:57:02 capture=on(0.02s) onAir=off
[timecode] 16:07:58:02 capture=on(0.02s) onAir=off
[timecode] 16:07:59:02 capture=on(0.02s) onAir=off
[timecode] 16:08:00:02 capture=on(0.03s) onAir=off
[timecode] 16:08:01:02 capture=on(0.03s) onAir=off
[timecode] 16:08:02:03 capture=on(0.00s) onAir=off
[timecode] 16:08:03:03 capture=on(0.01s) onAir=off
[timecode] 16:08:04:03 capture=on(0.01s) onAir=off
[timecode] 16:08:05:03 capture=on(0.01s) onAir=off
[timecode] 16:08:06:03 capture=on(0.01s) onAir=off
[timecode] 16:08:07:03 capture=on(0.02s) onAir=off
[timecode] 16:08:08:03 capture=on(0.02s) onAir=off
[timecode] 16:08:09:03 capture=on(0.03s) onAir=off
[timecode] 16:08:10:04 capture=on(0.01s) onAir=off
[timecode] 16:08:11:04 capture=on(0.01s) onAir=off
[timecode] 16:08:12:04 capture=on(0.03s) onAir=off
[timecode] 16:08:13:04 capture=on(0.03s) onAir=off
[timecode] 16:08:14:04 capture=on(0.03s) onAir=off
[timecode] 16:08:15:04 capture=on(0.04s) onAir=off
[timecode] 16:08:16:05 capture=on(0.04s) onAir=off
[timecode] 16:08:17:05 capture=on(0.00s) onAir=off
[timecode] 16:08:18:05 capture=on(0.01s) onAir=off
[timecode] 16:08:19:05 capture=on(0.01s) onAir=off
[timecode] 16:08:20:05 capture=on(0.01s) onAir=off
[timecode] 16:08:21:05 capture=on(0.01s) onAir=off
[timecode] 16:08:22:05 capture=on(0.01s) onAir=off
[timecode] 16:08:23:05 capture=on(0.00s) onAir=off
[timecode] 16:08:24:05 capture=on(0.00s) onAir=off
[timecode] 16:08:25:05 capture=on(0.02s) onAir=off
[timecode] 16:08:26:05 capture=on(0.02s) onAir=off
[timecode] 16:08:27:05 capture=on(0.02s) onAir=off
[timecode] 16:08:28:05 capture=on(0.03s) onAir=off
[timecode] 16:08:29:06 capture=on(0.00s) onAir=off
[timecode] 16:08:30:06 capture=on(0.00s) onAir=off
[timecode] 16:08:31:06 capture=on(0.00s) onAir=off
[timecode] 16:08:32:06 capture=on(0.00s) onAir=off
[timecode] 16:08:33:06 capture=on(0.00s) onAir=off
[timecode] 16:08:34:06 capture=on(0.00s) onAir=off
[timecode] 16:08:35:06 capture=on(0.00s) onAir=off
[timecode] 16:08:36:06 capture=on(0.00s) onAir=off
[timecode] 16:08:37:06 capture=on(0.00s) onAir=off
[timecode] 16:08:38:06 capture=on(0.02s) onAir=off
[timecode] 16:08:39:06 capture=on(0.02s) onAir=off
[timecode] 16:08:40:06 capture=on(0.03s) onAir=off
[timecode] 16:08:41:06 capture=on(0.03s) onAir=off
[timecode] 16:08:42:06 capture=on(0.03s) onAir=off
[timecode] 16:08:43:07 capture=on(0.00s) onAir=off
[timecode] 16:08:44:07 capture=on(0.00s) onAir=off
[timecode] 16:08:45:07 capture=on(0.00s) onAir=off
[timecode] 16:08:46:07 capture=on(0.01s) onAir=off
[timecode] 16:08:47:07 capture=on(0.01s) onAir=off
[timecode] 16:08:48:07 capture=on(0.01s) onAir=off
[timecode] 16:08:49:07 capture=on(0.02s) onAir=off
[timecode] 16:08:50:07 capture=on(0.03s) onAir=off
[timecode] 16:08:51:08 capture=on(0.04s) onAir=off
[timecode] 16:08:52:08 capture=on(0.04s) onAir=off
[timecode] 16:08:53:08 capture=on(0.00s) onAir=off
[timecode] 16:08:54:08 capture=on(0.00s) onAir=off
[timecode] 16:08:55:08 capture=on(0.00s) onAir=off
[timecode] 16:08:56:08 capture=on(0.01s) onAir=off
[timecode] 16:08:57:08 capture=on(0.02s) onAir=off
[timecode] 16:08:58:08 capture=on(0.03s) onAir=off
[timecode] 16:08:59:09 capture=on(0.00s) onAir=off
[timecode] 16:09:00:09 capture=on(0.00s) onAir=off
[timecode] 16:09:01:09 capture=on(0.01s) onAir=off
[timecode] 16:09:02:09 capture=on(0.03s) onAir=off
[timecode] 16:09:03:10 capture=on(0.00s) onAir=off
[timecode] 16:09:04:10 capture=on(0.00s) onAir=off
[timecode] 16:09:05:10 capture=on(0.00s) onAir=off
[timecode] 16:09:06:10 capture=on(0.02s) onAir=off
[timecode] 16:09:07:10 capture=on(0.03s) onAir=off
[timecode] 16:09:08:11 capture=on(0.04s) onAir=off
[timecode] 16:09:09:11 capture=on(0.00s) onAir=off
[timecode] 16:09:10:11 capture=on(0.00s) onAir=off
[timecode] 16:09:11:11 capture=on(0.00s) onAir=off
[timecode] 16:09:12:11 capture=on(0.01s) onAir=off
[timecode] 16:09:13:11 capture=on(0.01s) onAir=off
[timecode] 16:09:14:11 capture=on(0.02s) onAir=off
[timecode] 16:09:15:11 capture=on(0.03s) onAir=off
[timecode] 16:09:16:11 capture=on(0.03s) onAir=off
[timecode] 16:09:17:12 capture=on(0.00s) onAir=off
[timecode] 16:09:18:12 capture=on(0.00s) onAir=off
[timecode] 16:09:19:12 capture=on(0.01s) onAir=off
[timecode] 16:09:20:12 capture=on(0.01s) onAir=off
[timecode] 16:09:21:12 capture=on(0.02s) onAir=off
[timecode] 16:09:22:13 capture=on(0.02s) onAir=off
[timecode] 16:09:23:13 capture=on(0.04s) onAir=off
[timecode] 16:09:24:13 capture=on(0.01s) onAir=off
[timecode] 16:09:25:13 capture=on(0.01s) onAir=off
[timecode] 16:09:26:13 capture=on(0.01s) onAir=off
[timecode] 16:09:27:13 capture=on(0.02s) onAir=off
[timecode] 16:09:28:13 capture=on(0.03s) onAir=off
[timecode] 16:09:29:14 capture=on(0.04s) onAir=off
[timecode] 16:09:30:14 capture=on(0.04s) onAir=off
[timecode] 16:09:31:14 capture=on(0.00s) onAir=off
[timecode] 16:09:32:14 capture=on(0.00s) onAir=off
[timecode] 16:09:33:14 capture=on(0.01s) onAir=off
[timecode] 16:09:34:14 capture=on(0.01s) onAir=off
[timecode] 16:09:35:14 capture=on(0.01s) onAir=off
[timecode] 16:09:36:14 capture=on(0.02s) onAir=off
[timecode] 16:09:37:14 capture=on(0.03s) onAir=off
[timecode] 16:09:38:15 capture=on(0.04s) onAir=off
[timecode] 16:09:39:15 capture=on(0.01s) onAir=off
[timecode] 16:09:40:15 capture=on(0.01s) onAir=off
[timecode] 16:09:41:15 capture=on(0.01s) onAir=off
[timecode] 16:09:42:15 capture=on(0.01s) onAir=off
[timecode] 16:09:43:15 capture=on(0.01s) onAir=off
[timecode] 16:09:44:15 capture=on(0.01s) onAir=off
[timecode] 16:09:45:15 capture=on(0.01s) onAir=off
[timecode] 16:09:46:15 capture=on(0.02s) onAir=off
[timecode] 16:09:47:15 capture=on(0.02s) onAir=off
[timecode] 16:09:48:15 capture=on(0.03s) onAir=off
[timecode] 16:09:49:16 capture=on(0.04s) onAir=off
[timecode] 16:09:50:16 capture=on(0.04s) onAir=off
[timecode] 16:09:51:16 capture=on(0.00s) onAir=off
[timecode] 16:09:52:16 capture=on(0.01s) onAir=off
[timecode] 16:09:53:16 capture=on(0.01s) onAir=off
[timecode] 16:09:54:16 capture=on(0.01s) onAir=off
[timecode] 16:09:55:16 capture=on(0.01s) onAir=off
[timecode] 16:09:56:16 capture=on(0.01s) onAir=off
[timecode] 16:09:57:16 capture=on(0.02s) onAir=off
[timecode] 16:09:58:16 capture=on(0.03s) onAir=off
[timecode] 16:09:59:17 capture=on(0.04s) onAir=off
[timecode] 16:10:00:17 capture=on(0.00s) onAir=off
[timecode] 16:10:01:17 capture=on(0.00s) onAir=off
[timecode] 16:10:02:17 capture=on(0.01s) onAir=off
[timecode] 16:10:03:17 capture=on(0.01s) onAir=off
[timecode] 16:10:04:17 capture=on(0.01s) onAir=off
[timecode] 16:10:05:17 capture=on(0.01s) onAir=off
[timecode] 16:10:06:17 capture=on(0.01s) onAir=off
[timecode] 16:10:07:17 capture=on(0.02s) onAir=off
[timecode] 16:10:08:17 capture=on(0.03s) onAir=off
[timecode] 16:10:09:18 capture=on(0.03s) onAir=off
[timecode] 16:10:10:18 capture=on(0.01s) onAir=off
[timecode] 16:10:11:18 capture=on(0.01s) onAir=off
[timecode] 16:10:12:18 capture=on(0.01s) onAir=off
[timecode] 16:10:13:18 capture=on(0.03s) onAir=off
[timecode] 16:10:14:18 capture=on(0.03s) onAir=off
[timecode] 16:10:15:19 capture=on(0.04s) onAir=off
[timecode] 16:10:16:19 capture=on(0.01s) onAir=off
[timecode] 16:10:17:19 capture=on(0.01s) onAir=off
[timecode] 16:10:18:19 capture=on(0.01s) onAir=off
[timecode] 16:10:19:19 capture=on(0.01s) onAir=off
[timecode] 16:10:20:19 capture=on(0.01s) onAir=off
[timecode] 16:10:21:19 capture=on(0.01s) onAir=off
[timecode] 16:10:22:19 capture=on(0.01s) onAir=off
[timecode] 16:10:23:19 capture=on(0.02s) onAir=off
[timecode] 16:10:24:19 capture=on(0.03s) onAir=off
[timecode] 16:10:25:20 capture=on(0.00s) onAir=off
[timecode] 16:10:26:20 capture=on(0.01s) onAir=off
[timecode] 16:10:27:20 capture=on(0.01s) onAir=off
[timecode] 16:10:28:20 capture=on(0.02s) onAir=off
[timecode] 16:10:29:20 capture=on(0.02s) onAir=off
[timecode] 16:10:30:21 capture=on(0.04s) onAir=off
[timecode] 16:10:31:21 capture=on(0.00s) onAir=off
[timecode] 16:10:32:21 capture=on(0.01s) onAir=off
[timecode] 16:10:33:21 capture=on(0.01s) onAir=off
[timecode] 16:10:34:21 capture=on(0.01s) onAir=off
[timecode] 16:10:35:21 capture=on(0.01s) onAir=off
[timecode] 16:10:36:21 capture=on(0.02s) onAir=off
[timecode] 16:10:37:21 capture=on(0.02s) onAir=off
[timecode] 16:10:38:21 capture=on(0.03s) onAir=off
[timecode] 16:10:39:22 capture=on(0.03s) onAir=off
[timecode] 16:10:40:22 capture=on(0.00s) onAir=off
[timecode] 16:10:41:22 capture=on(0.00s) onAir=off
[timecode] 16:10:42:22 capture=on(0.00s) onAir=off
[timecode] 16:10:43:22 capture=on(0.00s) onAir=off
[timecode] 16:10:44:22 capture=on(0.01s) onAir=off
[timecode] 16:10:45:22 capture=on(0.02s) onAir=off
[timecode] 16:10:46:22 capture=on(0.02s) onAir=off
[timecode] 16:10:47:23 capture=on(0.03s) onAir=off
[timecode] 16:10:48:23 capture=on(0.03s) onAir=off
[timecode] 16:10:49:23 capture=on(0.01s) onAir=off
[timecode] 16:10:50:23 capture=on(0.00s) onAir=off
[timecode] 16:10:51:23 capture=on(0.01s) onAir=off
[timecode] 16:10:52:23 capture=on(0.01s) onAir=off
[timecode] 16:10:53:23 capture=on(0.01s) onAir=off
[timecode] 16:10:54:23 capture=on(0.01s) onAir=off
[timecode] 16:10:55:23 capture=on(0.01s) onAir=off
[timecode] 16:10:56:23 capture=on(0.01s) onAir=off
[timecode] 16:10:57:23 capture=on(0.02s) onAir=off
[timecode] 16:10:58:24 capture=on(0.03s) onAir=off
[timecode] 16:10:59:24 capture=on(0.03s) onAir=off
[timecode] 16:11:00:24 capture=on(0.03s) onAir=off
[timecode] 16:11:01:24 capture=on(0.01s) onAir=off
[timecode] 16:11:02:24 capture=on(0.01s) onAir=off
[timecode] 16:11:03:24 capture=on(0.01s) onAir=off
[timecode] 16:11:04:24 capture=on(0.02s) onAir=off
[timecode] 16:11:05:24 capture=on(0.02s) onAir=off
[timecode] 16:11:07:00 capture=on(0.03s) onAir=off
[timecode] 16:11:08:00 capture=on(0.00s) onAir=off
[timecode] 16:11:09:00 capture=on(0.01s) onAir=off
[timecode] 16:11:10:00 capture=on(0.00s) onAir=off
[timecode] 16:11:11:00 capture=on(0.01s) onAir=off
[timecode] 16:11:12:00 capture=on(0.01s) onAir=off
[timecode] 16:11:13:00 capture=on(0.01s) onAir=off
[timecode] 16:11:14:00 capture=on(0.01s) onAir=off
[timecode] 16:11:15:00 capture=on(0.03s) onAir=off
[timecode] 16:11:16:01 capture=on(0.03s) onAir=off
[timecode] 16:11:17:01 capture=on(0.04s) onAir=off
[timecode] 16:11:18:01 capture=on(0.00s) onAir=off
[timecode] 16:11:19:01 capture=on(0.01s) onAir=off
[timecode] 16:11:20:01 capture=on(0.01s) onAir=off
[timecode] 16:11:21:01 capture=on(0.01s) onAir=off
[timecode] 16:11:22:02 capture=on(0.03s) onAir=off
[timecode] 16:11:23:02 capture=on(0.04s) onAir=off
[timecode] 16:11:24:02 capture=on(0.01s) onAir=off
[timecode] 16:11:25:02 capture=on(0.01s) onAir=off
[timecode] 16:11:26:02 capture=on(0.02s) onAir=off
[timecode] 16:11:27:03 capture=on(0.03s) onAir=off
[timecode] 16:11:28:03 capture=on(0.03s) onAir=off
[timecode] 16:11:29:03 capture=on(0.00s) onAir=off
[timecode] 16:11:30:03 capture=on(0.01s) onAir=off
[timecode] 16:11:31:03 capture=on(0.01s) onAir=off
[timecode] 16:11:32:03 capture=on(0.01s) onAir=off
[timecode] 16:11:33:03 capture=on(0.01s) onAir=off
[timecode] 16:11:34:03 capture=on(0.02s) onAir=off
[timecode] 16:11:35:03 capture=on(0.02s) onAir=off
[timecode] 16:11:36:04 capture=on(0.03s) onAir=off
[timecode] 16:11:37:04 capture=on(0.00s) onAir=off
[timecode] 16:11:38:04 capture=on(0.00s) onAir=off
[timecode] 16:11:39:04 capture=on(0.01s) onAir=off
[timecode] 16:11:40:04 capture=on(0.01s) onAir=off
[timecode] 16:11:41:04 capture=on(0.01s) onAir=off
[timecode] 16:11:42:04 capture=on(0.01s) onAir=off
[timecode] 16:11:43:04 capture=on(0.01s) onAir=off
[timecode] 16:11:44:04 capture=on(0.01s) onAir=off
[timecode] 16:11:45:04 capture=on(0.01s) onAir=off
[timecode] 16:11:46:04 capture=on(0.01s) onAir=off
[timecode] 16:11:47:04 capture=on(0.01s) onAir=off
[timecode] 16:11:48:04 capture=on(0.01s) onAir=off
[timecode] 16:11:49:04 capture=on(0.02s) onAir=off
[timecode] 16:11:50:05 capture=on(0.03s) onAir=off
[timecode] 16:11:51:05 capture=on(0.03s) onAir=off
[timecode] 16:11:52:05 capture=on(0.04s) onAir=off
[timecode] 16:11:53:05 capture=on(0.00s) onAir=off
[timecode] 16:11:54:05 capture=on(0.00s) onAir=off
[timecode] 16:11:55:05 capture=on(0.00s) onAir=off
[timecode] 16:11:56:05 capture=on(0.01s) onAir=off
[timecode] 16:11:57:05 capture=on(0.01s) onAir=off
[timecode] 16:11:58:05 capture=on(0.01s) onAir=off
[timecode] 16:11:59:05 capture=on(0.01s) onAir=off
[timecode] 16:12:00:05 capture=on(0.01s) onAir=off
[timecode] 16:12:01:05 capture=on(0.02s) onAir=off
[timecode] 16:12:02:06 capture=on(0.03s) onAir=off
[timecode] 16:12:03:06 capture=on(0.03s) onAir=off
[timecode] 16:12:04:06 capture=on(0.04s) onAir=off
[timecode] 16:12:05:06 capture=on(0.00s) onAir=off
[timecode] 16:12:06:06 capture=on(0.01s) onAir=off
[timecode] 16:12:07:06 capture=on(0.01s) onAir=off
[timecode] 16:12:08:06 capture=on(0.01s) onAir=off
[timecode] 16:12:09:07 capture=on(0.02s) onAir=off
[timecode] 16:12:10:07 capture=on(0.04s) onAir=off
[timecode] 16:12:11:07 capture=on(0.00s) onAir=off
[timecode] 16:12:12:07 capture=on(0.01s) onAir=off
[timecode] 16:12:13:07 capture=on(0.01s) onAir=off
[timecode] 16:12:14:07 capture=on(0.01s) onAir=off
[timecode] 16:12:15:07 capture=on(0.01s) onAir=off
[timecode] 16:12:16:07 capture=on(0.02s) onAir=off
[timecode] 16:12:17:08 capture=on(0.02s) onAir=off
[timecode] 16:12:18:08 capture=on(0.02s) onAir=off
[timecode] 16:12:19:08 capture=on(0.04s) onAir=off
[timecode] 16:12:20:08 capture=on(0.04s) onAir=off
[timecode] 16:12:21:08 capture=on(0.04s) onAir=off
[timecode] 16:12:22:08 capture=on(0.00s) onAir=off
[timecode] 16:12:23:08 capture=on(0.01s) onAir=off
[timecode] 16:12:24:08 capture=on(0.02s) onAir=off
[timecode] 16:12:25:09 capture=on(0.03s) onAir=off
[timecode] 16:12:26:09 capture=on(0.00s) onAir=off
[timecode] 16:12:27:09 capture=on(0.01s) onAir=off
[timecode] 16:12:28:09 capture=on(0.01s) onAir=off
[timecode] 16:12:29:09 capture=on(0.01s) onAir=off
[timecode] 16:12:30:09 capture=on(0.01s) onAir=off
[timecode] 16:12:31:09 capture=on(0.01s) onAir=off
[timecode] 16:12:32:09 capture=on(0.02s) onAir=off
[timecode] 16:12:33:09 capture=on(0.02s) onAir=off
[timecode] 16:12:34:10 capture=on(0.02s) onAir=off
[timecode] 16:12:35:10 capture=on(0.04s) onAir=off
[timecode] 16:12:36:10 capture=on(0.01s) onAir=off
[timecode] 16:12:37:10 capture=on(0.01s) onAir=off
[timecode] 16:12:38:10 capture=on(0.01s) onAir=off
[timecode] 16:12:39:10 capture=on(0.01s) onAir=off
[timecode] 16:12:40:10 capture=on(0.02s) onAir=off
[timecode] 16:12:41:11 capture=on(0.03s) onAir=off
[timecode] 16:12:42:11 capture=on(0.04s) onAir=off
[timecode] 16:12:43:11 capture=on(0.00s) onAir=off
[timecode] 16:12:44:11 capture=on(0.01s) onAir=off
[timecode] 16:12:45:11 capture=on(0.01s) onAir=off
[timecode] 16:12:46:12 capture=on(0.03s) onAir=off
[timecode] 16:12:47:12 capture=on(0.03s) onAir=off
[timecode] 16:12:48:12 capture=on(0.04s) onAir=off
[timecode] 16:12:49:12 capture=on(0.04s) onAir=off
[timecode] 16:12:50:12 capture=on(0.01s) onAir=off
[timecode] 16:12:51:12 capture=on(0.01s) onAir=off
[timecode] 16:12:52:12 capture=on(0.01s) onAir=off
[timecode] 16:12:53:12 capture=on(0.01s) onAir=off
[timecode] 16:12:54:12 capture=on(0.02s) onAir=off
[timecode] 16:12:55:13 capture=on(0.03s) onAir=off
[timecode] 16:12:56:13 capture=on(0.03s) onAir=off
[timecode] 16:12:57:13 capture=on(0.03s) onAir=off
[timecode] 16:12:58:13 capture=on(0.00s) onAir=off
[timecode] 16:12:59:13 capture=on(0.01s) onAir=off
[timecode] 16:13:00:13 capture=on(0.01s) onAir=off
[timecode] 16:13:01:13 capture=on(0.01s) onAir=off
[timecode] 16:13:02:13 capture=on(0.01s) onAir=off
[timecode] 16:13:03:13 capture=on(0.01s) onAir=off
[timecode] 16:13:04:13 capture=on(0.01s) onAir=off
[timecode] 16:13:05:13 capture=on(0.01s) onAir=off
[timecode] 16:13:06:13 capture=on(0.01s) onAir=off
[timecode] 16:13:07:13 capture=on(0.02s) onAir=off
[timecode] 16:13:08:14 capture=on(0.03s) onAir=off
[timecode] 16:13:09:14 capture=on(0.04s) onAir=off
[timecode] 16:13:10:14 capture=on(0.01s) onAir=off
[timecode] 16:13:11:14 capture=on(0.01s) onAir=off
[timecode] 16:13:12:14 capture=on(0.01s) onAir=off
[timecode] 16:13:13:14 capture=on(0.01s) onAir=off
[timecode] 16:13:14:14 capture=on(0.01s) onAir=off
[timecode] 16:13:15:14 capture=on(0.01s) onAir=off
[timecode] 16:13:16:14 capture=on(0.01s) onAir=off
[timecode] 16:13:17:14 capture=on(0.01s) onAir=off
[timecode] 16:13:18:15 capture=on(0.02s) onAir=off
[timecode] 16:13:19:15 capture=on(0.02s) onAir=off
[timecode] 16:13:20:15 capture=on(0.02s) onAir=off
[timecode] 16:13:21:15 capture=on(0.02s) onAir=off
[timecode] 16:13:22:15 capture=on(0.03s) onAir=off
[timecode] 16:13:23:15 capture=on(0.04s) onAir=off
[timecode] 16:13:24:15 capture=on(0.01s) onAir=off
[timecode] 16:13:25:15 capture=on(0.01s) onAir=off
[timecode] 16:13:26:15 capture=on(0.01s) onAir=off
[timecode] 16:13:27:15 capture=on(0.01s) onAir=off
[timecode] 16:13:28:16 capture=on(0.02s) onAir=off
[timecode] 16:13:29:16 capture=on(0.03s) onAir=off
[timecode] 16:13:30:16 capture=on(0.03s) onAir=off
[timecode] 16:13:31:16 capture=on(0.00s) onAir=off
[timecode] 16:13:32:16 capture=on(0.01s) onAir=off
[timecode] 16:13:33:16 capture=on(0.01s) onAir=off
[timecode] 16:13:34:16 capture=on(0.01s) onAir=off
[timecode] 16:13:35:17 capture=on(0.02s) onAir=off
[timecode] 16:13:36:17 capture=on(0.03s) onAir=off
[timecode] 16:13:37:17 capture=on(0.03s) onAir=off
[timecode] 16:13:38:17 capture=on(0.04s) onAir=off
[timecode] 16:13:39:17 capture=on(0.01s) onAir=off
[timecode] 16:13:40:17 capture=on(0.01s) onAir=off
[timecode] 16:13:41:17 capture=on(0.01s) onAir=off
[timecode] 16:13:42:17 capture=on(0.01s) onAir=off
[timecode] 16:13:43:17 capture=on(0.00s) onAir=off
[timecode] 16:13:44:18 capture=on(0.01s) onAir=off
[timecode] 16:13:45:18 capture=on(0.03s) onAir=off
[timecode] 16:13:46:18 capture=on(0.04s) onAir=off
[timecode] 16:13:47:18 capture=on(0.00s) onAir=off
[timecode] 16:13:48:18 capture=on(0.01s) onAir=off
[timecode] 16:13:49:18 capture=on(0.01s) onAir=off
[timecode] 16:13:50:18 capture=on(0.01s) onAir=off
[timecode] 16:13:51:19 capture=on(0.02s) onAir=off
[timecode] 16:13:52:19 capture=on(0.03s) onAir=off
[timecode] 16:13:53:19 capture=on(0.03s) onAir=off
[timecode] 16:13:54:19 capture=on(0.03s) onAir=off
[timecode] 16:13:55:19 capture=on(0.00s) onAir=off
[timecode] 16:13:56:19 capture=on(0.01s) onAir=off
[timecode] 16:13:57:19 capture=on(0.01s) onAir=off
[timecode] 16:13:58:19 capture=on(0.01s) onAir=off
[timecode] 16:13:59:20 capture=on(0.02s) onAir=off
[timecode] 16:14:00:20 capture=on(0.03s) onAir=off
[timecode] 16:14:01:20 capture=on(0.03s) onAir=off
[timecode] 16:14:02:20 capture=on(0.04s) onAir=off
[timecode] 16:14:03:20 capture=on(0.01s) onAir=off
[timecode] 16:14:04:20 capture=on(0.01s) onAir=off
[timecode] 16:14:05:21 capture=on(0.02s) onAir=off
[timecode] 16:14:06:21 capture=on(0.02s) onAir=off
[timecode] 16:14:07:21 capture=on(0.03s) onAir=off
[timecode] 16:14:08:21 capture=on(0.00s) onAir=off
[timecode] 16:14:09:21 capture=on(0.01s) onAir=off
[timecode] 16:14:10:22 capture=on(0.02s) onAir=off
[timecode] 16:14:11:22 capture=on(0.03s) onAir=off
[timecode] 16:14:12:22 capture=on(0.03s) onAir=off
[timecode] 16:14:13:22 capture=on(0.01s) onAir=off
[timecode] 16:14:14:22 capture=on(0.01s) onAir=off
[timecode] 16:14:15:23 capture=on(0.02s) onAir=off
[timecode] 16:14:16:23 capture=on(0.03s) onAir=off
[timecode] 16:14:17:23 capture=on(0.03s) onAir=off
[timecode] 16:14:18:23 capture=on(0.00s) onAir=off
[timecode] 16:14:19:23 capture=on(0.00s) onAir=off
[timecode] 16:14:20:23 capture=on(0.01s) onAir=off
[timecode] 16:14:21:23 capture=on(0.01s) onAir=off
[timecode] 16:14:22:23 capture=on(0.01s) onAir=off
[timecode] 16:14:23:23 capture=on(0.01s) onAir=off
[timecode] 16:14:24:24 capture=on(0.02s) onAir=off
[timecode] 16:14:25:24 capture=on(0.02s) onAir=off
[timecode] 16:14:26:24 capture=on(0.02s) onAir=off
[timecode] 16:14:27:24 capture=on(0.03s) onAir=off
[timecode] 16:14:28:24 capture=on(0.04s) onAir=off
[timecode] 16:14:29:24 capture=on(0.04s) onAir=off
[timecode] 16:14:30:24 capture=on(0.01s) onAir=off
[timecode] 16:14:31:24 capture=on(0.01s) onAir=off
[timecode] 16:14:32:24 capture=on(0.01s) onAir=off
[timecode] 16:14:33:24 capture=on(0.01s) onAir=off
[timecode] 16:14:34:24 capture=on(0.01s) onAir=off
[timecode] 16:14:35:24 capture=on(0.01s) onAir=off
[timecode] 16:14:36:24 capture=on(0.01s) onAir=off
[timecode] 16:14:37:24 capture=on(0.01s) onAir=off
[timecode] 16:14:38:24 capture=on(0.01s) onAir=off
[timecode] 16:14:39:24 capture=on(0.01s) onAir=off
[timecode] 16:14:40:24 capture=on(0.01s) onAir=off
[timecode] 16:14:41:24 capture=on(0.01s) onAir=off
[timecode] 16:14:42:24 capture=on(0.01s) onAir=off
[timecode] 16:14:43:24 capture=on(0.01s) onAir=off
[timecode] 16:14:44:24 capture=on(0.01s) onAir=off
[timecode] 16:14:45:24 capture=on(0.01s) onAir=off
[timecode] 16:14:46:24 capture=on(0.01s) onAir=off
[timecode] 16:14:47:24 capture=on(0.01s) onAir=off
[timecode] 16:14:48:24 capture=on(0.01s) onAir=off
[timecode] 16:14:50:00 capture=on(0.02s) onAir=off
[timecode] 16:14:51:00 capture=on(0.02s) onAir=off
[timecode] 16:14:52:00 capture=on(0.04s) onAir=off
[timecode] 16:14:53:00 capture=on(0.00s) onAir=off
[timecode] 16:14:54:00 capture=on(0.01s) onAir=off
[timecode] 16:14:55:00 capture=on(0.01s) onAir=off
[timecode] 16:14:56:01 capture=on(0.01s) onAir=off
[timecode] 16:14:57:01 capture=on(0.01s) onAir=off
[timecode] 16:14:58:01 capture=on(0.01s) onAir=off
[timecode] 16:14:59:01 capture=on(0.02s) onAir=off
[timecode] 16:15:00:01 capture=on(0.02s) onAir=off
[timecode] 16:15:01:01 capture=on(0.03s) onAir=off
[timecode] 16:15:02:01 capture=on(0.03s) onAir=off
[timecode] 16:15:03:01 capture=on(0.00s) onAir=off
[timecode] 16:15:04:01 capture=on(0.00s) onAir=off
[timecode] 16:15:05:01 capture=on(0.00s) onAir=off
[timecode] 16:15:06:01 capture=on(0.01s) onAir=off
[timecode] 16:15:07:01 capture=on(0.01s) onAir=off
[timecode] 16:15:08:02 capture=on(0.02s) onAir=off
[timecode] 16:15:09:02 capture=on(0.02s) onAir=off
[timecode] 16:15:10:02 capture=on(0.03s) onAir=off
[timecode] 16:15:11:02 capture=on(0.01s) onAir=off
[timecode] 16:15:12:02 capture=on(0.01s) onAir=off
[timecode] 16:15:13:02 capture=on(0.01s) onAir=off
[timecode] 16:15:14:02 capture=on(0.01s) onAir=off
[timecode] 16:15:15:02 capture=on(0.01s) onAir=off
[timecode] 16:15:16:02 capture=on(0.01s) onAir=off
[timecode] 16:15:17:02 capture=on(0.01s) onAir=off
[timecode] 16:15:18:03 capture=on(0.01s) onAir=off
[timecode] 16:15:19:03 capture=on(0.02s) onAir=off
[timecode] 16:15:20:03 capture=on(0.02s) onAir=off
[timecode] 16:15:21:03 capture=on(0.04s) onAir=off
[timecode] 16:15:22:03 capture=on(0.04s) onAir=off
[timecode] 16:15:23:03 capture=on(0.01s) onAir=off
[timecode] 16:15:24:03 capture=on(0.01s) onAir=off
[timecode] 16:15:25:03 capture=on(0.01s) onAir=off
[timecode] 16:15:26:03 capture=on(0.01s) onAir=off
[timecode] 16:15:27:03 capture=on(0.01s) onAir=off
[timecode] 16:15:28:03 capture=on(0.01s) onAir=off
[timecode] 16:15:29:03 capture=on(0.01s) onAir=off
[timecode] 16:15:30:04 capture=on(0.01s) onAir=off
[timecode] 16:15:31:04 capture=on(0.01s) onAir=off
[timecode] 16:15:32:04 capture=on(0.01s) onAir=off
[timecode] 16:15:33:04 capture=on(0.02s) onAir=off
[timecode] 16:15:34:04 capture=on(0.02s) onAir=off
[timecode] 16:15:35:04 capture=on(0.04s) onAir=off
[timecode] 16:15:36:04 capture=on(0.01s) onAir=off
[timecode] 16:15:37:04 capture=on(0.01s) onAir=off
[timecode] 16:15:38:04 capture=on(0.01s) onAir=off
[timecode] 16:15:39:04 capture=on(0.01s) onAir=off
[timecode] 16:15:40:04 capture=on(0.01s) onAir=off
[timecode] 16:15:41:04 capture=on(0.01s) onAir=off
[timecode] 16:15:42:05 capture=on(0.02s) onAir=off
[timecode] 16:15:43:05 capture=on(0.03s) onAir=off
[timecode] 16:15:44:05 capture=on(0.04s) onAir=off
[timecode] 16:15:45:05 capture=on(0.00s) onAir=off
[timecode] 16:15:46:05 capture=on(0.01s) onAir=off
[timecode] 16:15:47:05 capture=on(0.01s) onAir=off
[timecode] 16:15:48:05 capture=on(0.01s) onAir=off
[timecode] 16:15:49:06 capture=on(0.02s) onAir=off
[timecode] 16:15:50:06 capture=on(0.02s) onAir=off
[timecode] 16:15:51:06 capture=on(0.03s) onAir=off
[timecode] 16:15:52:06 capture=on(0.03s) onAir=off
[timecode] 16:15:53:06 capture=on(0.04s) onAir=off
[timecode] 16:15:54:06 capture=on(0.00s) onAir=off
[timecode] 16:15:55:06 capture=on(0.01s) onAir=off
[timecode] 16:15:56:06 capture=on(0.01s) onAir=off
[timecode] 16:15:57:07 capture=on(0.02s) onAir=off
[timecode] 16:15:58:07 capture=on(0.02s) onAir=off
[timecode] 16:15:59:07 capture=on(0.02s) onAir=off
[timecode] 16:16:00:07 capture=on(0.04s) onAir=off
[timecode] 16:16:01:07 capture=on(0.01s) onAir=off
[timecode] 16:16:02:07 capture=on(0.01s) onAir=off
[timecode] 16:16:03:07 capture=on(0.01s) onAir=off
[timecode] 16:16:04:08 capture=on(0.01s) onAir=off
[timecode] 16:16:05:08 capture=on(0.01s) onAir=off
[timecode] 16:16:06:08 capture=on(0.01s) onAir=off
[timecode] 16:16:07:08 capture=on(0.02s) onAir=off
[timecode] 16:16:08:08 capture=on(0.02s) onAir=off
[timecode] 16:16:09:08 capture=on(0.03s) onAir=off
[timecode] 16:16:10:08 capture=on(0.00s) onAir=off
[timecode] 16:16:11:08 capture=on(0.01s) onAir=off
[timecode] 16:16:12:09 capture=on(0.01s) onAir=off
[timecode] 16:16:13:09 capture=on(0.01s) onAir=off
[timecode] 16:16:14:09 capture=on(0.02s) onAir=off
[timecode] 16:16:15:09 capture=on(0.04s) onAir=off
[timecode] 16:16:16:09 capture=on(0.00s) onAir=off
[timecode] 16:16:17:09 capture=on(0.00s) onAir=off
[timecode] 16:16:18:09 capture=on(0.01s) onAir=off
[timecode] 16:16:19:09 capture=on(0.01s) onAir=off
[timecode] 16:16:20:09 capture=on(0.01s) onAir=off
[timecode] 16:16:21:10 capture=on(0.01s) onAir=off
[timecode] 16:16:22:10 capture=on(0.01s) onAir=off
[timecode] 16:16:23:10 capture=on(0.02s) onAir=off
[timecode] 16:16:24:10 capture=on(0.02s) onAir=off
[timecode] 16:16:25:10 capture=on(0.03s) onAir=off
[timecode] 16:16:26:10 capture=on(0.04s) onAir=off
[timecode] 16:16:27:10 capture=on(0.01s) onAir=off
[timecode] 16:16:28:11 capture=on(0.01s) onAir=off
[timecode] 16:16:29:10 capture=on(0.01s) onAir=off
[timecode] 16:16:30:11 capture=on(0.01s) onAir=off
[timecode] 16:16:31:10 capture=on(0.00s) onAir=off
[timecode] 16:16:32:11 capture=on(0.01s) onAir=off
[timecode] 16:16:33:11 capture=on(0.01s) onAir=off
[timecode] 16:16:34:11 capture=on(0.01s) onAir=off
[timecode] 16:16:35:11 capture=on(0.02s) onAir=off
[timecode] 16:16:36:11 capture=on(0.02s) onAir=off
[timecode] 16:16:37:11 capture=on(0.03s) onAir=off
[timecode] 16:16:38:11 capture=on(0.00s) onAir=off
[timecode] 16:16:39:12 capture=on(0.01s) onAir=off
[timecode] 16:16:40:12 capture=on(0.01s) onAir=off
[timecode] 16:16:41:12 capture=on(0.01s) onAir=off
[timecode] 16:16:42:12 capture=on(0.02s) onAir=off
[timecode] 16:16:43:12 capture=on(0.03s) onAir=off
[timecode] 16:16:44:12 capture=on(0.04s) onAir=off
[timecode] 16:16:45:12 capture=on(0.00s) onAir=off
[timecode] 16:16:46:13 capture=on(0.00s) onAir=off
[timecode] 16:16:47:13 capture=on(0.01s) onAir=off
[timecode] 16:16:48:13 capture=on(0.01s) onAir=off
[timecode] 16:16:49:13 capture=on(0.01s) onAir=off
[timecode] 16:16:50:13 capture=on(0.01s) onAir=off
[timecode] 16:16:51:13 capture=on(0.01s) onAir=off
[timecode] 16:16:52:13 capture=on(0.01s) onAir=off
[timecode] 16:16:53:13 capture=on(0.01s) onAir=off
[timecode] 16:16:54:13 capture=on(0.02s) onAir=off
[timecode] 16:16:55:13 capture=on(0.03s) onAir=off
[timecode] 16:16:56:13 capture=on(0.04s) onAir=off
[timecode] 16:16:57:13 capture=on(0.00s) onAir=off
[timecode] 16:16:58:14 capture=on(0.01s) onAir=off
[timecode] 16:16:59:14 capture=on(0.01s) onAir=off
[timecode] 16:17:00:14 capture=on(0.01s) onAir=off
[timecode] 16:17:01:14 capture=on(0.01s) onAir=off
[timecode] 16:17:02:14 capture=on(0.01s) onAir=off
[timecode] 16:17:03:14 capture=on(0.03s) onAir=off
[timecode] 16:17:04:14 capture=on(0.03s) onAir=off
[timecode] 16:17:05:14 capture=on(0.03s) onAir=off
[timecode] 16:17:06:14 capture=on(0.04s) onAir=off
[timecode] 16:17:07:14 capture=on(0.00s) onAir=off
[timecode] 16:17:08:14 capture=on(0.00s) onAir=off
[timecode] 16:17:09:15 capture=on(0.01s) onAir=off
[timecode] 16:17:10:15 capture=on(0.01s) onAir=off
[timecode] 16:17:11:15 capture=on(0.01s) onAir=off
[timecode] 16:17:12:15 capture=on(0.01s) onAir=off
[timecode] 16:17:13:15 capture=on(0.01s) onAir=off
[timecode] 16:17:14:15 capture=on(0.02s) onAir=off
[timecode] 16:17:15:15 capture=on(0.03s) onAir=off
[timecode] 16:17:16:15 capture=on(0.04s) onAir=off
[timecode] 16:17:17:16 capture=on(0.00s) onAir=off
[timecode] 16:17:18:16 capture=on(0.01s) onAir=off
[timecode] 16:17:19:16 capture=on(0.01s) onAir=off
[timecode] 16:17:20:16 capture=on(0.02s) onAir=off
[timecode] 16:17:21:16 capture=on(0.02s) onAir=off
[timecode] 16:17:22:16 capture=on(0.03s) onAir=off
[timecode] 16:17:23:16 capture=on(0.03s) onAir=off
[timecode] 16:17:24:16 capture=on(0.03s) onAir=off
[timecode] 16:17:25:16 capture=on(0.03s) onAir=off
[timecode] 16:17:26:17 capture=on(0.00s) onAir=off
[timecode] 16:17:27:17 capture=on(0.00s) onAir=off
[timecode] 16:17:28:17 capture=on(0.01s) onAir=off
[timecode] 16:17:29:17 capture=on(0.02s) onAir=off
[timecode] 16:17:30:17 capture=on(0.02s) onAir=off
[timecode] 16:17:31:17 capture=on(0.02s) onAir=off
[timecode] 16:17:32:17 capture=on(0.03s) onAir=off
[timecode] 16:17:33:18 capture=on(0.00s) onAir=off
[timecode] 16:17:34:18 capture=on(0.00s) onAir=off
[timecode] 16:17:35:18 capture=on(0.00s) onAir=off
[timecode] 16:17:36:18 capture=on(0.00s) onAir=off
[timecode] 16:17:37:18 capture=on(0.00s) onAir=off
[timecode] 16:17:38:18 capture=on(0.00s) onAir=off
[timecode] 16:17:39:18 capture=on(0.01s) onAir=off
[timecode] 16:17:40:18 capture=on(0.02s) onAir=off
[timecode] 16:17:41:18 capture=on(0.02s) onAir=off
[timecode] 16:17:42:18 capture=on(0.04s) onAir=off
[timecode] 16:17:43:19 capture=on(0.00s) onAir=off
[timecode] 16:17:44:19 capture=on(0.00s) onAir=off
[timecode] 16:17:45:19 capture=on(0.00s) onAir=off
[timecode] 16:17:46:19 capture=on(0.00s) onAir=off
[timecode] 16:17:47:19 capture=on(0.00s) onAir=off
[timecode] 16:17:48:19 capture=on(0.00s) onAir=off
[timecode] 16:17:49:19 capture=on(0.01s) onAir=off
[timecode] 16:17:50:19 capture=on(0.01s) onAir=off
[timecode] 16:17:51:19 capture=on(0.01s) onAir=off
[timecode] 16:17:52:19 capture=on(0.02s) onAir=off
[timecode] 16:17:53:19 capture=on(0.02s) onAir=off
[timecode] 16:17:54:19 capture=on(0.03s) onAir=off
[timecode] 16:17:55:19 capture=on(0.03s) onAir=off
[timecode] 16:17:56:19 capture=on(0.00s) onAir=off
[timecode] 16:17:57:20 capture=on(0.00s) onAir=off
[timecode] 16:17:58:20 capture=on(0.00s) onAir=off
[timecode] 16:17:59:20 capture=on(0.00s) onAir=off
[timecode] 16:18:00:20 capture=on(0.00s) onAir=off
[timecode] 16:18:01:20 capture=on(0.01s) onAir=off
[timecode] 16:18:02:20 capture=on(0.01s) onAir=off
[timecode] 16:18:03:20 capture=on(0.02s) onAir=off
[timecode] 16:18:04:20 capture=on(0.02s) onAir=off
[timecode] 16:18:05:20 capture=on(0.02s) onAir=off
[timecode] 16:18:06:20 capture=on(0.03s) onAir=off
[timecode] 16:18:07:20 capture=on(0.03s) onAir=off
[timecode] 16:18:08:20 capture=on(0.03s) onAir=off
[timecode] 16:18:09:20 capture=on(0.04s) onAir=off
[timecode] 16:18:10:21 capture=on(0.00s) onAir=off
[timecode] 16:18:11:21 capture=on(0.00s) onAir=off
[timecode] 16:18:12:21 capture=on(0.02s) onAir=off
[timecode] 16:18:13:21 capture=on(0.03s) onAir=off
[timecode] 16:18:14:21 capture=on(0.03s) onAir=off
[timecode] 16:18:15:22 capture=on(0.00s) onAir=off
[timecode] 16:18:16:22 capture=on(0.00s) onAir=off
[timecode] 16:18:17:22 capture=on(0.01s) onAir=off
[timecode] 16:18:18:22 capture=on(0.02s) onAir=off
[timecode] 16:18:19:22 capture=on(0.02s) onAir=off
[timecode] 16:18:20:22 capture=on(0.03s) onAir=off
[timecode] 16:18:21:23 capture=on(0.00s) onAir=off
[timecode] 16:18:22:23 capture=on(0.00s) onAir=off
[timecode] 16:18:23:23 capture=on(0.01s) onAir=off
[timecode] 16:18:24:23 capture=on(0.03s) onAir=off
[timecode] 16:18:25:23 capture=on(0.02s) onAir=off
[timecode] 16:18:26:23 capture=on(0.03s) onAir=off
[timecode] 16:18:27:23 capture=on(0.03s) onAir=off
[timecode] 16:18:28:23 capture=on(0.04s) onAir=off
[timecode] 16:18:29:24 capture=on(0.00s) onAir=off
[timecode] 16:18:30:24 capture=on(0.01s) onAir=off
[timecode] 16:18:31:24 capture=on(0.01s) onAir=off
[timecode] 16:18:32:24 capture=on(0.01s) onAir=off
[timecode] 16:18:33:24 capture=on(0.02s) onAir=off
[timecode] 16:18:34:24 capture=on(0.03s) onAir=off
[timecode] 16:18:35:24 capture=on(0.04s) onAir=off
[timecode] 16:18:37:00 capture=on(0.00s) onAir=off
[timecode] 16:18:38:00 capture=on(0.00s) onAir=off
[timecode] 16:18:39:00 capture=on(0.00s) onAir=off
[timecode] 16:18:40:00 capture=on(0.00s) onAir=off
[timecode] 16:18:41:00 capture=on(0.01s) onAir=off
[timecode] 16:18:42:00 capture=on(0.01s) onAir=off
[timecode] 16:18:43:00 capture=on(0.02s) onAir=off
[timecode] 16:18:44:00 capture=on(0.03s) onAir=off
[timecode] 16:18:45:01 capture=on(0.04s) onAir=off
[timecode] 16:18:46:01 capture=on(0.00s) onAir=off
[timecode] 16:18:47:01 capture=on(0.00s) onAir=off
[timecode] 16:18:48:01 capture=on(0.01s) onAir=off
[timecode] 16:18:49:01 capture=on(0.01s) onAir=off
[timecode] 16:18:50:01 capture=on(0.02s) onAir=off
[timecode] 16:18:51:01 capture=on(0.02s) onAir=off
[timecode] 16:18:52:01 capture=on(0.02s) onAir=off
[timecode] 16:18:53:01 capture=on(0.03s) onAir=off
[timecode] 16:18:54:01 capture=on(0.03s) onAir=off
[timecode] 16:18:55:01 capture=on(0.03s) onAir=off
[timecode] 16:18:56:02 capture=on(0.00s) onAir=off
[timecode] 16:18:57:02 capture=on(0.01s) onAir=off
[timecode] 16:18:58:02 capture=on(0.01s) onAir=off
[timecode] 16:18:59:02 capture=on(0.01s) onAir=off
[timecode] 16:19:00:02 capture=on(0.01s) onAir=off
[timecode] 16:19:01:02 capture=on(0.02s) onAir=off
[timecode] 16:19:02:02 capture=on(0.02s) onAir=off
[timecode] 16:19:03:02 capture=on(0.02s) onAir=off
[timecode] 16:19:04:02 capture=on(0.03s) onAir=off
[timecode] 16:19:05:02 capture=on(0.03s) onAir=off
[timecode] 16:19:06:03 capture=on(0.00s) onAir=off
[timecode] 16:19:07:03 capture=on(0.00s) onAir=off
[timecode] 16:19:08:03 capture=on(0.02s) onAir=off
[timecode] 16:19:09:03 capture=on(0.02s) onAir=off
[timecode] 16:19:10:03 capture=on(0.03s) onAir=off
[timecode] 16:19:11:03 capture=on(0.03s) onAir=off
[timecode] 16:19:12:04 capture=on(0.00s) onAir=off
[timecode] 16:19:13:04 capture=on(0.00s) onAir=off
[timecode] 16:19:14:04 capture=on(0.00s) onAir=off
[timecode] 16:19:15:04 capture=on(0.00s) onAir=off
[timecode] 16:19:16:04 capture=on(0.00s) onAir=off
[timecode] 16:19:17:04 capture=on(0.00s) onAir=off
[timecode] 16:19:18:04 capture=on(0.00s) onAir=off
[timecode] 16:19:19:04 capture=on(0.01s) onAir=off
[timecode] 16:19:20:04 capture=on(0.00s) onAir=off
[timecode] 16:19:21:04 capture=on(0.00s) onAir=off
[timecode] 16:19:22:04 capture=on(0.00s) onAir=off
[timecode] 16:19:23:04 capture=on(0.00s) onAir=off
[timecode] 16:19:24:04 capture=on(0.01s) onAir=off
[timecode] 16:19:25:04 capture=on(0.02s) onAir=off
[timecode] 16:19:26:04 capture=on(0.03s) onAir=off
[timecode] 16:19:27:04 capture=on(0.03s) onAir=off
[timecode] 16:19:28:04 capture=on(0.03s) onAir=off
[timecode] 16:19:29:05 capture=on(0.00s) onAir=off
[timecode] 16:19:30:05 capture=on(0.01s) onAir=off
[timecode] 16:19:31:05 capture=on(0.01s) onAir=off
[timecode] 16:19:32:05 capture=on(0.01s) onAir=off
[timecode] 16:19:33:05 capture=on(0.01s) onAir=off
[timecode] 16:19:34:05 capture=on(0.01s) onAir=off
[timecode] 16:19:35:05 capture=on(0.02s) onAir=off
[timecode] 16:19:36:05 capture=on(0.03s) onAir=off
[timecode] 16:19:37:06 capture=on(0.04s) onAir=off
[timecode] 16:19:38:06 capture=on(0.01s) onAir=off
[timecode] 16:19:39:06 capture=on(0.01s) onAir=off
[timecode] 16:19:40:06 capture=on(0.01s) onAir=off
[timecode] 16:19:41:06 capture=on(0.01s) onAir=off
[timecode] 16:19:42:06 capture=on(0.01s) onAir=off
[timecode] 16:19:43:06 capture=on(0.02s) onAir=off
[timecode] 16:19:44:06 capture=on(0.03s) onAir=off
[timecode] 16:19:45:07 capture=on(0.00s) onAir=off
[timecode] 16:19:46:07 capture=on(0.01s) onAir=off
[timecode] 16:19:47:07 capture=on(0.01s) onAir=off
[timecode] 16:19:48:07 capture=on(0.01s) onAir=off
[timecode] 16:19:49:07 capture=on(0.02s) onAir=off
[timecode] 16:19:50:07 capture=on(0.03s) onAir=off
[timecode] 16:19:51:08 capture=on(0.03s) onAir=off
[timecode] 16:19:52:08 capture=on(0.04s) onAir=off
[timecode] 16:19:53:08 capture=on(0.01s) onAir=off
[timecode] 16:19:54:08 capture=on(0.01s) onAir=off
[timecode] 16:19:55:08 capture=on(0.02s) onAir=off
[timecode] 16:19:56:09 capture=on(0.03s) onAir=off
[timecode] 16:19:57:09 capture=on(0.00s) onAir=off
[timecode] 16:19:58:09 capture=on(0.00s) onAir=off
[timecode] 16:19:59:09 capture=on(0.02s) onAir=off
[timecode] 16:20:00:09 capture=on(0.03s) onAir=off
[timecode] 16:20:01:09 capture=on(0.03s) onAir=off
[timecode] 16:20:02:10 capture=on(0.01s) onAir=off
[timecode] 16:20:03:10 capture=on(0.01s) onAir=off
[timecode] 16:20:04:10 capture=on(0.01s) onAir=off
[timecode] 16:20:05:10 capture=on(0.01s) onAir=off
[timecode] 16:20:06:10 capture=on(0.01s) onAir=off
[timecode] 16:20:07:10 capture=on(0.01s) onAir=off
[timecode] 16:20:08:10 capture=on(0.02s) onAir=off
[timecode] 16:20:09:10 capture=on(0.03s) onAir=off
[timecode] 16:20:10:11 capture=on(0.00s) onAir=off
[timecode] 16:20:11:11 capture=on(0.01s) onAir=off
[timecode] 16:20:12:11 capture=on(0.01s) onAir=off
[timecode] 16:20:13:11 capture=on(0.02s) onAir=off
[timecode] 16:20:14:12 capture=on(0.03s) onAir=off
[timecode] 16:20:15:12 capture=on(0.04s) onAir=off
[timecode] 16:20:16:12 capture=on(0.00s) onAir=off
[timecode] 16:20:17:12 capture=on(0.01s) onAir=off
[timecode] 16:20:18:12 capture=on(0.01s) onAir=off
[timecode] 16:20:19:12 capture=on(0.01s) onAir=off
[timecode] 16:20:20:12 capture=on(0.02s) onAir=off
[timecode] 16:20:21:13 capture=on(0.03s) onAir=off
[timecode] 16:20:22:13 capture=on(0.00s) onAir=off
[timecode] 16:20:23:13 capture=on(0.00s) onAir=off
[timecode] 16:20:24:13 capture=on(0.01s) onAir=off
[timecode] 16:20:25:13 capture=on(0.02s) onAir=off
[timecode] 16:20:26:14 capture=on(0.03s) onAir=off
[timecode] 16:20:27:14 capture=on(0.00s) onAir=off
[timecode] 16:20:28:14 capture=on(0.00s) onAir=off
[timecode] 16:20:29:14 capture=on(0.01s) onAir=off
[timecode] 16:20:30:14 capture=on(0.01s) onAir=off
[timecode] 16:20:31:14 capture=on(0.01s) onAir=off
[timecode] 16:20:32:14 capture=on(0.02s) onAir=off
[timecode] 16:20:33:14 capture=on(0.02s) onAir=off
[timecode] 16:20:34:14 capture=on(0.03s) onAir=off
[timecode] 16:20:35:15 capture=on(0.00s) onAir=off
[timecode] 16:20:36:15 capture=on(0.00s) onAir=off
[timecode] 16:20:37:15 capture=on(0.00s) onAir=off
[timecode] 16:20:38:15 capture=on(0.00s) onAir=off
[timecode] 16:20:39:15 capture=on(0.01s) onAir=off
[timecode] 16:20:40:15 capture=on(0.01s) onAir=off
[timecode] 16:20:41:15 capture=on(0.01s) onAir=off
[timecode] 16:20:42:15 capture=on(0.02s) onAir=off
[timecode] 16:20:43:15 capture=on(0.02s) onAir=off
[timecode] 16:20:44:16 capture=on(0.03s) onAir=off
[timecode] 16:20:45:16 capture=on(0.00s) onAir=off
[timecode] 16:20:46:16 capture=on(0.00s) onAir=off
[timecode] 16:20:47:16 capture=on(0.00s) onAir=off
[timecode] 16:20:48:16 capture=on(0.00s) onAir=off
[timecode] 16:20:49:16 capture=on(0.00s) onAir=off
[timecode] 16:20:50:16 capture=on(0.01s) onAir=off
[timecode] 16:20:51:16 capture=on(0.01s) onAir=off
[timecode] 16:20:52:16 capture=on(0.02s) onAir=off
[timecode] 16:20:53:17 capture=on(0.03s) onAir=off
[timecode] 16:20:54:17 capture=on(0.03s) onAir=off
[timecode] 16:20:55:17 capture=on(0.00s) onAir=off
[timecode] 16:20:56:17 capture=on(0.00s) onAir=off
[timecode] 16:20:57:17 capture=on(0.00s) onAir=off
[timecode] 16:20:58:17 capture=on(0.01s) onAir=off
[timecode] 16:20:59:17 capture=on(0.02s) onAir=off
[timecode] 16:21:00:17 capture=on(0.02s) onAir=off
[timecode] 16:21:01:17 capture=on(0.03s) onAir=off
[timecode] 16:21:02:18 capture=on(0.03s) onAir=off
[timecode] 16:21:03:18 capture=on(0.00s) onAir=off
[timecode] 16:21:04:18 capture=on(0.01s) onAir=off
[timecode] 16:21:05:18 capture=on(0.01s) onAir=off
[timecode] 16:21:06:18 capture=on(0.00s) onAir=off
[timecode] 16:21:07:18 capture=on(0.01s) onAir=off
[timecode] 16:21:08:18 capture=on(0.02s) onAir=off
[timecode] 16:21:09:19 capture=on(0.03s) onAir=off
[timecode] 16:21:10:19 capture=on(0.00s) onAir=off
[timecode] 16:21:11:19 capture=on(0.00s) onAir=off
[timecode] 16:21:12:19 capture=on(0.00s) onAir=off
[timecode] 16:21:13:19 capture=on(0.00s) onAir=off
[timecode] 16:21:14:19 capture=on(0.00s) onAir=off
[timecode] 16:21:15:19 capture=on(0.01s) onAir=off
[timecode] 16:21:16:19 capture=on(0.02s) onAir=off
[timecode] 16:21:17:20 capture=on(0.03s) onAir=off
[timecode] 16:21:18:20 capture=on(0.00s) onAir=off
[timecode] 16:21:19:20 capture=on(0.00s) onAir=off
[timecode] 16:21:20:20 capture=on(0.00s) onAir=off
[timecode] 16:21:21:20 capture=on(0.01s) onAir=off
[timecode] 16:21:22:20 capture=on(0.01s) onAir=off
[timecode] 16:21:23:20 capture=on(0.02s) onAir=off
[timecode] 16:21:24:21 capture=on(0.03s) onAir=off
[timecode] 16:21:25:21 capture=on(0.03s) onAir=off
[timecode] 16:21:26:21 capture=on(0.03s) onAir=off
[timecode] 16:21:27:21 capture=on(0.04s) onAir=off
[timecode] 16:21:28:21 capture=on(0.00s) onAir=off
[timecode] 16:21:29:21 capture=on(0.04s) onAir=off
[timecode] 16:21:30:21 capture=on(0.01s) onAir=off
[timecode] 16:21:31:21 capture=on(0.01s) onAir=off
[timecode] 16:21:32:21 capture=on(0.01s) onAir=off
[timecode] 16:21:33:21 capture=on(0.01s) onAir=off
[timecode] 16:21:34:21 capture=on(0.01s) onAir=off
[timecode] 16:21:35:21 capture=on(0.01s) onAir=off
[timecode] 16:21:36:21 capture=on(0.02s) onAir=off
[timecode] 16:21:37:21 capture=on(0.03s) onAir=off
[timecode] 16:21:38:22 capture=on(0.04s) onAir=off
[timecode] 16:21:39:22 capture=on(0.01s) onAir=off
[timecode] 16:21:40:22 capture=on(0.01s) onAir=off
[timecode] 16:21:41:22 capture=on(0.01s) onAir=off
[timecode] 16:21:42:22 capture=on(0.01s) onAir=off
[timecode] 16:21:43:22 capture=on(0.01s) onAir=off
[timecode] 16:21:44:22 capture=on(0.01s) onAir=off
[timecode] 16:21:45:22 capture=on(0.01s) onAir=off
[timecode] 16:21:46:22 capture=on(0.02s) onAir=off
[timecode] 16:21:47:23 capture=on(0.03s) onAir=off
[timecode] 16:21:48:23 capture=on(0.03s) onAir=off
[timecode] 16:21:49:23 capture=on(0.00s) onAir=off
[timecode] 16:21:50:23 capture=on(0.01s) onAir=off
[timecode] 16:21:51:23 capture=on(0.01s) onAir=off
[timecode] 16:21:52:23 capture=on(0.01s) onAir=off
[timecode] 16:21:53:23 capture=on(0.01s) onAir=off
[timecode] 16:21:54:23 capture=on(0.01s) onAir=off
[timecode] 16:21:55:23 capture=on(0.01s) onAir=off
[timecode] 16:21:56:23 capture=on(0.01s) onAir=off
[timecode] 16:21:57:23 capture=on(0.01s) onAir=off
[timecode] 16:21:58:23 capture=on(0.01s) onAir=off
[timecode] 16:21:59:23 capture=on(0.01s) onAir=off
[timecode] 16:22:00:23 capture=on(0.01s) onAir=off
[timecode] 16:22:01:23 capture=on(0.01s) onAir=off
[timecode] 16:22:02:23 capture=on(0.01s) onAir=off
[timecode] 16:22:03:23 capture=on(0.01s) onAir=off
[timecode] 16:22:04:24 capture=on(0.03s) onAir=off
[timecode] 16:22:05:24 capture=on(0.03s) onAir=off
[timecode] 16:22:06:24 capture=on(0.04s) onAir=off
[timecode] 16:22:07:24 capture=on(0.01s) onAir=off
[timecode] 16:22:08:24 capture=on(0.01s) onAir=off
[timecode] 16:22:09:24 capture=on(0.01s) onAir=off
[timecode] 16:22:10:24 capture=on(0.02s) onAir=off
[timecode] 16:22:12:00 capture=on(0.03s) onAir=off
[timecode] 16:22:13:00 capture=on(0.00s) onAir=off
[timecode] 16:22:14:00 capture=on(0.01s) onAir=off
[timecode] 16:22:15:00 capture=on(0.01s) onAir=off
[timecode] 16:22:16:00 capture=on(0.01s) onAir=off
[timecode] 16:22:17:00 capture=on(0.01s) onAir=off
[timecode] 16:22:18:00 capture=on(0.01s) onAir=off
[timecode] 16:22:19:00 capture=on(0.01s) onAir=off
[timecode] 16:22:20:00 capture=on(0.01s) onAir=off
[timecode] 16:22:21:00 capture=on(0.01s) onAir=off
[timecode] 16:22:22:00 capture=on(0.01s) onAir=off
[timecode] 16:22:23:00 capture=on(0.01s) onAir=off
[timecode] 16:22:24:00 capture=on(0.00s) onAir=off
[timecode] 16:22:25:00 capture=on(0.00s) onAir=off
[timecode] 16:22:26:00 capture=on(0.00s) onAir=off
[timecode] 16:22:27:00 capture=on(0.00s) onAir=off
[timecode] 16:22:28:00 capture=on(0.00s) onAir=off
[timecode] 16:22:29:00 capture=on(0.00s) onAir=off
[timecode] 16:22:30:00 capture=on(0.00s) onAir=off
[timecode] 16:22:31:00 capture=on(0.00s) onAir=off
[timecode] 16:22:32:00 capture=on(0.02s) onAir=off
[timecode] 16:22:33:00 capture=on(0.02s) onAir=off
[timecode] 16:22:34:01 capture=on(0.02s) onAir=off
[timecode] 16:22:35:01 capture=on(0.03s) onAir=off
[timecode] 16:22:36:01 capture=on(0.00s) onAir=off
[timecode] 16:22:37:01 capture=on(0.00s) onAir=off
[timecode] 16:22:38:01 capture=on(0.01s) onAir=off
[timecode] 16:22:39:01 capture=on(0.01s) onAir=off
[timecode] 16:22:40:02 capture=on(0.02s) onAir=off
[timecode] 16:22:41:02 capture=on(0.03s) onAir=off
[timecode] 16:22:42:02 capture=on(0.00s) onAir=off
[timecode] 16:22:43:02 capture=on(0.01s) onAir=off
[timecode] 16:22:44:03 capture=on(0.03s) onAir=off
[timecode] 16:22:45:03 capture=on(0.00s) onAir=off
[timecode] 16:22:46:03 capture=on(0.00s) onAir=off
[timecode] 16:22:47:03 capture=on(0.00s) onAir=off
[timecode] 16:22:48:03 capture=on(0.02s) onAir=off
[timecode] 16:22:49:04 capture=on(0.02s) onAir=off
[timecode] 16:22:50:04 capture=on(0.03s) onAir=off
[timecode] 16:22:51:04 capture=on(0.04s) onAir=off
[timecode] 16:22:52:04 capture=on(0.00s) onAir=off
[timecode] 16:22:53:04 capture=on(0.01s) onAir=off
[timecode] 16:22:54:04 capture=on(0.01s) onAir=off
[timecode] 16:22:55:04 capture=on(0.02s) onAir=off
[timecode] 16:22:56:05 capture=on(0.02s) onAir=off
[timecode] 16:22:57:05 capture=on(0.02s) onAir=off
[timecode] 16:22:58:05 capture=on(0.02s) onAir=off
[timecode] 16:22:59:05 capture=on(0.02s) onAir=off
[timecode] 16:23:00:05 capture=on(0.03s) onAir=off
[timecode] 16:23:01:05 capture=on(0.03s) onAir=off
[timecode] 16:23:02:05 capture=on(0.00s) onAir=off
[timecode] 16:23:03:05 capture=on(0.00s) onAir=off
[timecode] 16:23:04:05 capture=on(0.00s) onAir=off
[timecode] 16:23:05:05 capture=on(0.00s) onAir=off
[timecode] 16:23:06:05 capture=on(0.01s) onAir=off
[timecode] 16:23:07:06 capture=on(0.02s) onAir=off
[timecode] 16:23:08:06 capture=on(0.03s) onAir=off
[timecode] 16:23:09:06 capture=on(0.03s) onAir=off
[timecode] 16:23:10:06 capture=on(0.04s) onAir=off
[timecode] 16:23:11:06 capture=on(0.00s) onAir=off
[timecode] 16:23:12:06 capture=on(0.01s) onAir=off
[timecode] 16:23:13:06 capture=on(0.01s) onAir=off
[timecode] 16:23:14:07 capture=on(0.03s) onAir=off
[timecode] 16:23:15:07 capture=on(0.00s) onAir=off
[timecode] 16:23:16:07 capture=on(0.00s) onAir=off
[timecode] 16:23:17:07 capture=on(0.00s) onAir=off
[timecode] 16:23:18:07 capture=on(0.00s) onAir=off
[timecode] 16:23:19:07 capture=on(0.00s) onAir=off
[timecode] 16:23:20:07 capture=on(0.00s) onAir=off
[timecode] 16:23:21:07 capture=on(0.00s) onAir=off
[timecode] 16:23:22:07 capture=on(0.01s) onAir=off
[timecode] 16:23:23:08 capture=on(0.02s) onAir=off
[timecode] 16:23:24:08 capture=on(0.03s) onAir=off
[timecode] 16:23:25:08 capture=on(0.03s) onAir=off
[timecode] 16:23:26:08 capture=on(0.03s) onAir=off
[timecode] 16:23:27:08 capture=on(0.00s) onAir=off
[timecode] 16:23:28:08 capture=on(0.00s) onAir=off
[timecode] 16:23:29:08 capture=on(0.01s) onAir=off
[timecode] 16:23:30:09 capture=on(0.02s) onAir=off
[timecode] 16:23:31:09 capture=on(0.03s) onAir=off
[timecode] 16:23:32:09 capture=on(0.00s) onAir=off
[timecode] 16:23:33:09 capture=on(0.00s) onAir=off
[timecode] 16:23:34:09 capture=on(0.00s) onAir=off
[timecode] 16:23:35:09 capture=on(0.00s) onAir=off
[timecode] 16:23:36:09 capture=on(0.00s) onAir=off
[timecode] 16:23:37:09 capture=on(0.00s) onAir=off
[timecode] 16:23:38:09 capture=on(0.00s) onAir=off
[timecode] 16:23:39:09 capture=on(0.01s) onAir=off
[timecode] 16:23:40:09 capture=on(0.01s) onAir=off
[timecode] 16:23:41:10 capture=on(0.02s) onAir=off
[timecode] 16:23:42:10 capture=on(0.02s) onAir=off
[timecode] 16:23:43:10 capture=on(0.02s) onAir=off
[timecode] 16:23:44:10 capture=on(0.03s) onAir=off
[timecode] 16:23:45:10 capture=on(0.03s) onAir=off
[timecode] 16:23:46:10 capture=on(0.00s) onAir=off
[timecode] 16:23:47:10 capture=on(0.00s) onAir=off
[timecode] 16:23:48:10 capture=on(0.01s) onAir=off
[timecode] 16:23:49:10 capture=on(0.01s) onAir=off
[timecode] 16:23:50:10 capture=on(0.02s) onAir=off
[timecode] 16:23:51:11 capture=on(0.03s) onAir=off
[timecode] 16:23:52:11 capture=on(0.03s) onAir=off
[timecode] 16:23:53:11 capture=on(0.00s) onAir=off
[timecode] 16:23:54:11 capture=on(0.00s) onAir=off
[timecode] 16:23:55:11 capture=on(0.01s) onAir=off
[timecode] 16:23:56:11 capture=on(0.01s) onAir=off
[timecode] 16:23:57:11 capture=on(0.01s) onAir=off
[timecode] 16:23:58:12 capture=on(0.02s) onAir=off
[timecode] 16:23:59:12 capture=on(0.02s) onAir=off
[timecode] 16:24:00:12 capture=on(0.02s) onAir=off
[timecode] 16:24:01:12 capture=on(0.03s) onAir=off
[timecode] 16:24:02:12 capture=on(0.00s) onAir=off
[timecode] 16:24:03:12 capture=on(0.00s) onAir=off
[timecode] 16:24:04:12 capture=on(0.00s) onAir=off
[timecode] 16:24:05:12 capture=on(0.01s) onAir=off
[timecode] 16:24:06:12 capture=on(0.01s) onAir=off
[timecode] 16:24:07:13 capture=on(0.03s) onAir=off
[timecode] 16:24:08:13 capture=on(0.00s) onAir=off
[timecode] 16:24:09:13 capture=on(0.00s) onAir=off
[timecode] 16:24:10:13 capture=on(0.00s) onAir=off
[timecode] 16:24:11:13 capture=on(0.01s) onAir=off
[timecode] 16:24:12:13 capture=on(0.01s) onAir=off
[timecode] 16:24:13:13 capture=on(0.01s) onAir=off
[timecode] 16:24:14:14 capture=on(0.03s) onAir=off
[timecode] 16:24:15:14 capture=on(0.00s) onAir=off
[timecode] 16:24:16:14 capture=on(0.00s) onAir=off
[timecode] 16:24:17:14 capture=on(0.00s) onAir=off
[timecode] 16:24:18:14 capture=on(0.00s) onAir=off
[timecode] 16:24:19:14 capture=on(0.00s) onAir=off
[timecode] 16:24:20:14 capture=on(0.01s) onAir=off
[timecode] 16:24:21:14 capture=on(0.01s) onAir=off
[timecode] 16:24:22:15 capture=on(0.02s) onAir=off
[timecode] 16:24:23:15 capture=on(0.02s) onAir=off
[timecode] 16:24:24:15 capture=on(0.02s) onAir=off
[timecode] 16:24:25:15 capture=on(0.03s) onAir=off
[timecode] 16:24:26:15 capture=on(0.03s) onAir=off
[timecode] 16:24:27:15 capture=on(0.00s) onAir=off
[timecode] 16:24:28:15 capture=on(0.00s) onAir=off
[timecode] 16:24:29:16 capture=on(0.01s) onAir=off
[timecode] 16:24:30:16 capture=on(0.02s) onAir=off
[timecode] 16:24:31:16 capture=on(0.02s) onAir=off
[timecode] 16:24:32:16 capture=on(0.02s) onAir=off
[timecode] 16:24:33:16 capture=on(0.03s) onAir=off
[timecode] 16:24:34:16 capture=on(0.04s) onAir=off
[timecode] 16:24:35:16 capture=on(0.00s) onAir=off
[timecode] 16:24:36:16 capture=on(0.00s) onAir=off
[timecode] 16:24:37:16 capture=on(0.01s) onAir=off
[timecode] 16:24:38:17 capture=on(0.02s) onAir=off
[timecode] 16:24:39:17 capture=on(0.02s) onAir=off
[timecode] 16:24:40:17 capture=on(0.03s) onAir=off
[timecode] 16:24:41:17 capture=on(0.00s) onAir=off
[timecode] 16:24:42:17 capture=on(0.01s) onAir=off
[timecode] 16:24:43:17 capture=on(0.01s) onAir=off
[timecode] 16:24:44:18 capture=on(0.03s) onAir=off
[timecode] 16:24:45:18 capture=on(0.04s) onAir=off
[timecode] 16:24:46:18 capture=on(0.00s) onAir=off
[timecode] 16:24:47:18 capture=on(0.00s) onAir=off
[timecode] 16:24:48:18 capture=on(0.00s) onAir=off
[timecode] 16:24:49:18 capture=on(0.00s) onAir=off
[timecode] 16:24:50:18 capture=on(0.00s) onAir=off
[timecode] 16:24:51:18 capture=on(0.00s) onAir=off
[timecode] 16:24:52:18 capture=on(0.01s) onAir=off
[timecode] 16:24:53:18 capture=on(0.01s) onAir=off
[timecode] 16:24:54:18 capture=on(0.01s) onAir=off
[timecode] 16:24:55:18 capture=on(0.01s) onAir=off
[timecode] 16:24:56:19 capture=on(0.01s) onAir=off
[timecode] 16:24:57:19 capture=on(0.03s) onAir=off
[timecode] 16:24:58:19 capture=on(0.00s) onAir=off
[timecode] 16:24:59:19 capture=on(0.00s) onAir=off
[timecode] 16:25:00:19 capture=on(0.00s) onAir=off
[timecode] 16:25:01:19 capture=on(0.00s) onAir=off
[timecode] 16:25:02:19 capture=on(0.01s) onAir=off
[timecode] 16:25:03:20 capture=on(0.01s) onAir=off
[timecode] 16:25:04:20 capture=on(0.03s) onAir=off
[timecode] 16:25:05:20 capture=on(0.03s) onAir=off
[timecode] 16:25:06:20 capture=on(0.03s) onAir=off
[timecode] 16:25:07:20 capture=on(0.00s) onAir=off
[timecode] 16:25:08:20 capture=on(0.00s) onAir=off
[timecode] 16:25:09:21 capture=on(0.01s) onAir=off
[timecode] 16:25:10:21 capture=on(0.01s) onAir=off
[timecode] 16:25:11:21 capture=on(0.02s) onAir=off
[timecode] 16:25:12:21 capture=on(0.02s) onAir=off
[timecode] 16:25:13:21 capture=on(0.03s) onAir=off
[timecode] 16:25:14:21 capture=on(0.01s) onAir=off
[timecode] 16:25:15:21 capture=on(0.01s) onAir=off
[timecode] 16:25:16:21 capture=on(0.01s) onAir=off
[timecode] 16:25:17:21 capture=on(0.01s) onAir=off
[timecode] 16:25:18:22 capture=on(0.02s) onAir=off
[timecode] 16:25:19:22 capture=on(0.03s) onAir=off
[timecode] 16:25:20:22 capture=on(0.00s) onAir=off
[timecode] 16:25:21:22 capture=on(0.00s) onAir=off
[timecode] 16:25:22:22 capture=on(0.00s) onAir=off
[timecode] 16:25:23:22 capture=on(0.01s) onAir=off
[timecode] 16:25:24:22 capture=on(0.01s) onAir=off
[timecode] 16:25:25:22 capture=on(0.01s) onAir=off
[timecode] 16:25:26:22 capture=on(0.01s) onAir=off
[timecode] 16:25:27:23 capture=on(0.02s) onAir=off
[timecode] 16:25:28:23 capture=on(0.03s) onAir=off
[timecode] 16:25:29:23 capture=on(0.03s) onAir=off
[timecode] 16:25:30:23 capture=on(0.00s) onAir=off
[timecode] 16:25:31:23 capture=on(0.00s) onAir=off
[timecode] 16:25:32:23 capture=on(0.01s) onAir=off
[timecode] 16:25:33:24 capture=on(0.01s) onAir=off
[timecode] 16:25:34:24 capture=on(0.02s) onAir=off
[timecode] 16:25:35:24 capture=on(0.03s) onAir=off
[timecode] 16:25:36:24 capture=on(0.03s) onAir=off
[timecode] 16:25:37:24 capture=on(0.00s) onAir=off
[timecode] 16:25:38:24 capture=on(0.01s) onAir=off
[timecode] 16:25:39:24 capture=on(0.01s) onAir=off
[timecode] 16:25:41:00 capture=on(0.01s) onAir=off
[timecode] 16:25:42:00 capture=on(0.02s) onAir=off
[timecode] 16:25:43:00 capture=on(0.03s) onAir=off
[timecode] 16:25:44:00 capture=on(0.03s) onAir=off
[timecode] 16:25:45:00 capture=on(0.03s) onAir=off
[timecode] 16:25:46:00 capture=on(0.01s) onAir=off
[timecode] 16:25:47:00 capture=on(0.01s) onAir=off
[timecode] 16:25:48:01 capture=on(0.01s) onAir=off
[timecode] 16:25:49:01 capture=on(0.02s) onAir=off
[timecode] 16:25:50:01 capture=on(0.02s) onAir=off
[timecode] 16:25:51:01 capture=on(0.02s) onAir=off
[timecode] 16:25:52:01 capture=on(0.03s) onAir=off
[timecode] 16:25:53:01 capture=on(0.03s) onAir=off
[timecode] 16:25:54:01 capture=on(0.03s) onAir=off
[timecode] 16:25:55:01 capture=on(0.03s) onAir=off
[timecode] 16:25:56:01 capture=on(0.00s) onAir=off
[timecode] 16:25:57:01 capture=on(0.01s) onAir=off
[timecode] 16:25:58:01 capture=on(0.01s) onAir=off
[timecode] 16:25:59:01 capture=on(0.01s) onAir=off
[timecode] 16:26:00:01 capture=on(0.01s) onAir=off
[timecode] 16:26:01:01 capture=on(0.01s) onAir=off
[timecode] 16:26:02:01 capture=on(0.01s) onAir=off
[timecode] 16:26:03:01 capture=on(0.01s) onAir=off
[timecode] 16:26:04:01 capture=on(0.01s) onAir=off
[timecode] 16:26:05:01 capture=on(0.01s) onAir=off
[timecode] 16:26:06:02 capture=on(0.01s) onAir=off
[timecode] 16:26:07:02 capture=on(0.01s) onAir=off
[timecode] 16:26:08:02 capture=on(0.01s) onAir=off
[timecode] 16:26:09:02 capture=on(0.01s) onAir=off
[timecode] 16:26:10:02 capture=on(0.02s) onAir=off
[timecode] 16:26:11:02 capture=on(0.03s) onAir=off
[timecode] 16:26:12:02 capture=on(0.01s) onAir=off
[timecode] 16:26:13:02 capture=on(0.00s) onAir=off
[timecode] 16:26:14:02 capture=on(0.01s) onAir=off
[timecode] 16:26:15:02 capture=on(0.01s) onAir=off
[timecode] 16:26:16:03 capture=on(0.01s) onAir=off
[timecode] 16:26:17:03 capture=on(0.01s) onAir=off
[timecode] 16:26:18:03 capture=on(0.02s) onAir=off
[timecode] 16:26:19:03 capture=on(0.03s) onAir=off
[timecode] 16:26:20:03 capture=on(0.03s) onAir=off
[timecode] 16:26:21:03 capture=on(0.01s) onAir=off
[timecode] 16:26:22:03 capture=on(0.01s) onAir=off
[timecode] 16:26:23:04 capture=on(0.00s) onAir=off
[timecode] 16:26:24:04 capture=on(0.02s) onAir=off
[timecode] 16:26:25:04 capture=on(0.03s) onAir=off
[timecode] 16:26:26:04 capture=on(0.03s) onAir=off
[timecode] 16:26:27:04 capture=on(0.03s) onAir=off
[timecode] 16:26:28:04 capture=on(0.00s) onAir=off
[timecode] 16:26:29:04 capture=on(0.00s) onAir=off
[timecode] 16:26:30:04 capture=on(0.00s) onAir=off
[timecode] 16:26:31:05 capture=on(0.01s) onAir=off
[timecode] 16:26:32:05 capture=on(0.01s) onAir=off
[timecode] 16:26:33:05 capture=on(0.02s) onAir=off
[timecode] 16:26:34:05 capture=on(0.03s) onAir=off
[timecode] 16:26:35:05 capture=on(0.00s) onAir=off
[timecode] 16:26:36:05 capture=on(0.00s) onAir=off
[timecode] 16:26:37:05 capture=on(0.00s) onAir=off
[timecode] 16:26:38:05 capture=on(0.00s) onAir=off
[timecode] 16:26:39:05 capture=on(0.00s) onAir=off
[timecode] 16:26:40:05 capture=on(0.00s) onAir=off
[timecode] 16:26:41:05 capture=on(0.00s) onAir=off
[timecode] 16:26:42:06 capture=on(0.02s) onAir=off
[timecode] 16:26:43:06 capture=on(0.03s) onAir=off
[timecode] 16:26:44:06 capture=on(0.03s) onAir=off
[timecode] 16:26:45:06 capture=on(0.04s) onAir=off
[timecode] 16:26:46:06 capture=on(0.00s) onAir=off
[timecode] 16:26:47:06 capture=on(0.00s) onAir=off
[timecode] 16:26:48:06 capture=on(0.01s) onAir=off
[timecode] 16:26:49:06 capture=on(0.00s) onAir=off
[timecode] 16:26:50:06 capture=on(0.00s) onAir=off
[timecode] 16:26:51:07 capture=on(0.01s) onAir=off
[timecode] 16:26:52:07 capture=on(0.02s) onAir=off
[timecode] 16:26:53:07 capture=on(0.02s) onAir=off
[timecode] 16:26:54:07 capture=on(0.04s) onAir=off
[timecode] 16:26:55:07 capture=on(0.00s) onAir=off
[timecode] 16:26:56:07 capture=on(0.00s) onAir=off
[timecode] 16:26:57:08 capture=on(0.01s) onAir=off
[timecode] 16:26:58:08 capture=on(0.01s) onAir=off
[timecode] 16:26:59:08 capture=on(0.01s) onAir=off
[timecode] 16:27:00:08 capture=on(0.03s) onAir=off
[timecode] 16:27:01:08 capture=on(0.03s) onAir=off
[timecode] 16:27:02:08 capture=on(0.00s) onAir=off
[timecode] 16:27:03:08 capture=on(0.00s) onAir=off
[timecode] 16:27:04:09 capture=on(0.00s) onAir=off
[timecode] 16:27:05:08 capture=on(0.00s) onAir=off
[timecode] 16:27:06:08 capture=on(0.00s) onAir=off
[timecode] 16:27:07:09 capture=on(0.00s) onAir=off
[timecode] 16:27:08:09 capture=on(0.01s) onAir=off
[timecode] 16:27:09:09 capture=on(0.00s) onAir=off
[timecode] 16:27:10:09 capture=on(0.00s) onAir=off
[timecode] 16:27:11:09 capture=on(0.01s) onAir=off
[timecode] 16:27:12:09 capture=on(0.02s) onAir=off
[timecode] 16:27:13:09 capture=on(0.02s) onAir=off
[timecode] 16:27:14:09 capture=on(0.02s) onAir=off
[timecode] 16:27:15:09 capture=on(0.03s) onAir=off
[timecode] 16:27:16:09 capture=on(0.03s) onAir=off
[timecode] 16:27:17:09 capture=on(0.00s) onAir=off
[timecode] 16:27:18:09 capture=on(0.00s) onAir=off
[timecode] 16:27:19:10 capture=on(0.00s) onAir=off
[timecode] 16:27:20:10 capture=on(0.00s) onAir=off
[timecode] 16:27:21:10 capture=on(0.00s) onAir=off
[timecode] 16:27:22:10 capture=on(0.00s) onAir=off
[timecode] 16:27:23:10 capture=on(0.01s) onAir=off
[timecode] 16:27:24:10 capture=on(0.01s) onAir=off
[timecode] 16:27:25:10 capture=on(0.03s) onAir=off
[timecode] 16:27:26:10 capture=on(0.03s) onAir=off
[timecode] 16:27:27:10 capture=on(0.00s) onAir=off
[timecode] 16:27:28:11 capture=on(0.00s) onAir=off
[timecode] 16:27:29:11 capture=on(0.00s) onAir=off
[timecode] 16:27:30:11 capture=on(0.01s) onAir=off
[timecode] 16:27:31:11 capture=on(0.02s) onAir=off
[timecode] 16:27:32:11 capture=on(0.03s) onAir=off
[timecode] 16:27:33:11 capture=on(0.00s) onAir=off
[timecode] 16:27:34:12 capture=on(0.01s) onAir=off
[timecode] 16:27:35:12 capture=on(0.02s) onAir=off
[timecode] 16:27:36:12 capture=on(0.02s) onAir=off
[timecode] 16:27:37:12 capture=on(0.03s) onAir=off
[timecode] 16:27:38:12 capture=on(0.03s) onAir=off
[timecode] 16:27:39:12 capture=on(0.03s) onAir=off
[timecode] 16:27:40:13 capture=on(0.00s) onAir=off
[timecode] 16:27:41:13 capture=on(0.00s) onAir=off
[timecode] 16:27:42:13 capture=on(0.01s) onAir=off
[timecode] 16:27:43:13 capture=on(0.02s) onAir=off
[timecode] 16:27:44:13 capture=on(0.03s) onAir=off
[timecode] 16:27:45:13 capture=on(0.04s) onAir=off
[timecode] 16:27:46:14 capture=on(0.00s) onAir=off
[timecode] 16:27:47:14 capture=on(0.00s) onAir=off
[timecode] 16:27:48:14 capture=on(0.00s) onAir=off
[timecode] 16:27:49:14 capture=on(0.00s) onAir=off
[timecode] 16:27:50:14 capture=on(0.00s) onAir=off
[timecode] 16:27:51:14 capture=on(0.01s) onAir=off
[timecode] 16:27:52:14 capture=on(0.01s) onAir=off
[timecode] 16:27:53:14 capture=on(0.01s) onAir=off
[timecode] 16:27:54:14 capture=on(0.01s) onAir=off
[timecode] 16:27:55:14 capture=on(0.02s) onAir=off
[timecode] 16:27:56:14 capture=on(0.03s) onAir=off
[timecode] 16:27:57:14 capture=on(0.03s) onAir=off
[timecode] 16:27:58:14 capture=on(0.00s) onAir=off
[timecode] 16:27:59:15 capture=on(0.00s) onAir=off
[timecode] 16:28:00:15 capture=on(0.01s) onAir=off
[timecode] 16:28:01:15 capture=on(0.02s) onAir=off
[timecode] 16:28:02:15 capture=on(0.02s) onAir=off
[timecode] 16:28:03:15 capture=on(0.03s) onAir=off
[timecode] 16:28:04:15 capture=on(0.03s) onAir=off
[timecode] 16:28:05:15 capture=on(0.00s) onAir=off
[timecode] 16:28:06:15 capture=on(0.00s) onAir=off
[timecode] 16:28:07:16 capture=on(0.00s) onAir=off
[timecode] 16:28:08:16 capture=on(0.00s) onAir=off
[timecode] 16:28:09:16 capture=on(0.01s) onAir=off
[timecode] 16:28:10:16 capture=on(0.01s) onAir=off
[timecode] 16:28:11:16 capture=on(0.03s) onAir=off
[timecode] 16:28:12:16 capture=on(0.03s) onAir=off
[timecode] 16:28:13:16 capture=on(0.03s) onAir=off
[timecode] 16:28:14:17 capture=on(0.00s) onAir=off
[timecode] 16:28:15:17 capture=on(0.00s) onAir=off
[timecode] 16:28:16:17 capture=on(0.00s) onAir=off
[timecode] 16:28:17:17 capture=on(0.01s) onAir=off
[timecode] 16:28:18:17 capture=on(0.01s) onAir=off
[timecode] 16:28:19:17 capture=on(0.02s) onAir=off
[timecode] 16:28:20:17 capture=on(0.04s) onAir=off
[timecode] 16:28:21:18 capture=on(0.00s) onAir=off
[timecode] 16:28:22:18 capture=on(0.01s) onAir=off
[timecode] 16:28:23:18 capture=on(0.02s) onAir=off
[timecode] 16:28:24:18 capture=on(0.03s) onAir=off
[timecode] 16:28:25:19 capture=on(0.00s) onAir=off
[timecode] 16:28:26:19 capture=on(0.01s) onAir=off
[timecode] 16:28:27:19 capture=on(0.01s) onAir=off
[timecode] 16:28:28:19 capture=on(0.01s) onAir=off
[timecode] 16:28:29:19 capture=on(0.02s) onAir=off
[timecode] 16:28:30:19 capture=on(0.02s) onAir=off
[timecode] 16:28:31:19 capture=on(0.03s) onAir=off
[timecode] 16:28:32:19 capture=on(0.03s) onAir=off
[timecode] 16:28:33:20 capture=on(0.00s) onAir=off
[timecode] 16:28:34:20 capture=on(0.00s) onAir=off
[timecode] 16:28:35:20 capture=on(0.00s) onAir=off
[timecode] 16:28:36:20 capture=on(0.00s) onAir=off
[timecode] 16:28:37:20 capture=on(0.01s) onAir=off
[timecode] 16:28:38:20 capture=on(0.02s) onAir=off
[timecode] 16:28:39:20 capture=on(0.02s) onAir=off
[timecode] 16:28:40:20 capture=on(0.03s) onAir=off
[timecode] 16:28:41:20 capture=on(0.00s) onAir=off
[timecode] 16:28:42:21 capture=on(0.00s) onAir=off
[timecode] 16:28:43:21 capture=on(0.00s) onAir=off
[timecode] 16:28:44:21 capture=on(0.00s) onAir=off
[timecode] 16:28:45:21 capture=on(0.00s) onAir=off
[timecode] 16:28:46:21 capture=on(0.00s) onAir=off
[timecode] 16:28:47:21 capture=on(0.01s) onAir=off
[timecode] 16:28:48:21 capture=on(0.02s) onAir=off
[timecode] 16:28:49:21 capture=on(0.03s) onAir=off
[timecode] 16:28:50:21 capture=on(0.03s) onAir=off
[timecode] 16:28:51:21 capture=on(0.03s) onAir=off
[timecode] 16:28:52:22 capture=on(0.00s) onAir=off
[timecode] 16:28:53:22 capture=on(0.00s) onAir=off
[timecode] 16:28:54:22 capture=on(0.00s) onAir=off
[timecode] 16:28:55:22 capture=on(0.00s) onAir=off
[timecode] 16:28:56:22 capture=on(0.00s) onAir=off
[timecode] 16:28:57:22 capture=on(0.00s) onAir=off
[timecode] 16:28:58:22 capture=on(0.02s) onAir=off
[timecode] 16:28:59:22 capture=on(0.02s) onAir=off
[timecode] 16:29:00:23 capture=on(0.00s) onAir=off
[timecode] 16:29:01:23 capture=on(0.00s) onAir=off
[timecode] 16:29:02:23 capture=on(0.00s) onAir=off
[timecode] 16:29:03:23 capture=on(0.00s) onAir=off
[timecode] 16:29:04:23 capture=on(0.00s) onAir=off
[timecode] 16:29:05:23 capture=on(0.00s) onAir=off
[timecode] 16:29:06:23 capture=on(0.00s) onAir=off
[timecode] 16:29:07:23 capture=on(0.00s) onAir=off
[timecode] 16:29:08:23 capture=on(0.01s) onAir=off
[timecode] 16:29:09:23 capture=on(0.01s) onAir=off
[timecode] 16:29:10:23 capture=on(0.01s) onAir=off
[timecode] 16:29:11:23 capture=on(0.01s) onAir=off
[timecode] 16:29:12:23 capture=on(0.02s) onAir=off
[timecode] 16:29:13:23 capture=on(0.03s) onAir=off
[timecode] 16:29:14:24 capture=on(0.00s) onAir=off
[timecode] 16:29:15:24 capture=on(0.00s) onAir=off
[timecode] 16:29:16:24 capture=on(0.00s) onAir=off
[timecode] 16:29:17:24 capture=on(0.00s) onAir=off
[timecode] 16:29:18:24 capture=on(0.00s) onAir=off
[timecode] 16:29:19:24 capture=on(0.01s) onAir=off
[timecode] 16:29:20:24 capture=on(0.03s) onAir=off
[timecode] 16:29:22:00 capture=on(0.00s) onAir=off
[timecode] 16:29:23:00 capture=on(0.01s) onAir=off
[timecode] 16:29:24:00 capture=on(0.02s) onAir=off
[timecode] 16:29:25:00 capture=on(0.03s) onAir=off
[timecode] 16:29:26:00 capture=on(0.02s) onAir=off
[timecode] 16:29:27:01 capture=on(0.00s) onAir=off
[timecode] 16:29:28:01 capture=on(0.00s) onAir=off
[timecode] 16:29:29:01 capture=on(0.00s) onAir=off
[timecode] 16:29:30:01 capture=on(0.00s) onAir=off
[timecode] 16:29:31:01 capture=on(0.00s) onAir=off
[timecode] 16:29:32:01 capture=on(0.00s) onAir=off
[timecode] 16:29:33:01 capture=on(0.01s) onAir=off
[timecode] 16:29:34:01 capture=on(0.01s) onAir=off
[timecode] 16:29:35:01 capture=on(0.01s) onAir=off
[timecode] 16:29:36:01 capture=on(0.02s) onAir=off
[timecode] 16:29:37:01 capture=on(0.02s) onAir=off
[timecode] 16:29:38:01 capture=on(0.03s) onAir=off
[timecode] 16:29:39:02 capture=on(0.00s) onAir=off
[timecode] 16:29:40:02 capture=on(0.01s) onAir=off
[timecode] 16:29:41:02 capture=on(0.00s) onAir=off
[timecode] 16:29:42:02 capture=on(0.00s) onAir=off
[timecode] 16:29:43:02 capture=on(0.01s) onAir=off
[timecode] 16:29:44:02 capture=on(0.01s) onAir=off
[timecode] 16:29:45:02 capture=on(0.01s) onAir=off
[timecode] 16:29:46:02 capture=on(0.02s) onAir=off
[timecode] 16:29:47:02 capture=on(0.03s) onAir=off
[timecode] 16:29:48:02 capture=on(0.03s) onAir=off
[timecode] 16:29:49:03 capture=on(0.04s) onAir=off
[timecode] 16:29:50:03 capture=on(0.00s) onAir=off
[timecode] 16:29:51:03 capture=on(0.01s) onAir=off
[timecode] 16:29:52:03 capture=on(0.01s) onAir=off
[timecode] 16:29:53:03 capture=on(0.01s) onAir=off
[timecode] 16:29:54:03 capture=on(0.01s) onAir=off
[timecode] 16:29:55:03 capture=on(0.01s) onAir=off
[timecode] 16:29:56:03 capture=on(0.02s) onAir=off
[timecode] 16:29:57:03 capture=on(0.02s) onAir=off
[timecode] 16:29:58:04 capture=on(0.03s) onAir=off
[timecode] 16:29:59:04 capture=on(0.00s) onAir=off
[timecode] 16:30:00:04 capture=on(0.01s) onAir=off
[timecode] 16:30:01:04 capture=on(0.01s) onAir=off
[timecode] 16:30:02:04 capture=on(0.02s) onAir=off
[timecode] 16:30:03:04 capture=on(0.03s) onAir=off
[timecode] 16:30:04:05 capture=on(0.04s) onAir=off
[timecode] 16:30:05:05 capture=on(0.00s) onAir=off
[timecode] 16:30:06:05 capture=on(0.01s) onAir=off
[timecode] 16:30:07:05 capture=on(0.01s) onAir=off
[timecode] 16:30:08:05 capture=on(0.01s) onAir=off
[timecode] 16:30:09:05 capture=on(0.01s) onAir=off
[timecode] 16:30:10:05 capture=on(0.00s) onAir=off
[timecode] 16:30:11:05 capture=on(0.00s) onAir=off
[timecode] 16:30:12:05 capture=on(0.00s) onAir=off
[timecode] 16:30:13:05 capture=on(0.00s) onAir=off
[timecode] 16:30:14:05 capture=on(0.01s) onAir=off
[timecode] 16:30:15:05 capture=on(0.01s) onAir=off
[timecode] 16:30:16:05 capture=on(0.02s) onAir=off
[timecode] 16:30:17:05 capture=on(0.02s) onAir=off
[timecode] 16:30:18:05 capture=on(0.03s) onAir=off
[timecode] 16:30:19:05 capture=on(0.03s) onAir=off
[timecode] 16:30:20:06 capture=on(0.04s) onAir=off
[timecode] 16:30:21:06 capture=on(0.01s) onAir=off
[timecode] 16:30:22:06 capture=on(0.01s) onAir=off
[timecode] 16:30:23:06 capture=on(0.01s) onAir=off
[timecode] 16:30:24:06 capture=on(0.00s) onAir=off
[timecode] 16:30:25:06 capture=on(0.00s) onAir=off
[timecode] 16:30:26:06 capture=on(0.00s) onAir=off
[timecode] 16:30:27:06 capture=on(0.02s) onAir=off
[timecode] 16:30:28:07 capture=on(0.03s) onAir=off
[timecode] 16:30:29:07 capture=on(0.04s) onAir=off
[timecode] 16:30:30:07 capture=on(0.00s) onAir=off
[timecode] 16:30:31:07 capture=on(0.00s) onAir=off
[timecode] 16:30:32:07 capture=on(0.00s) onAir=off
[timecode] 16:30:33:07 capture=on(0.00s) onAir=off
[timecode] 16:30:34:07 capture=on(0.00s) onAir=off
[timecode] 16:30:35:07 capture=on(0.00s) onAir=off
[timecode] 16:30:36:07 capture=on(0.02s) onAir=off
[timecode] 16:30:37:07 capture=on(0.02s) onAir=off
[timecode] 16:30:38:07 capture=on(0.03s) onAir=off
[timecode] 16:30:39:08 capture=on(0.00s) onAir=off
[timecode] 16:30:40:08 capture=on(0.00s) onAir=off
[timecode] 16:30:41:08 capture=on(0.00s) onAir=off
[timecode] 16:30:42:08 capture=on(0.00s) onAir=off
[timecode] 16:30:43:08 capture=on(0.01s) onAir=off
[timecode] 16:30:44:08 capture=on(0.02s) onAir=off
[timecode] 16:30:45:08 capture=on(0.02s) onAir=off
[timecode] 16:30:46:09 capture=on(0.00s) onAir=off
[timecode] 16:30:47:09 capture=on(0.00s) onAir=off
[timecode] 16:30:48:09 capture=on(0.00s) onAir=off
[timecode] 16:30:49:09 capture=on(0.00s) onAir=off
[timecode] 16:30:50:09 capture=on(0.00s) onAir=off
[timecode] 16:30:51:09 capture=on(0.00s) onAir=off
[timecode] 16:30:52:09 capture=on(0.00s) onAir=off
[timecode] 16:30:53:09 capture=on(0.00s) onAir=off
[timecode] 16:30:54:09 capture=on(0.01s) onAir=off
[timecode] 16:30:55:09 capture=on(0.01s) onAir=off
[timecode] 16:30:56:09 capture=on(0.02s) onAir=off
[timecode] 16:30:57:09 capture=on(0.02s) onAir=off
[timecode] 16:30:58:09 capture=on(0.02s) onAir=off
[timecode] 16:30:59:09 capture=on(0.03s) onAir=off
[timecode] 16:31:00:10 capture=on(0.04s) onAir=off
[timecode] 16:31:01:10 capture=on(0.00s) onAir=off
[timecode] 16:31:02:10 capture=on(0.00s) onAir=off
[timecode] 16:31:03:10 capture=on(0.00s) onAir=off
[timecode] 16:31:04:10 capture=on(0.00s) onAir=off
[timecode] 16:31:05:10 capture=on(0.01s) onAir=off
[timecode] 16:31:06:10 capture=on(0.02s) onAir=off
[timecode] 16:31:07:10 capture=on(0.02s) onAir=off
[timecode] 16:31:08:11 capture=on(0.03s) onAir=off
[timecode] 16:31:09:11 capture=on(0.00s) onAir=off
[timecode] 16:31:10:11 capture=on(0.01s) onAir=off
[timecode] 16:31:11:11 capture=on(0.00s) onAir=off
[timecode] 16:31:12:11 capture=on(0.02s) onAir=off
[timecode] 16:31:13:11 capture=on(0.02s) onAir=off
[timecode] 16:31:14:11 capture=on(0.03s) onAir=off
[timecode] 16:31:15:12 capture=on(0.04s) onAir=off
[timecode] 16:31:16:12 capture=on(0.00s) onAir=off
[timecode] 16:31:17:12 capture=on(0.00s) onAir=off
[timecode] 16:31:18:12 capture=on(0.00s) onAir=off
[timecode] 16:31:19:12 capture=on(0.00s) onAir=off
[timecode] 16:31:20:12 capture=on(0.00s) onAir=off
[timecode] 16:31:21:12 capture=on(0.00s) onAir=off
[timecode] 16:31:22:12 capture=on(0.01s) onAir=off
[timecode] 16:31:23:12 capture=on(0.03s) onAir=off
[timecode] 16:31:24:12 capture=on(0.03s) onAir=off
[timecode] 16:31:25:12 capture=on(0.03s) onAir=off
[timecode] 16:31:26:13 capture=on(0.03s) onAir=off
[timecode] 16:31:27:13 capture=on(0.03s) onAir=off
[timecode] 16:31:28:13 capture=on(0.00s) onAir=off
[timecode] 16:31:29:13 capture=on(0.00s) onAir=off
[timecode] 16:31:30:13 capture=on(0.00s) onAir=off
[timecode] 16:31:31:13 capture=on(0.01s) onAir=off
[timecode] 16:31:32:13 capture=on(0.01s) onAir=off
[timecode] 16:31:33:13 capture=on(0.02s) onAir=off
[timecode] 16:31:34:13 capture=on(0.03s) onAir=off
[timecode] 16:31:35:14 capture=on(0.04s) onAir=off
[timecode] 16:31:36:14 capture=on(0.00s) onAir=off
[timecode] 16:31:37:14 capture=on(0.00s) onAir=off
[timecode] 16:31:38:14 capture=on(0.01s) onAir=off
[timecode] 16:31:39:14 capture=on(0.01s) onAir=off
[timecode] 16:31:40:14 capture=on(0.02s) onAir=off
[timecode] 16:31:41:14 capture=on(0.03s) onAir=off
[timecode] 16:31:42:15 capture=on(0.03s) onAir=off
[timecode] 16:31:43:15 capture=on(0.00s) onAir=off
[timecode] 16:31:44:15 capture=on(0.01s) onAir=off
[timecode] 16:31:45:15 capture=on(0.01s) onAir=off
[timecode] 16:31:46:15 capture=on(0.02s) onAir=off
[timecode] 16:31:47:15 capture=on(0.03s) onAir=off
[timecode] 16:31:48:16 capture=on(0.03s) onAir=off
[timecode] 16:31:49:16 capture=on(0.00s) onAir=off
[timecode] 16:31:50:16 capture=on(0.00s) onAir=off
[timecode] 16:31:51:16 capture=on(0.00s) onAir=off
[timecode] 16:31:52:16 capture=on(0.01s) onAir=off
[timecode] 16:31:53:16 capture=on(0.02s) onAir=off
[timecode] 16:31:54:16 capture=on(0.02s) onAir=off
[timecode] 16:31:55:17 capture=on(0.01s) onAir=off
[timecode] 16:31:56:17 capture=on(0.03s) onAir=off
[timecode] 16:31:57:17 capture=on(0.03s) onAir=off
[timecode] 16:31:58:17 capture=on(0.00s) onAir=off
[timecode] 16:31:59:17 capture=on(0.00s) onAir=off
[timecode] 16:32:00:17 capture=on(0.00s) onAir=off
[timecode] 16:32:01:17 capture=on(0.00s) onAir=off
[timecode] 16:32:02:17 capture=on(0.00s) onAir=off
[timecode] 16:32:03:17 capture=on(0.01s) onAir=off
[timecode] 16:32:04:17 capture=on(0.01s) onAir=off
[timecode] 16:32:05:17 capture=on(0.01s) onAir=off
[timecode] 16:32:06:17 capture=on(0.02s) onAir=off
[timecode] 16:32:07:18 capture=on(0.03s) onAir=off
[timecode] 16:32:08:18 capture=on(0.00s) onAir=off
[timecode] 16:32:09:18 capture=on(0.00s) onAir=off
[timecode] 16:32:10:18 capture=on(0.01s) onAir=off
[timecode] 16:32:11:18 capture=on(0.01s) onAir=off
[timecode] 16:32:12:18 capture=on(0.01s) onAir=off
[timecode] 16:32:13:18 capture=on(0.01s) onAir=off
[timecode] 16:32:14:18 capture=on(0.02s) onAir=off
[timecode] 16:32:15:18 capture=on(0.02s) onAir=off
[timecode] 16:32:16:19 capture=on(0.03s) onAir=off
[timecode] 16:32:17:19 capture=on(0.03s) onAir=off
[timecode] 16:32:18:19 capture=on(0.04s) onAir=off
[timecode] 16:32:19:19 capture=on(0.00s) onAir=off
[timecode] 16:32:20:19 capture=on(0.00s) onAir=off
[timecode] 16:32:21:19 capture=on(0.01s) onAir=off
[timecode] 16:32:22:19 capture=on(0.02s) onAir=off
[timecode] 16:32:23:20 capture=on(0.02s) onAir=off
[timecode] 16:32:24:20 capture=on(0.02s) onAir=off
[timecode] 16:32:25:20 capture=on(0.00s) onAir=off
[timecode] 16:32:26:20 capture=on(0.00s) onAir=off
[timecode] 16:32:27:20 capture=on(0.01s) onAir=off
[timecode] 16:32:28:20 capture=on(0.01s) onAir=off
[timecode] 16:32:29:20 capture=on(0.01s) onAir=off
[timecode] 16:32:30:21 capture=on(0.03s) onAir=off
[timecode] 16:32:31:21 capture=on(0.00s) onAir=off
[timecode] 16:32:32:21 capture=on(0.00s) onAir=off
[timecode] 16:32:33:21 capture=on(0.00s) onAir=off
[timecode] 16:32:34:21 capture=on(0.00s) onAir=off
[timecode] 16:32:35:21 capture=on(0.00s) onAir=off
[timecode] 16:32:36:21 capture=on(0.01s) onAir=off
[timecode] 16:32:37:21 capture=on(0.01s) onAir=off
[timecode] 16:32:38:21 capture=on(0.01s) onAir=off
[timecode] 16:32:39:21 capture=on(0.02s) onAir=off
[timecode] 16:32:40:22 capture=on(0.03s) onAir=off
[timecode] 16:32:41:22 capture=on(0.00s) onAir=off
[timecode] 16:32:42:22 capture=on(0.00s) onAir=off
[timecode] 16:32:43:22 capture=on(0.00s) onAir=off
[timecode] 16:32:44:22 capture=on(0.02s) onAir=off
[timecode] 16:32:45:23 capture=on(0.02s) onAir=off
[timecode] 16:32:46:23 capture=on(0.04s) onAir=off
[timecode] 16:32:47:23 capture=on(0.00s) onAir=off
[timecode] 16:32:48:23 capture=on(0.02s) onAir=off
[timecode] 16:32:49:24 capture=on(0.02s) onAir=off
[timecode] 16:32:50:24 capture=on(0.03s) onAir=off
[timecode] 16:32:51:24 capture=on(0.03s) onAir=off
[timecode] 16:32:52:24 capture=on(0.03s) onAir=off
[timecode] 16:32:53:24 capture=on(0.00s) onAir=off
[timecode] 16:32:54:24 capture=on(0.01s) onAir=off
[timecode] 16:32:55:24 capture=on(0.01s) onAir=off
[timecode] 16:32:57:00 capture=on(0.02s) onAir=off
[timecode] 16:32:58:00 capture=on(0.03s) onAir=off
[timecode] 16:32:59:00 capture=on(0.00s) onAir=off
[timecode] 16:33:00:00 capture=on(0.01s) onAir=off
[timecode] 16:33:01:00 capture=on(0.00s) onAir=off
[timecode] 16:33:02:00 capture=on(0.01s) onAir=off
[timecode] 16:33:03:00 capture=on(0.01s) onAir=off
[timecode] 16:33:04:00 capture=on(0.01s) onAir=off
[timecode] 16:33:05:00 capture=on(0.01s) onAir=off
[timecode] 16:33:06:01 capture=on(0.02s) onAir=off
[timecode] 16:33:07:01 capture=on(0.04s) onAir=off
[timecode] 16:33:08:01 capture=on(0.00s) onAir=off
[timecode] 16:33:09:01 capture=on(0.00s) onAir=off
[timecode] 16:33:10:01 capture=on(0.01s) onAir=off
[timecode] 16:33:11:01 capture=on(0.02s) onAir=off
[timecode] 16:33:12:02 capture=on(0.02s) onAir=off
[timecode] 16:33:13:02 capture=on(0.04s) onAir=off
[timecode] 16:33:14:02 capture=on(0.00s) onAir=off
[timecode] 16:33:15:02 capture=on(0.00s) onAir=off
[timecode] 16:33:16:02 capture=on(0.01s) onAir=off
[timecode] 16:33:17:02 capture=on(0.00s) onAir=off
[timecode] 16:33:18:02 capture=on(0.00s) onAir=off
[timecode] 16:33:19:02 capture=on(0.00s) onAir=off
[timecode] 16:33:20:02 capture=on(0.00s) onAir=off
[timecode] 16:33:21:02 capture=on(0.00s) onAir=off
[timecode] 16:33:22:02 capture=on(0.01s) onAir=off
[timecode] 16:33:23:02 capture=on(0.01s) onAir=off
[timecode] 16:33:24:03 capture=on(0.03s) onAir=off
[timecode] 16:33:25:03 capture=on(0.03s) onAir=off
[timecode] 16:33:26:03 capture=on(0.04s) onAir=off
[timecode] 16:33:27:03 capture=on(0.01s) onAir=off
[timecode] 16:33:28:03 capture=on(0.01s) onAir=off
[timecode] 16:33:29:03 capture=on(0.01s) onAir=off
[timecode] 16:33:30:03 capture=on(0.02s) onAir=off
[timecode] 16:33:31:03 capture=on(0.02s) onAir=off
[timecode] 16:33:32:04 capture=on(0.02s) onAir=off
[timecode] 16:33:33:04 capture=on(0.03s) onAir=off
[timecode] 16:33:34:04 capture=on(0.03s) onAir=off
[timecode] 16:33:35:04 capture=on(0.00s) onAir=off
[timecode] 16:33:36:04 capture=on(0.01s) onAir=off
[timecode] 16:33:37:04 capture=on(0.01s) onAir=off
[timecode] 16:33:38:04 capture=on(0.01s) onAir=off
[timecode] 16:33:39:04 capture=on(0.01s) onAir=off
[timecode] 16:33:40:04 capture=on(0.01s) onAir=off
[timecode] 16:33:41:04 capture=on(0.01s) onAir=off
[timecode] 16:33:42:04 capture=on(0.01s) onAir=off
[timecode] 16:33:43:05 capture=on(0.02s) onAir=off
[timecode] 16:33:44:05 capture=on(0.03s) onAir=off
[timecode] 16:33:45:05 capture=on(0.03s) onAir=off
[timecode] 16:33:46:05 capture=on(0.04s) onAir=off
[timecode] 16:33:47:05 capture=on(0.04s) onAir=off
[timecode] 16:33:48:05 capture=on(0.00s) onAir=off
[timecode] 16:33:49:05 capture=on(0.01s) onAir=off
[timecode] 16:33:50:05 capture=on(0.01s) onAir=off
[timecode] 16:33:51:05 capture=on(0.01s) onAir=off
[timecode] 16:33:52:05 capture=on(0.01s) onAir=off
[timecode] 16:33:53:05 capture=on(0.01s) onAir=off
[timecode] 16:33:54:05 capture=on(0.01s) onAir=off
[timecode] 16:33:55:05 capture=on(0.01s) onAir=off
[timecode] 16:33:56:05 capture=on(0.01s) onAir=off
[timecode] 16:33:57:06 capture=on(0.02s) onAir=off
[timecode] 16:33:58:06 capture=on(0.02s) onAir=off
[timecode] 16:33:59:06 capture=on(0.02s) onAir=off
[timecode] 16:34:00:06 capture=on(0.02s) onAir=off
[timecode] 16:34:01:06 capture=on(0.03s) onAir=off
[timecode] 16:34:02:06 capture=on(0.04s) onAir=off
[timecode] 16:34:03:06 capture=on(0.01s) onAir=off
[timecode] 16:34:04:06 capture=on(0.01s) onAir=off
[timecode] 16:34:05:06 capture=on(0.02s) onAir=off
[timecode] 16:34:06:07 capture=on(0.02s) onAir=off
[timecode] 16:34:07:07 capture=on(0.03s) onAir=off
[timecode] 16:34:08:07 capture=on(0.00s) onAir=off
[timecode] 16:34:09:07 capture=on(0.01s) onAir=off
[timecode] 16:34:10:07 capture=on(0.01s) onAir=off
[timecode] 16:34:11:07 capture=on(0.01s) onAir=off
[timecode] 16:34:12:07 capture=on(0.01s) onAir=off
[timecode] 16:34:13:08 capture=on(0.02s) onAir=off
[timecode] 16:34:14:08 capture=on(0.03s) onAir=off
[timecode] 16:34:15:08 capture=on(0.04s) onAir=off
[timecode] 16:34:16:08 capture=on(0.01s) onAir=off
[timecode] 16:34:17:08 capture=on(0.01s) onAir=off
[timecode] 16:34:18:08 capture=on(0.01s) onAir=off
[timecode] 16:34:19:08 capture=on(0.01s) onAir=off
[timecode] 16:34:20:08 capture=on(0.01s) onAir=off
[timecode] 16:34:21:08 capture=on(0.01s) onAir=off
[timecode] 16:34:22:09 capture=on(0.02s) onAir=off
[timecode] 16:34:23:09 capture=on(0.02s) onAir=off
[timecode] 16:34:24:09 capture=on(0.03s) onAir=off
[timecode] 16:34:25:09 capture=on(0.03s) onAir=off
[timecode] 16:34:26:09 capture=on(0.03s) onAir=off
[timecode] 16:34:27:09 capture=on(0.00s) onAir=off
[timecode] 16:34:28:09 capture=on(0.00s) onAir=off
[timecode] 16:34:29:09 capture=on(0.00s) onAir=off
[timecode] 16:34:30:09 capture=on(0.00s) onAir=off
[timecode] 16:34:31:09 capture=on(0.00s) onAir=off
[timecode] 16:34:32:09 capture=on(0.00s) onAir=off
[timecode] 16:34:33:09 capture=on(0.01s) onAir=off
[timecode] 16:34:34:09 capture=on(0.01s) onAir=off
[timecode] 16:34:35:10 capture=on(0.02s) onAir=off
[timecode] 16:34:36:10 capture=on(0.03s) onAir=off
[timecode] 16:34:37:10 capture=on(0.00s) onAir=off
[timecode] 16:34:38:10 capture=on(0.00s) onAir=off
[timecode] 16:34:39:10 capture=on(0.00s) onAir=off
[timecode] 16:34:40:10 capture=on(0.00s) onAir=off
[timecode] 16:34:41:10 capture=on(0.00s) onAir=off
[timecode] 16:34:42:10 capture=on(0.00s) onAir=off
[timecode] 16:34:43:10 capture=on(0.00s) onAir=off
[timecode] 16:34:44:10 capture=on(0.00s) onAir=off
[timecode] 16:34:45:10 capture=on(0.01s) onAir=off
[timecode] 16:34:46:10 capture=on(0.01s) onAir=off
[timecode] 16:34:47:10 capture=on(0.01s) onAir=off
[timecode] 16:34:48:10 capture=on(0.01s) onAir=off
[timecode] 16:34:49:10 capture=on(0.01s) onAir=off
[timecode] 16:34:50:11 capture=on(0.02s) onAir=off
[timecode] 16:34:51:11 capture=on(0.03s) onAir=off
[timecode] 16:34:52:11 capture=on(0.03s) onAir=off
[timecode] 16:34:53:11 capture=on(0.00s) onAir=off
[timecode] 16:34:54:11 capture=on(0.01s) onAir=off
[timecode] 16:34:55:11 capture=on(0.01s) onAir=off
[timecode] 16:34:56:11 capture=on(0.01s) onAir=off
[timecode] 16:34:57:12 capture=on(0.02s) onAir=off
[timecode] 16:34:58:12 capture=on(0.03s) onAir=off
[timecode] 16:34:59:12 capture=on(0.03s) onAir=off
[timecode] 16:35:00:12 capture=on(0.00s) onAir=off
[timecode] 16:35:01:12 capture=on(0.00s) onAir=off
[timecode] 16:35:02:12 capture=on(0.01s) onAir=off
[timecode] 16:35:03:13 capture=on(0.02s) onAir=off
[timecode] 16:35:04:13 capture=on(0.02s) onAir=off
[timecode] 16:35:05:13 capture=on(0.04s) onAir=off
[timecode] 16:35:06:13 capture=on(0.00s) onAir=off
[timecode] 16:35:07:13 capture=on(0.00s) onAir=off
[timecode] 16:35:08:13 capture=on(0.01s) onAir=off
[timecode] 16:35:09:13 capture=on(0.01s) onAir=off
[timecode] 16:35:10:14 capture=on(0.01s) onAir=off
[timecode] 16:35:11:14 capture=on(0.03s) onAir=off
[timecode] 16:35:12:14 capture=on(0.03s) onAir=off
[timecode] 16:35:13:14 capture=on(0.04s) onAir=off
[timecode] 16:35:14:14 capture=on(0.04s) onAir=off
[timecode] 16:35:15:14 capture=on(0.00s) onAir=off
[timecode] 16:35:16:14 capture=on(0.00s) onAir=off
[timecode] 16:35:17:14 capture=on(0.00s) onAir=off
[timecode] 16:35:18:14 capture=on(0.00s) onAir=off
[timecode] 16:35:19:14 capture=on(0.01s) onAir=off
[timecode] 16:35:20:14 capture=on(0.01s) onAir=off
[timecode] 16:35:21:15 capture=on(0.02s) onAir=off
[timecode] 16:35:22:15 capture=on(0.03s) onAir=off
[timecode] 16:35:23:15 capture=on(0.00s) onAir=off
[timecode] 16:35:24:15 capture=on(0.00s) onAir=off
[timecode] 16:35:25:15 capture=on(0.00s) onAir=off
[timecode] 16:35:26:15 capture=on(0.00s) onAir=off
[timecode] 16:35:27:15 capture=on(0.00s) onAir=off
[timecode] 16:35:28:16 capture=on(0.02s) onAir=off
[timecode] 16:35:29:16 capture=on(0.02s) onAir=off
[timecode] 16:35:30:16 capture=on(0.02s) onAir=off
[timecode] 16:35:31:16 capture=on(0.03s) onAir=off
[timecode] 16:35:32:16 capture=on(0.04s) onAir=off
[timecode] 16:35:33:16 capture=on(0.00s) onAir=off
[timecode] 16:35:34:16 capture=on(0.01s) onAir=off
[timecode] 16:35:35:17 capture=on(0.02s) onAir=off
[timecode] 16:35:36:17 capture=on(0.03s) onAir=off
[timecode] 16:35:37:17 capture=on(0.00s) onAir=off
[timecode] 16:35:38:17 capture=on(0.00s) onAir=off
[timecode] 16:35:39:17 capture=on(0.00s) onAir=off
[timecode] 16:35:40:17 capture=on(0.00s) onAir=off
[timecode] 16:35:41:18 capture=on(0.01s) onAir=off
[timecode] 16:35:42:18 capture=on(0.02s) onAir=off
[timecode] 16:35:43:18 capture=on(0.03s) onAir=off
[timecode] 16:35:44:18 capture=on(0.00s) onAir=off
[timecode] 16:35:45:18 capture=on(0.00s) onAir=off
[timecode] 16:35:46:18 capture=on(0.00s) onAir=off
[timecode] 16:35:47:19 capture=on(0.01s) onAir=off
[timecode] 16:35:48:19 capture=on(0.03s) onAir=off
[timecode] 16:35:49:19 capture=on(0.03s) onAir=off
[timecode] 16:35:50:19 capture=on(0.00s) onAir=off
[timecode] 16:35:51:19 capture=on(0.00s) onAir=off
[timecode] 16:35:52:19 capture=on(0.00s) onAir=off
[timecode] 16:35:53:19 capture=on(0.00s) onAir=off
[timecode] 16:35:54:19 capture=on(0.00s) onAir=off
[timecode] 16:35:55:19 capture=on(0.00s) onAir=off
[timecode] 16:35:56:19 capture=on(0.00s) onAir=off
[timecode] 16:35:57:19 capture=on(0.00s) onAir=off
[timecode] 16:35:58:19 capture=on(0.00s) onAir=off
[timecode] 16:35:59:19 capture=on(0.00s) onAir=off
[timecode] 16:36:00:19 capture=on(0.00s) onAir=off
[timecode] 16:36:01:19 capture=on(0.00s) onAir=off
[timecode] 16:36:02:20 capture=on(0.02s) onAir=off
[timecode] 16:36:03:20 capture=on(0.03s) onAir=off
[timecode] 16:36:04:20 capture=on(0.03s) onAir=off
[timecode] 16:36:05:20 capture=on(0.00s) onAir=off
[timecode] 16:36:06:20 capture=on(0.00s) onAir=off
[timecode] 16:36:07:20 capture=on(0.00s) onAir=off
[timecode] 16:36:08:20 capture=on(0.01s) onAir=off
[timecode] 16:36:09:20 capture=on(0.01s) onAir=off
[timecode] 16:36:10:21 capture=on(0.01s) onAir=off
[timecode] 16:36:11:21 capture=on(0.02s) onAir=off
[timecode] 16:36:12:21 capture=on(0.03s) onAir=off
[timecode] 16:36:13:21 capture=on(0.03s) onAir=off
[timecode] 16:36:14:21 capture=on(0.00s) onAir=off
[timecode] 16:36:15:21 capture=on(0.00s) onAir=off
[timecode] 16:36:16:21 capture=on(0.01s) onAir=off
[timecode] 16:36:17:22 capture=on(0.01s) onAir=off
[timecode] 16:36:18:22 capture=on(0.01s) onAir=off
[timecode] 16:36:19:22 capture=on(0.01s) onAir=off
[timecode] 16:36:20:22 capture=on(0.02s) onAir=off
[timecode] 16:36:21:22 capture=on(0.03s) onAir=off
[timecode] 16:36:22:22 capture=on(0.00s) onAir=off
[timecode] 16:36:23:23 capture=on(0.01s) onAir=off
[timecode] 16:36:24:23 capture=on(0.02s) onAir=off
[timecode] 16:36:25:23 capture=on(0.02s) onAir=off
[timecode] 16:36:26:23 capture=on(0.03s) onAir=off
[timecode] 16:36:27:23 capture=on(0.00s) onAir=off
[timecode] 16:36:28:23 capture=on(0.00s) onAir=off
[timecode] 16:36:29:23 capture=on(0.00s) onAir=off
[timecode] 16:36:30:23 capture=on(0.00s) onAir=off
[timecode] 16:36:31:23 capture=on(0.01s) onAir=off
[timecode] 16:36:32:24 capture=on(0.02s) onAir=off
[timecode] 16:36:33:24 capture=on(0.03s) onAir=off
[timecode] 16:36:34:24 capture=on(0.03s) onAir=off
[timecode] 16:36:35:24 capture=on(0.00s) onAir=off
[timecode] 16:36:36:24 capture=on(0.00s) onAir=off
[timecode] 16:36:37:24 capture=on(0.00s) onAir=off
[timecode] 16:36:39:00 capture=on(0.02s) onAir=off
[timecode] 16:36:40:00 capture=on(0.02s) onAir=off
[timecode] 16:36:41:00 capture=on(0.03s) onAir=off
[timecode] 16:36:42:00 capture=on(0.03s) onAir=off
[timecode] 16:36:43:00 capture=on(0.00s) onAir=off
[timecode] 16:36:44:00 capture=on(0.00s) onAir=off
[timecode] 16:36:45:00 capture=on(0.00s) onAir=off
[timecode] 16:36:46:00 capture=on(0.00s) onAir=off
[timecode] 16:36:47:00 capture=on(0.00s) onAir=off
[timecode] 16:36:48:00 capture=on(0.00s) onAir=off
[timecode] 16:36:49:00 capture=on(0.01s) onAir=off
[timecode] 16:36:50:00 capture=on(0.01s) onAir=off
[timecode] 16:36:51:00 capture=on(0.01s) onAir=off
[timecode] 16:36:52:01 capture=on(0.01s) onAir=off
[timecode] 16:36:53:01 capture=on(0.02s) onAir=off
[timecode] 16:36:54:01 capture=on(0.02s) onAir=off
[timecode] 16:36:55:01 capture=on(0.02s) onAir=off
[timecode] 16:36:56:01 capture=on(0.03s) onAir=off
[timecode] 16:36:57:01 capture=on(0.03s) onAir=off
[timecode] 16:36:58:01 capture=on(0.00s) onAir=off
[timecode] 16:36:59:01 capture=on(0.00s) onAir=off
[timecode] 16:37:00:01 capture=on(0.00s) onAir=off
[timecode] 16:37:01:01 capture=on(0.00s) onAir=off
[timecode] 16:37:02:01 capture=on(0.00s) onAir=off
[timecode] 16:37:03:01 capture=on(0.00s) onAir=off
[timecode] 16:37:04:01 capture=on(0.00s) onAir=off
[timecode] 16:37:05:01 capture=on(0.00s) onAir=off
[timecode] 16:37:06:01 capture=on(0.00s) onAir=off
[timecode] 16:37:07:01 capture=on(0.01s) onAir=off
[timecode] 16:37:08:01 capture=on(0.00s) onAir=off
[timecode] 16:37:09:01 capture=on(0.00s) onAir=off
[timecode] 16:37:10:02 capture=on(0.01s) onAir=off
[timecode] 16:37:11:02 capture=on(0.01s) onAir=off
[timecode] 16:37:12:02 capture=on(0.02s) onAir=off
[timecode] 16:37:13:02 capture=on(0.03s) onAir=off
[timecode] 16:37:14:02 capture=on(0.03s) onAir=off
[timecode] 16:37:15:02 capture=on(0.00s) onAir=off
[timecode] 16:37:16:03 capture=on(0.01s) onAir=off
[timecode] 16:37:17:03 capture=on(0.02s) onAir=off
[timecode] 16:37:18:03 capture=on(0.03s) onAir=off
[timecode] 16:37:19:03 capture=on(0.00s) onAir=off
[timecode] 16:37:20:03 capture=on(0.00s) onAir=off
[timecode] 16:37:21:04 capture=on(0.01s) onAir=off
[timecode] 16:37:22:04 capture=on(0.01s) onAir=off
[timecode] 16:37:23:04 capture=on(0.02s) onAir=off
[timecode] 16:37:24:04 capture=on(0.03s) onAir=off
[timecode] 16:37:25:04 capture=on(0.04s) onAir=off
[timecode] 16:37:26:04 capture=on(0.00s) onAir=off
[timecode] 16:37:27:05 capture=on(0.00s) onAir=off
[timecode] 16:37:28:05 capture=on(0.00s) onAir=off
[timecode] 16:37:29:05 capture=on(0.01s) onAir=off
[timecode] 16:37:30:05 capture=on(0.01s) onAir=off
[timecode] 16:37:31:05 capture=on(0.01s) onAir=off
[timecode] 16:37:32:05 capture=on(0.01s) onAir=off
[timecode] 16:37:33:05 capture=on(0.02s) onAir=off
[timecode] 16:37:34:05 capture=on(0.03s) onAir=off
[timecode] 16:37:35:05 capture=on(0.00s) onAir=off
[timecode] 16:37:36:05 capture=on(0.00s) onAir=off
[timecode] 16:37:37:06 capture=on(0.01s) onAir=off
[timecode] 16:37:38:06 capture=on(0.00s) onAir=off
[timecode] 16:37:39:06 capture=on(0.02s) onAir=off
[timecode] 16:37:40:06 capture=on(0.03s) onAir=off
[timecode] 16:37:41:06 capture=on(0.00s) onAir=off
[timecode] 16:37:42:06 capture=on(0.00s) onAir=off
[timecode] 16:37:43:07 capture=on(0.00s) onAir=off
[timecode] 16:37:44:07 capture=on(0.00s) onAir=off
[timecode] 16:37:45:07 capture=on(0.01s) onAir=off
[timecode] 16:37:46:07 capture=on(0.02s) onAir=off
[timecode] 16:37:47:07 capture=on(0.03s) onAir=off
[timecode] 16:37:48:07 capture=on(0.03s) onAir=off
[timecode] 16:37:49:07 capture=on(0.03s) onAir=off
[timecode] 16:37:50:07 capture=on(0.03s) onAir=off
[timecode] 16:37:51:08 capture=on(0.00s) onAir=off
[timecode] 16:37:52:08 capture=on(0.01s) onAir=off
[timecode] 16:37:53:08 capture=on(0.01s) onAir=off
[timecode] 16:37:54:08 capture=on(0.01s) onAir=off
[timecode] 16:37:55:08 capture=on(0.02s) onAir=off
[timecode] 16:37:56:08 capture=on(0.02s) onAir=off
[timecode] 16:37:57:08 capture=on(0.02s) onAir=off
[timecode] 16:37:58:08 capture=on(0.03s) onAir=off
[timecode] 16:37:59:08 capture=on(0.03s) onAir=off
[timecode] 16:38:00:09 capture=on(0.00s) onAir=off
[timecode] 16:38:01:09 capture=on(0.01s) onAir=off
[timecode] 16:38:02:09 capture=on(0.01s) onAir=off
[timecode] 16:38:03:09 capture=on(0.02s) onAir=off
[timecode] 16:38:04:09 capture=on(0.02s) onAir=off
[timecode] 16:38:05:09 capture=on(0.03s) onAir=off
[timecode] 16:38:06:09 capture=on(0.03s) onAir=off
[timecode] 16:38:07:09 capture=on(0.03s) onAir=off
[timecode] 16:38:08:10 capture=on(0.01s) onAir=off
[timecode] 16:38:09:10 capture=on(0.01s) onAir=off
[timecode] 16:38:10:10 capture=on(0.00s) onAir=off
[timecode] 16:38:11:10 capture=on(0.01s) onAir=off
[timecode] 16:38:12:10 capture=on(0.01s) onAir=off
[timecode] 16:38:13:10 capture=on(0.01s) onAir=off
[timecode] 16:38:14:10 capture=on(0.02s) onAir=off
[timecode] 16:38:15:10 capture=on(0.03s) onAir=off
[timecode] 16:38:16:10 capture=on(0.03s) onAir=off
[timecode] 16:38:17:11 capture=on(0.00s) onAir=off
[timecode] 16:38:18:11 capture=on(0.00s) onAir=off
[timecode] 16:38:19:11 capture=on(0.01s) onAir=off
[timecode] 16:38:20:11 capture=on(0.02s) onAir=off
[timecode] 16:38:21:11 capture=on(0.03s) onAir=off
[timecode] 16:38:22:11 capture=on(0.03s) onAir=off
[timecode] 16:38:23:11 capture=on(0.04s) onAir=off
[timecode] 16:38:24:11 capture=on(0.00s) onAir=off
[timecode] 16:38:25:12 capture=on(0.00s) onAir=off
[timecode] 16:38:26:12 capture=on(0.00s) onAir=off
[timecode] 16:38:27:12 capture=on(0.01s) onAir=off
[timecode] 16:38:28:12 capture=on(0.01s) onAir=off
[timecode] 16:38:29:12 capture=on(0.02s) onAir=off
[timecode] 16:38:30:12 capture=on(0.03s) onAir=off
[timecode] 16:38:31:12 capture=on(0.00s) onAir=off
[timecode] 16:38:32:13 capture=on(0.00s) onAir=off
[timecode] 16:38:33:13 capture=on(0.00s) onAir=off
[timecode] 16:38:34:13 capture=on(0.00s) onAir=off
[timecode] 16:38:35:13 capture=on(0.00s) onAir=off
[timecode] 16:38:36:13 capture=on(0.00s) onAir=off
[timecode] 16:38:37:13 capture=on(0.01s) onAir=off
[timecode] 16:38:38:13 capture=on(0.01s) onAir=off
[timecode] 16:38:39:13 capture=on(0.01s) onAir=off
[timecode] 16:38:40:13 capture=on(0.01s) onAir=off
[timecode] 16:38:41:13 capture=on(0.01s) onAir=off
[timecode] 16:38:42:13 capture=on(0.01s) onAir=off
[timecode] 16:38:43:13 capture=on(0.02s) onAir=off
[timecode] 16:38:44:13 capture=on(0.03s) onAir=off
[timecode] 16:38:45:14 capture=on(0.00s) onAir=off
[timecode] 16:38:46:14 capture=on(0.00s) onAir=off
[timecode] 16:38:47:14 capture=on(0.00s) onAir=off
[timecode] 16:38:48:14 capture=on(0.00s) onAir=off
[timecode] 16:38:49:14 capture=on(0.01s) onAir=off
[timecode] 16:38:50:14 capture=on(0.02s) onAir=off
[timecode] 16:38:51:14 capture=on(0.03s) onAir=off
[timecode] 16:38:52:15 capture=on(0.00s) onAir=off
[timecode] 16:38:53:15 capture=on(0.00s) onAir=off
[timecode] 16:38:54:15 capture=on(0.00s) onAir=off
[timecode] 16:38:55:15 capture=on(0.00s) onAir=off
[timecode] 16:38:56:15 capture=on(0.00s) onAir=off
[timecode] 16:38:57:15 capture=on(0.00s) onAir=off
[timecode] 16:38:58:15 capture=on(0.00s) onAir=off
[timecode] 16:38:59:15 capture=on(0.00s) onAir=off
[timecode] 16:39:00:15 capture=on(0.00s) onAir=off
[timecode] 16:39:01:15 capture=on(0.00s) onAir=off
[timecode] 16:39:02:15 capture=on(0.00s) onAir=off
[timecode] 16:39:03:15 capture=on(0.01s) onAir=off
[timecode] 16:39:04:15 capture=on(0.01s) onAir=off
[timecode] 16:39:05:15 capture=on(0.02s) onAir=off
[timecode] 16:39:06:15 capture=on(0.03s) onAir=off
[timecode] 16:39:07:15 capture=on(0.03s) onAir=off
[timecode] 16:39:08:15 capture=on(0.03s) onAir=off
[timecode] 16:39:09:16 capture=on(0.00s) onAir=off
[timecode] 16:39:10:16 capture=on(0.00s) onAir=off
[timecode] 16:39:11:16 capture=on(0.00s) onAir=off
[timecode] 16:39:12:16 capture=on(0.00s) onAir=off
[timecode] 16:39:13:16 capture=on(0.01s) onAir=off
[timecode] 16:39:14:16 capture=on(0.01s) onAir=off
[timecode] 16:39:15:16 capture=on(0.02s) onAir=off
[timecode] 16:39:16:16 capture=on(0.02s) onAir=off
[timecode] 16:39:17:16 capture=on(0.03s) onAir=off
[timecode] 16:39:18:16 capture=on(0.03s) onAir=off
[timecode] 16:39:19:16 capture=on(0.03s) onAir=off
[timecode] 16:39:20:16 capture=on(0.04s) onAir=off
[timecode] 16:39:21:16 capture=on(0.04s) onAir=off
[timecode] 16:39:22:17 capture=on(0.00s) onAir=off
[timecode] 16:39:23:17 capture=on(0.00s) onAir=off
[timecode] 16:39:24:17 capture=on(0.01s) onAir=off
[timecode] 16:39:25:17 capture=on(0.01s) onAir=off
[timecode] 16:39:26:17 capture=on(0.01s) onAir=off
[timecode] 16:39:27:17 capture=on(0.01s) onAir=off
[timecode] 16:39:28:17 capture=on(0.01s) onAir=off
[timecode] 16:39:29:17 capture=on(0.01s) onAir=off
[timecode] 16:39:30:17 capture=on(0.01s) onAir=off
[timecode] 16:39:31:17 capture=on(0.03s) onAir=off
[timecode] 16:39:32:17 capture=on(0.03s) onAir=off
[timecode] 16:39:33:18 capture=on(0.04s) onAir=off
[timecode] 16:39:34:18 capture=on(0.00s) onAir=off
[timecode] 16:39:35:18 capture=on(0.00s) onAir=off
[timecode] 16:39:36:18 capture=on(0.01s) onAir=off
[timecode] 16:39:37:18 capture=on(0.01s) onAir=off
[timecode] 16:39:38:18 capture=on(0.01s) onAir=off
[timecode] 16:39:39:18 capture=on(0.01s) onAir=off
[timecode] 16:39:40:18 capture=on(0.01s) onAir=off
[timecode] 16:39:41:18 capture=on(0.01s) onAir=off
[timecode] 16:39:42:18 capture=on(0.02s) onAir=off
[timecode] 16:39:43:18 capture=on(0.02s) onAir=off
[timecode] 16:39:44:18 capture=on(0.03s) onAir=off
[timecode] 16:39:45:19 capture=on(0.00s) onAir=off
[timecode] 16:39:46:19 capture=on(0.01s) onAir=off
[timecode] 16:39:47:19 capture=on(0.01s) onAir=off
[timecode] 16:39:48:19 capture=on(0.01s) onAir=off
[timecode] 16:39:49:19 capture=on(0.01s) onAir=off
[timecode] 16:39:50:19 capture=on(0.02s) onAir=off
[timecode] 16:39:51:19 capture=on(0.03s) onAir=off
[timecode] 16:39:52:20 capture=on(0.00s) onAir=off
[timecode] 16:39:53:20 capture=on(0.01s) onAir=off
[timecode] 16:39:54:20 capture=on(0.01s) onAir=off
[timecode] 16:39:55:20 capture=on(0.01s) onAir=off
[timecode] 16:39:56:20 capture=on(0.01s) onAir=off
[timecode] 16:39:57:20 capture=on(0.01s) onAir=off
[timecode] 16:39:58:20 capture=on(0.01s) onAir=off
[timecode] 16:39:59:20 capture=on(0.01s) onAir=off
[timecode] 16:40:00:20 capture=on(0.01s) onAir=off
[timecode] 16:40:01:20 capture=on(0.02s) onAir=off
[timecode] 16:40:02:20 capture=on(0.03s) onAir=off
[timecode] 16:40:03:20 capture=on(0.03s) onAir=off
[timecode] 16:40:04:21 capture=on(0.00s) onAir=off
[timecode] 16:40:05:21 capture=on(0.01s) onAir=off
[timecode] 16:40:06:21 capture=on(0.01s) onAir=off
[timecode] 16:40:07:21 capture=on(0.01s) onAir=off
[timecode] 16:40:08:21 capture=on(0.02s) onAir=off
[timecode] 16:40:09:21 capture=on(0.02s) onAir=off
[timecode] 16:40:10:21 capture=on(0.02s) onAir=off
[timecode] 16:40:11:21 capture=on(0.03s) onAir=off
[timecode] 16:40:12:22 capture=on(0.04s) onAir=off
[timecode] 16:40:13:22 capture=on(0.01s) onAir=off
[timecode] 16:40:14:22 capture=on(0.01s) onAir=off
[timecode] 16:40:15:22 capture=on(0.01s) onAir=off
[timecode] 16:40:16:22 capture=on(0.01s) onAir=off
[timecode] 16:40:17:22 capture=on(0.01s) onAir=off
[timecode] 16:40:18:22 capture=on(0.01s) onAir=off
[timecode] 16:40:19:22 capture=on(0.03s) onAir=off
[timecode] 16:40:20:22 capture=on(0.03s) onAir=off
[timecode] 16:40:21:23 capture=on(0.04s) onAir=off
[timecode] 16:40:22:23 capture=on(0.00s) onAir=off
[timecode] 16:40:23:23 capture=on(0.01s) onAir=off
[timecode] 16:40:24:23 capture=on(0.01s) onAir=off
[timecode] 16:40:25:23 capture=on(0.01s) onAir=off
[timecode] 16:40:26:23 capture=on(0.01s) onAir=off
[timecode] 16:40:27:23 capture=on(0.01s) onAir=off
[timecode] 16:40:28:23 capture=on(0.03s) onAir=off
[timecode] 16:40:29:24 capture=on(0.04s) onAir=off
[timecode] 16:40:30:24 capture=on(0.01s) onAir=off
[timecode] 16:40:31:24 capture=on(0.01s) onAir=off
[timecode] 16:40:32:24 capture=on(0.00s) onAir=off
[timecode] 16:40:33:24 capture=on(0.01s) onAir=off
[timecode] 16:40:34:24 capture=on(0.01s) onAir=off
[timecode] 16:40:35:24 capture=on(0.01s) onAir=off
[timecode] 16:40:36:24 capture=on(0.01s) onAir=off
[timecode] 16:40:37:24 capture=on(0.01s) onAir=off
[timecode] 16:40:38:24 capture=on(0.01s) onAir=off
[timecode] 16:40:39:24 capture=on(0.02s) onAir=off
[timecode] 16:40:40:24 capture=on(0.02s) onAir=off
[timecode] 16:40:41:24 capture=on(0.02s) onAir=off
[timecode] 16:40:42:24 capture=on(0.02s) onAir=off
[timecode] 16:40:43:24 capture=on(0.03s) onAir=off
[timecode] 16:40:44:24 capture=on(0.03s) onAir=off
[timecode] 16:40:46:00 capture=on(0.00s) onAir=off
[timecode] 16:40:47:00 capture=on(0.01s) onAir=off
[timecode] 16:40:48:00 capture=on(0.01s) onAir=off
[timecode] 16:40:49:00 capture=on(0.01s) onAir=off
[timecode] 16:40:50:00 capture=on(0.03s) onAir=off
[timecode] 16:40:51:00 capture=on(0.03s) onAir=off
[timecode] 16:40:52:00 capture=on(0.03s) onAir=off
[timecode] 16:40:53:01 capture=on(0.01s) onAir=off
[timecode] 16:40:54:01 capture=on(0.01s) onAir=off
[timecode] 16:40:55:01 capture=on(0.01s) onAir=off
[timecode] 16:40:56:01 capture=on(0.02s) onAir=off
[timecode] 16:40:57:01 capture=on(0.02s) onAir=off
[timecode] 16:40:58:01 capture=on(0.03s) onAir=off
[timecode] 16:40:59:02 capture=on(0.04s) onAir=off
[timecode] 16:41:00:02 capture=on(0.00s) onAir=off
[timecode] 16:41:01:02 capture=on(0.01s) onAir=off
[timecode] 16:41:02:02 capture=on(0.01s) onAir=off
[timecode] 16:41:03:02 capture=on(0.01s) onAir=off
[timecode] 16:41:04:02 capture=on(0.01s) onAir=off
[timecode] 16:41:05:02 capture=on(0.01s) onAir=off
[timecode] 16:41:06:02 capture=on(0.02s) onAir=off
[timecode] 16:41:07:02 capture=on(0.02s) onAir=off
[timecode] 16:41:08:02 capture=on(0.02s) onAir=off
[timecode] 16:41:09:02 capture=on(0.03s) onAir=off
[timecode] 16:41:10:03 capture=on(0.03s) onAir=off
[timecode] 16:41:11:03 capture=on(0.01s) onAir=off
[timecode] 16:41:12:03 capture=on(0.01s) onAir=off
[timecode] 16:41:13:03 capture=on(0.01s) onAir=off
[timecode] 16:41:14:03 capture=on(0.01s) onAir=off
[timecode] 16:41:15:03 capture=on(0.01s) onAir=off
[timecode] 16:41:16:03 capture=on(0.01s) onAir=off
[timecode] 16:41:17:03 capture=on(0.01s) onAir=off
[timecode] 16:41:18:03 capture=on(0.02s) onAir=off
[timecode] 16:41:19:04 capture=on(0.03s) onAir=off
[timecode] 16:41:20:04 capture=on(0.04s) onAir=off
[timecode] 16:41:21:04 capture=on(0.04s) onAir=off
[timecode] 16:41:22:04 capture=on(0.00s) onAir=off
[timecode] 16:41:23:04 capture=on(0.01s) onAir=off
[timecode] 16:41:24:04 capture=on(0.01s) onAir=off
[timecode] 16:41:25:04 capture=on(0.01s) onAir=off
[timecode] 16:41:26:04 capture=on(0.01s) onAir=off
[timecode] 16:41:27:04 capture=on(0.01s) onAir=off
[timecode] 16:41:28:04 capture=on(0.01s) onAir=off
[timecode] 16:41:29:04 capture=on(0.01s) onAir=off
[timecode] 16:41:30:04 capture=on(0.01s) onAir=off
[timecode] 16:41:31:04 capture=on(0.02s) onAir=off
[timecode] 16:41:32:04 capture=on(0.02s) onAir=off
[timecode] 16:41:33:05 capture=on(0.04s) onAir=off
[timecode] 16:41:34:05 capture=on(0.01s) onAir=off
[timecode] 16:41:35:05 capture=on(0.01s) onAir=off
[timecode] 16:41:36:05 capture=on(0.01s) onAir=off
[timecode] 16:41:37:05 capture=on(0.02s) onAir=off
[timecode] 16:41:38:05 capture=on(0.02s) onAir=off
[timecode] 16:41:39:06 capture=on(0.03s) onAir=off
[timecode] 16:41:40:06 capture=on(0.04s) onAir=off
[timecode] 16:41:41:06 capture=on(0.01s) onAir=off
[timecode] 16:41:42:06 capture=on(0.02s) onAir=off
[timecode] 16:41:43:07 capture=on(0.03s) onAir=off
[timecode] 16:41:44:07 capture=on(0.04s) onAir=off
[timecode] 16:41:45:07 capture=on(0.01s) onAir=off
[timecode] 16:41:46:07 capture=on(0.01s) onAir=off
[timecode] 16:41:47:07 capture=on(0.01s) onAir=off
[timecode] 16:41:48:07 capture=on(0.01s) onAir=off
[timecode] 16:41:49:07 capture=on(0.01s) onAir=off
[timecode] 16:41:50:07 capture=on(0.02s) onAir=off
[timecode] 16:41:51:08 capture=on(0.03s) onAir=off
[timecode] 16:41:52:08 capture=on(0.04s) onAir=off
[timecode] 16:41:53:08 capture=on(0.04s) onAir=off
[timecode] 16:41:54:08 capture=on(0.01s) onAir=off
[timecode] 16:41:55:08 capture=on(0.01s) onAir=off
[timecode] 16:41:56:08 capture=on(0.02s) onAir=off
[timecode] 16:41:57:09 capture=on(0.03s) onAir=off
[timecode] 16:41:58:09 capture=on(0.04s) onAir=off
[timecode] 16:41:59:09 capture=on(0.04s) onAir=off
[timecode] 16:42:00:09 capture=on(0.04s) onAir=off
[timecode] 16:42:01:09 capture=on(0.04s) onAir=off
[timecode] 16:42:02:09 capture=on(0.00s) onAir=off
[timecode] 16:42:03:09 capture=on(0.00s) onAir=off
[timecode] 16:42:04:09 capture=on(0.02s) onAir=off
[timecode] 16:42:05:09 capture=on(0.03s) onAir=off
[timecode] 16:42:06:10 capture=on(0.03s) onAir=off
[timecode] 16:42:07:10 capture=on(0.03s) onAir=off
[timecode] 16:42:08:10 capture=on(0.04s) onAir=off
[timecode] 16:42:09:10 capture=on(0.01s) onAir=off
[timecode] 16:42:10:10 capture=on(0.01s) onAir=off
[timecode] 16:42:11:10 capture=on(0.01s) onAir=off
[timecode] 16:42:12:10 capture=on(0.02s) onAir=off
[timecode] 16:42:13:11 capture=on(0.03s) onAir=off
[timecode] 16:42:14:11 capture=on(0.00s) onAir=off
[timecode] 16:42:15:11 capture=on(0.01s) onAir=off
[timecode] 16:42:16:11 capture=on(0.01s) onAir=off
[timecode] 16:42:17:11 capture=on(0.02s) onAir=off
[timecode] 16:42:18:12 capture=on(0.03s) onAir=off
[timecode] 16:42:19:12 capture=on(0.04s) onAir=off
[timecode] 16:42:20:12 capture=on(0.00s) onAir=off
[timecode] 16:42:21:12 capture=on(0.01s) onAir=off
[timecode] 16:42:22:12 capture=on(0.01s) onAir=off
[timecode] 16:42:23:12 capture=on(0.01s) onAir=off
[timecode] 16:42:24:12 capture=on(0.01s) onAir=off
[timecode] 16:42:25:12 capture=on(0.01s) onAir=off
[timecode] 16:42:26:12 capture=on(0.01s) onAir=off
[timecode] 16:42:27:12 capture=on(0.02s) onAir=off
[timecode] 16:42:28:13 capture=on(0.03s) onAir=off
[timecode] 16:42:29:13 capture=on(0.03s) onAir=off
[timecode] 16:42:30:13 capture=on(0.04s) onAir=off
[timecode] 16:42:31:13 capture=on(0.01s) onAir=off
[timecode] 16:42:32:13 capture=on(0.01s) onAir=off
[timecode] 16:42:33:13 capture=on(0.01s) onAir=off
[timecode] 16:42:34:13 capture=on(0.01s) onAir=off
[timecode] 16:42:35:13 capture=on(0.02s) onAir=off
[timecode] 16:42:36:13 capture=on(0.02s) onAir=off
[timecode] 16:42:37:13 capture=on(0.02s) onAir=off
[timecode] 16:42:38:14 capture=on(0.03s) onAir=off
[timecode] 16:42:39:14 capture=on(0.03s) onAir=off
[timecode] 16:42:40:14 capture=on(0.04s) onAir=off
[timecode] 16:42:41:14 capture=on(0.00s) onAir=off
[timecode] 16:42:42:14 capture=on(0.01s) onAir=off
[timecode] 16:42:43:14 capture=on(0.01s) onAir=off
[timecode] 16:42:44:14 capture=on(0.02s) onAir=off
[timecode] 16:42:45:14 capture=on(0.02s) onAir=off
[timecode] 16:42:46:15 capture=on(0.03s) onAir=off
[timecode] 16:42:47:15 capture=on(0.03s) onAir=off
[timecode] 16:42:48:15 capture=on(0.00s) onAir=off
[timecode] 16:42:49:15 capture=on(0.00s) onAir=off
[timecode] 16:42:50:15 capture=on(0.01s) onAir=off
[timecode] 16:42:51:15 capture=on(0.01s) onAir=off
[timecode] 16:42:52:15 capture=on(0.01s) onAir=off
[timecode] 16:42:53:15 capture=on(0.02s) onAir=off
[timecode] 16:42:54:15 capture=on(0.02s) onAir=off
[timecode] 16:42:55:15 capture=on(0.02s) onAir=off
[timecode] 16:42:56:16 capture=on(0.02s) onAir=off
[timecode] 16:42:57:16 capture=on(0.03s) onAir=off
[timecode] 16:42:58:16 capture=on(0.04s) onAir=off
[timecode] 16:42:59:16 capture=on(0.00s) onAir=off
[timecode] 16:43:00:16 capture=on(0.00s) onAir=off
[timecode] 16:43:01:16 capture=on(0.01s) onAir=off
[timecode] 16:43:02:16 capture=on(0.01s) onAir=off
[timecode] 16:43:03:16 capture=on(0.02s) onAir=off
[timecode] 16:43:04:17 capture=on(0.03s) onAir=off
[timecode] 16:43:05:17 capture=on(0.03s) onAir=off
[timecode] 16:43:06:17 capture=on(0.00s) onAir=off
[timecode] 16:43:07:17 capture=on(0.01s) onAir=off
[timecode] 16:43:08:17 capture=on(0.01s) onAir=off
[timecode] 16:43:09:17 capture=on(0.01s) onAir=off
[timecode] 16:43:10:17 capture=on(0.01s) onAir=off
[timecode] 16:43:11:17 capture=on(0.01s) onAir=off
[timecode] 16:43:12:17 capture=on(0.02s) onAir=off
[timecode] 16:43:13:18 capture=on(0.02s) onAir=off
[timecode] 16:43:14:18 capture=on(0.03s) onAir=off
[timecode] 16:43:15:18 capture=on(0.04s) onAir=off
[timecode] 16:43:16:18 capture=on(0.01s) onAir=off
[timecode] 16:43:17:18 capture=on(0.01s) onAir=off
[timecode] 16:43:18:18 capture=on(0.01s) onAir=off
[timecode] 16:43:19:18 capture=on(0.01s) onAir=off
[timecode] 16:43:20:18 capture=on(0.02s) onAir=off
[timecode] 16:43:21:19 capture=on(0.02s) onAir=off
[timecode] 16:43:22:19 capture=on(0.03s) onAir=off
[timecode] 16:43:23:19 capture=on(0.00s) onAir=off
[timecode] 16:43:24:19 capture=on(0.00s) onAir=off
[timecode] 16:43:25:19 capture=on(0.01s) onAir=off
[timecode] 16:43:26:19 capture=on(0.01s) onAir=off
[timecode] 16:43:27:20 capture=on(0.02s) onAir=off
[timecode] 16:43:28:20 capture=on(0.04s) onAir=off
[timecode] 16:43:29:20 capture=on(0.00s) onAir=off
[timecode] 16:43:30:20 capture=on(0.01s) onAir=off
[timecode] 16:43:31:20 capture=on(0.01s) onAir=off
[timecode] 16:43:32:20 capture=on(0.01s) onAir=off
[timecode] 16:43:33:20 capture=on(0.01s) onAir=off
[timecode] 16:43:34:20 capture=on(0.01s) onAir=off
[timecode] 16:43:35:21 capture=on(0.02s) onAir=off
[timecode] 16:43:36:21 capture=on(0.03s) onAir=off
[timecode] 16:43:37:21 capture=on(0.03s) onAir=off
[timecode] 16:43:38:21 capture=on(0.00s) onAir=off
[timecode] 16:43:39:21 capture=on(0.01s) onAir=off
[timecode] 16:43:40:21 capture=on(0.01s) onAir=off
[timecode] 16:43:41:21 capture=on(0.02s) onAir=off
[timecode] 16:43:42:21 capture=on(0.02s) onAir=off
[timecode] 16:43:43:22 capture=on(0.02s) onAir=off
[timecode] 16:43:44:22 capture=on(0.03s) onAir=off
[timecode] 16:43:45:22 capture=on(0.00s) onAir=off
[timecode] 16:43:46:22 capture=on(0.01s) onAir=off
[timecode] 16:43:47:22 capture=on(0.01s) onAir=off
[timecode] 16:43:48:22 capture=on(0.01s) onAir=off
[timecode] 16:43:49:22 capture=on(0.01s) onAir=off
[timecode] 16:43:50:22 capture=on(0.01s) onAir=off
[timecode] 16:43:51:22 capture=on(0.01s) onAir=off
[timecode] 16:43:52:23 capture=on(0.02s) onAir=off
[timecode] 16:43:53:23 capture=on(0.02s) onAir=off
[timecode] 16:43:54:23 capture=on(0.03s) onAir=off
[timecode] 16:43:55:23 capture=on(0.03s) onAir=off
[timecode] 16:43:56:23 capture=on(0.03s) onAir=off
[timecode] 16:43:57:23 capture=on(0.04s) onAir=off
[timecode] 16:43:58:23 capture=on(0.04s) onAir=off
[timecode] 16:43:59:23 capture=on(0.01s) onAir=off
[timecode] 16:44:00:23 capture=on(0.02s) onAir=off
[timecode] 16:44:01:24 capture=on(0.02s) onAir=off
[timecode] 16:44:02:24 capture=on(0.02s) onAir=off
[timecode] 16:44:03:24 capture=on(0.03s) onAir=off
[timecode] 16:44:04:24 capture=on(0.00s) onAir=off
[timecode] 16:44:05:24 capture=on(0.01s) onAir=off
[timecode] 16:44:06:24 capture=on(0.01s) onAir=off
[timecode] 16:44:07:24 capture=on(0.01s) onAir=off
[timecode] 16:44:08:24 capture=on(0.02s) onAir=off
[timecode] 16:44:10:00 capture=on(0.03s) onAir=off
[timecode] 16:44:11:00 capture=on(0.03s) onAir=off
[timecode] 16:44:12:00 capture=on(0.00s) onAir=off
[timecode] 16:44:13:00 capture=on(0.01s) onAir=off
[timecode] 16:44:14:00 capture=on(0.01s) onAir=off
[timecode] 16:44:15:01 capture=on(0.03s) onAir=off
[timecode] 16:44:16:01 capture=on(0.00s) onAir=off
[timecode] 16:44:17:01 capture=on(0.01s) onAir=off
[timecode] 16:44:18:02 capture=on(0.02s) onAir=off
[timecode] 16:44:19:02 capture=on(0.03s) onAir=off
[timecode] 16:44:20:02 capture=on(0.04s) onAir=off
[timecode] 16:44:21:02 capture=on(0.01s) onAir=off
[timecode] 16:44:22:02 capture=on(0.01s) onAir=off
[timecode] 16:44:23:02 capture=on(0.01s) onAir=off
[timecode] 16:44:24:02 capture=on(0.00s) onAir=off
[timecode] 16:44:25:02 capture=on(0.00s) onAir=off
[timecode] 16:44:26:02 capture=on(0.00s) onAir=off
[timecode] 16:44:27:02 capture=on(0.00s) onAir=off
[timecode] 16:44:28:02 capture=on(0.00s) onAir=off
[timecode] 16:44:29:03 capture=on(0.02s) onAir=off
[timecode] 16:44:30:03 capture=on(0.03s) onAir=off
[timecode] 16:44:31:03 capture=on(0.04s) onAir=off
[timecode] 16:44:32:03 capture=on(0.00s) onAir=off
[timecode] 16:44:33:03 capture=on(0.00s) onAir=off
[timecode] 16:44:34:03 capture=on(0.00s) onAir=off
[timecode] 16:44:35:03 capture=on(0.00s) onAir=off
[timecode] 16:44:36:03 capture=on(0.00s) onAir=off
[timecode] 16:44:37:03 capture=on(0.00s) onAir=off
[timecode] 16:44:38:03 capture=on(0.00s) onAir=off
[timecode] 16:44:39:03 capture=on(0.01s) onAir=off
[timecode] 16:44:40:03 capture=on(0.01s) onAir=off
[timecode] 16:44:41:03 capture=on(0.01s) onAir=off
[timecode] 16:44:42:04 capture=on(0.03s) onAir=off
[timecode] 16:44:43:04 capture=on(0.03s) onAir=off
[timecode] 16:44:44:04 capture=on(0.00s) onAir=off
[timecode] 16:44:45:04 capture=on(0.00s) onAir=off
[timecode] 16:44:46:04 capture=on(0.00s) onAir=off
[timecode] 16:44:47:04 capture=on(0.00s) onAir=off
[timecode] 16:44:48:04 capture=on(0.01s) onAir=off
[timecode] 16:44:49:04 capture=on(0.01s) onAir=off
[timecode] 16:44:50:04 capture=on(0.01s) onAir=off
[timecode] 16:44:51:05 capture=on(0.02s) onAir=off
[timecode] 16:44:52:05 capture=on(0.02s) onAir=off
[timecode] 16:44:53:05 capture=on(0.03s) onAir=off
[timecode] 16:44:54:05 capture=on(0.03s) onAir=off
[timecode] 16:44:55:05 capture=on(0.00s) onAir=off
[timecode] 16:44:56:05 capture=on(0.00s) onAir=off
[timecode] 16:44:57:05 capture=on(0.00s) onAir=off
[timecode] 16:44:58:06 capture=on(0.02s) onAir=off
[timecode] 16:44:59:06 capture=on(0.03s) onAir=off
[timecode] 16:45:00:06 capture=on(0.00s) onAir=off
[timecode] 16:45:01:06 capture=on(0.00s) onAir=off
[timecode] 16:45:02:06 capture=on(0.00s) onAir=off
[timecode] 16:45:03:06 capture=on(0.01s) onAir=off
[timecode] 16:45:04:07 capture=on(0.02s) onAir=off
[timecode] 16:45:05:07 capture=on(0.02s) onAir=off
[timecode] 16:45:06:07 capture=on(0.03s) onAir=off
[timecode] 16:45:07:07 capture=on(0.00s) onAir=off
[timecode] 16:45:08:07 capture=on(0.00s) onAir=off
[timecode] 16:45:09:07 capture=on(0.01s) onAir=off
[timecode] 16:45:10:07 capture=on(0.01s) onAir=off
[timecode] 16:45:11:08 capture=on(0.02s) onAir=off
[timecode] 16:45:12:08 capture=on(0.03s) onAir=off
[timecode] 16:45:13:08 capture=on(0.03s) onAir=off
[timecode] 16:45:14:08 capture=on(0.00s) onAir=off
[timecode] 16:45:15:08 capture=on(0.00s) onAir=off
[timecode] 16:45:16:09 capture=on(0.02s) onAir=off
[timecode] 16:45:17:09 capture=on(0.03s) onAir=off
[timecode] 16:45:18:09 capture=on(0.00s) onAir=off
[timecode] 16:45:19:09 capture=on(0.00s) onAir=off
[timecode] 16:45:20:09 capture=on(0.00s) onAir=off
[timecode] 16:45:21:09 capture=on(0.01s) onAir=off
[timecode] 16:45:22:10 capture=on(0.02s) onAir=off
[timecode] 16:45:23:10 capture=on(0.03s) onAir=off
[timecode] 16:45:24:10 capture=on(0.04s) onAir=off
[timecode] 16:45:25:10 capture=on(0.00s) onAir=off
[timecode] 16:45:26:10 capture=on(0.01s) onAir=off
[timecode] 16:45:27:10 capture=on(0.01s) onAir=off
[timecode] 16:45:28:10 capture=on(0.01s) onAir=off
[timecode] 16:45:29:11 capture=on(0.02s) onAir=off
[timecode] 16:45:30:11 capture=on(0.03s) onAir=off
[timecode] 16:45:31:11 capture=on(0.03s) onAir=off
[timecode] 16:45:32:11 capture=on(0.01s) onAir=off
[timecode] 16:45:33:11 capture=on(0.01s) onAir=off
[timecode] 16:45:34:12 capture=on(0.01s) onAir=off
[timecode] 16:45:35:12 capture=on(0.02s) onAir=off
[timecode] 16:45:36:12 capture=on(0.02s) onAir=off
[timecode] 16:45:37:12 capture=on(0.03s) onAir=off
[timecode] 16:45:38:12 capture=on(0.04s) onAir=off
[timecode] 16:45:39:12 capture=on(0.00s) onAir=off
[timecode] 16:45:40:12 capture=on(0.01s) onAir=off
[timecode] 16:45:41:12 capture=on(0.01s) onAir=off
[timecode] 16:45:42:13 capture=on(0.02s) onAir=off
[timecode] 16:45:43:13 capture=on(0.03s) onAir=off
[timecode] 16:45:44:13 capture=on(0.03s) onAir=off
[timecode] 16:45:45:13 capture=on(0.04s) onAir=off
[timecode] 16:45:46:13 capture=on(0.04s) onAir=off
[timecode] 16:45:47:13 capture=on(0.00s) onAir=off
[timecode] 16:45:48:13 capture=on(0.01s) onAir=off
[timecode] 16:45:49:13 capture=on(0.01s) onAir=off
[timecode] 16:45:50:13 capture=on(0.01s) onAir=off
[timecode] 16:45:51:13 capture=on(0.01s) onAir=off
[timecode] 16:45:52:13 capture=on(0.01s) onAir=off
[timecode] 16:45:53:14 capture=on(0.02s) onAir=off
[timecode] 16:45:54:14 capture=on(0.02s) onAir=off
[timecode] 16:45:55:14 capture=on(0.04s) onAir=off
[timecode] 16:45:56:14 capture=on(0.00s) onAir=off
[timecode] 16:45:57:14 capture=on(0.00s) onAir=off
[timecode] 16:45:58:14 capture=on(0.01s) onAir=off
[timecode] 16:45:59:14 capture=on(0.01s) onAir=off
[timecode] 16:46:00:14 capture=on(0.01s) onAir=off
[timecode] 16:46:01:14 capture=on(0.01s) onAir=off
[timecode] 16:46:02:14 capture=on(0.01s) onAir=off
[timecode] 16:46:03:14 capture=on(0.01s) onAir=off
[timecode] 16:46:04:15 capture=on(0.02s) onAir=off
[timecode] 16:46:05:15 capture=on(0.03s) onAir=off
[timecode] 16:46:06:15 capture=on(0.00s) onAir=off
[timecode] 16:46:07:15 capture=on(0.00s) onAir=off
[timecode] 16:46:08:15 capture=on(0.01s) onAir=off
[timecode] 16:46:09:15 capture=on(0.01s) onAir=off
[timecode] 16:46:10:15 capture=on(0.01s) onAir=off
[timecode] 16:46:11:15 capture=on(0.01s) onAir=off
[timecode] 16:46:12:15 capture=on(0.01s) onAir=off
[timecode] 16:46:13:16 capture=on(0.01s) onAir=off
[timecode] 16:46:14:16 capture=on(0.02s) onAir=off
[timecode] 16:46:15:16 capture=on(0.03s) onAir=off
[timecode] 16:46:16:16 capture=on(0.03s) onAir=off
[timecode] 16:46:17:16 capture=on(0.04s) onAir=off
[timecode] 16:46:18:16 capture=on(0.04s) onAir=off
[timecode] 16:46:19:16 capture=on(0.00s) onAir=off
[timecode] 16:46:20:16 capture=on(0.01s) onAir=off
[timecode] 16:46:21:16 capture=on(0.01s) onAir=off
[timecode] 16:46:22:16 capture=on(0.01s) onAir=off
[timecode] 16:46:23:17 capture=on(0.01s) onAir=off
[timecode] 16:46:24:17 capture=on(0.02s) onAir=off
[timecode] 16:46:25:17 capture=on(0.03s) onAir=off
[timecode] 16:46:26:17 capture=on(0.03s) onAir=off
[timecode] 16:46:27:17 capture=on(0.03s) onAir=off
[timecode] 16:46:28:17 capture=on(0.04s) onAir=off
[timecode] 16:46:29:17 capture=on(0.00s) onAir=off
[timecode] 16:46:30:17 capture=on(0.01s) onAir=off
[timecode] 16:46:31:17 capture=on(0.01s) onAir=off
[timecode] 16:46:32:18 capture=on(0.02s) onAir=off
[timecode] 16:46:33:18 capture=on(0.02s) onAir=off
[timecode] 16:46:34:18 capture=on(0.02s) onAir=off
[timecode] 16:46:35:18 capture=on(0.03s) onAir=off
[timecode] 16:46:36:18 capture=on(0.00s) onAir=off
[timecode] 16:46:37:18 capture=on(0.01s) onAir=off
[timecode] 16:46:38:18 capture=on(0.01s) onAir=off
[timecode] 16:46:39:19 capture=on(0.02s) onAir=off
[timecode] 16:46:40:19 capture=on(0.03s) onAir=off
[timecode] 16:46:41:19 capture=on(0.00s) onAir=off
[timecode] 16:46:42:19 capture=on(0.01s) onAir=off
[timecode] 16:46:43:19 capture=on(0.01s) onAir=off
[timecode] 16:46:44:20 capture=on(0.01s) onAir=off
[timecode] 16:46:45:20 capture=on(0.01s) onAir=off
[timecode] 16:46:46:20 capture=on(0.03s) onAir=off
[timecode] 16:46:47:20 capture=on(0.04s) onAir=off
[timecode] 16:46:48:20 capture=on(0.01s) onAir=off
[timecode] 16:46:49:20 capture=on(0.01s) onAir=off
[timecode] 16:46:50:20 capture=on(0.01s) onAir=off
[timecode] 16:46:51:21 capture=on(0.01s) onAir=off
[timecode] 16:46:52:21 capture=on(0.02s) onAir=off
[timecode] 16:46:53:21 capture=on(0.03s) onAir=off
[timecode] 16:46:54:21 capture=on(0.00s) onAir=off
[timecode] 16:46:55:21 capture=on(0.00s) onAir=off
[timecode] 16:46:56:21 capture=on(0.01s) onAir=off
[timecode] 16:46:57:21 capture=on(0.01s) onAir=off
[timecode] 16:46:58:21 capture=on(0.01s) onAir=off
[timecode] 16:46:59:21 capture=on(0.01s) onAir=off
[timecode] 16:47:00:22 capture=on(0.01s) onAir=off
[timecode] 16:47:01:22 capture=on(0.01s) onAir=off
[timecode] 16:47:02:22 capture=on(0.01s) onAir=off
[timecode] 16:47:03:22 capture=on(0.02s) onAir=off
[timecode] 16:47:04:22 capture=on(0.04s) onAir=off
[timecode] 16:47:05:22 capture=on(0.00s) onAir=off
[timecode] 16:47:06:22 capture=on(0.01s) onAir=off
[timecode] 16:47:07:23 capture=on(0.01s) onAir=off
[timecode] 16:47:08:23 capture=on(0.01s) onAir=off
[timecode] 16:47:09:23 capture=on(0.01s) onAir=off
[timecode] 16:47:10:23 capture=on(0.01s) onAir=off
[timecode] 16:47:11:23 capture=on(0.01s) onAir=off
[timecode] 16:47:12:23 capture=on(0.01s) onAir=off
[timecode] 16:47:13:23 capture=on(0.01s) onAir=off
[timecode] 16:47:14:23 capture=on(0.01s) onAir=off
[timecode] 16:47:15:23 capture=on(0.01s) onAir=off
[timecode] 16:47:16:23 capture=on(0.02s) onAir=off
[timecode] 16:47:17:23 capture=on(0.04s) onAir=off
[timecode] 16:47:18:24 capture=on(0.01s) onAir=off
[timecode] 16:47:19:24 capture=on(0.01s) onAir=off
[timecode] 16:47:20:24 capture=on(0.03s) onAir=off
[timecode] 16:47:21:24 capture=on(0.00s) onAir=off
[timecode] 16:47:22:24 capture=on(0.00s) onAir=off
[timecode] 16:47:23:24 capture=on(0.00s) onAir=off
[timecode] 16:47:24:24 capture=on(0.00s) onAir=off
[timecode] 16:47:25:24 capture=on(0.00s) onAir=off
[timecode] 16:47:26:24 capture=on(0.00s) onAir=off
[timecode] 16:47:27:24 capture=on(0.00s) onAir=off
[timecode] 16:47:28:24 capture=on(0.00s) onAir=off
[timecode] 16:47:29:24 capture=on(0.00s) onAir=off
[timecode] 16:47:30:24 capture=on(0.00s) onAir=off
[timecode] 16:47:32:00 capture=on(0.01s) onAir=off
[timecode] 16:47:33:00 capture=on(0.01s) onAir=off
[timecode] 16:47:34:00 capture=on(0.02s) onAir=off
[timecode] 16:47:35:00 capture=on(0.03s) onAir=off
[timecode] 16:47:36:00 capture=on(0.03s) onAir=off
[timecode] 16:47:37:00 capture=on(0.04s) onAir=off
[timecode] 16:47:38:00 capture=on(0.00s) onAir=off
[timecode] 16:47:39:01 capture=on(0.00s) onAir=off
[timecode] 16:47:40:01 capture=on(0.01s) onAir=off
[timecode] 16:47:41:01 capture=on(0.01s) onAir=off
[timecode] 16:47:42:01 capture=on(0.01s) onAir=off
[timecode] 16:47:43:01 capture=on(0.02s) onAir=off
[timecode] 16:47:44:01 capture=on(0.03s) onAir=off
[timecode] 16:47:45:01 capture=on(0.03s) onAir=off
[timecode] 16:47:46:01 capture=on(0.04s) onAir=off
[timecode] 16:47:47:01 capture=on(0.00s) onAir=off
[timecode] 16:47:48:01 capture=on(0.04s) onAir=off
[timecode] 16:47:49:01 capture=on(0.00s) onAir=off
[timecode] 16:47:50:01 capture=on(0.00s) onAir=off
[timecode] 16:47:51:02 capture=on(0.01s) onAir=off
[timecode] 16:47:52:02 capture=on(0.01s) onAir=off
[timecode] 16:47:53:02 capture=on(0.02s) onAir=off
[timecode] 16:47:54:02 capture=on(0.02s) onAir=off
[timecode] 16:47:55:02 capture=on(0.03s) onAir=off
[timecode] 16:47:56:02 capture=on(0.03s) onAir=off
[timecode] 16:47:57:02 capture=on(0.00s) onAir=off
[timecode] 16:47:58:03 capture=on(0.00s) onAir=off
[timecode] 16:47:59:03 capture=on(0.00s) onAir=off
[timecode] 16:48:00:03 capture=on(0.00s) onAir=off
[timecode] 16:48:01:03 capture=on(0.01s) onAir=off
[timecode] 16:48:02:03 capture=on(0.01s) onAir=off
[timecode] 16:48:03:03 capture=on(0.02s) onAir=off
[timecode] 16:48:04:03 capture=on(0.03s) onAir=off
[timecode] 16:48:05:03 capture=on(0.02s) onAir=off
[timecode] 16:48:06:03 capture=on(0.03s) onAir=off
[timecode] 16:48:07:04 capture=on(0.00s) onAir=off
[timecode] 16:48:08:04 capture=on(0.00s) onAir=off
[timecode] 16:48:09:04 capture=on(0.00s) onAir=off
[timecode] 16:48:10:04 capture=on(0.01s) onAir=off
[timecode] 16:48:11:04 capture=on(0.00s) onAir=off
[timecode] 16:48:12:04 capture=on(0.00s) onAir=off
[timecode] 16:48:13:04 capture=on(0.01s) onAir=off
[timecode] 16:48:14:04 capture=on(0.01s) onAir=off
[timecode] 16:48:15:04 capture=on(0.02s) onAir=off
[timecode] 16:48:16:04 capture=on(0.02s) onAir=off
[timecode] 16:48:17:04 capture=on(0.03s) onAir=off
[timecode] 16:48:18:04 capture=on(0.03s) onAir=off
[timecode] 16:48:19:04 capture=on(0.03s) onAir=off
[timecode] 16:48:20:04 capture=on(0.00s) onAir=off
[timecode] 16:48:21:05 capture=on(0.00s) onAir=off
[timecode] 16:48:22:05 capture=on(0.01s) onAir=off
[timecode] 16:48:23:05 capture=on(0.01s) onAir=off
[timecode] 16:48:24:05 capture=on(0.02s) onAir=off
[timecode] 16:48:25:05 capture=on(0.03s) onAir=off
[timecode] 16:48:26:05 capture=on(0.03s) onAir=off
[timecode] 16:48:27:05 capture=on(0.03s) onAir=off
[timecode] 16:48:28:06 capture=on(0.00s) onAir=off
[timecode] 16:48:29:06 capture=on(0.01s) onAir=off
[timecode] 16:48:30:06 capture=on(0.01s) onAir=off
[timecode] 16:48:31:06 capture=on(0.01s) onAir=off
[timecode] 16:48:32:06 capture=on(0.02s) onAir=off
[timecode] 16:48:33:06 capture=on(0.02s) onAir=off
[timecode] 16:48:34:06 capture=on(0.03s) onAir=off
[timecode] 16:48:35:06 capture=on(0.03s) onAir=off
[timecode] 16:48:36:06 capture=on(0.04s) onAir=off
[timecode] 16:48:37:07 capture=on(0.00s) onAir=off
[timecode] 16:48:38:07 capture=on(0.00s) onAir=off
[timecode] 16:48:39:07 capture=on(0.00s) onAir=off
[timecode] 16:48:40:07 capture=on(0.01s) onAir=off
[timecode] 16:48:41:07 capture=on(0.01s) onAir=off
[timecode] 16:48:42:07 capture=on(0.02s) onAir=off
[timecode] 16:48:43:07 capture=on(0.02s) onAir=off
[timecode] 16:48:44:07 capture=on(0.03s) onAir=off
[timecode] 16:48:45:07 capture=on(0.00s) onAir=off
[timecode] 16:48:46:08 capture=on(0.00s) onAir=off
[timecode] 16:48:47:08 capture=on(0.01s) onAir=off
[timecode] 16:48:48:08 capture=on(0.01s) onAir=off
[timecode] 16:48:49:08 capture=on(0.02s) onAir=off
[timecode] 16:48:50:08 capture=on(0.03s) onAir=off
[timecode] 16:48:51:08 capture=on(0.03s) onAir=off
[timecode] 16:48:52:09 capture=on(0.00s) onAir=off
[timecode] 16:48:53:09 capture=on(0.00s) onAir=off
[timecode] 16:48:54:09 capture=on(0.00s) onAir=off
[timecode] 16:48:55:09 capture=on(0.00s) onAir=off
[timecode] 16:48:56:09 capture=on(0.00s) onAir=off
[timecode] 16:48:57:09 capture=on(0.01s) onAir=off
[timecode] 16:48:58:09 capture=on(0.00s) onAir=off
[timecode] 16:48:59:09 capture=on(0.01s) onAir=off
[timecode] 16:49:00:09 capture=on(0.02s) onAir=off
[timecode] 16:49:01:09 capture=on(0.02s) onAir=off
[timecode] 16:49:02:09 capture=on(0.03s) onAir=off
[timecode] 16:49:03:10 capture=on(0.00s) onAir=off
[timecode] 16:49:04:10 capture=on(0.00s) onAir=off
[timecode] 16:49:05:10 capture=on(0.00s) onAir=off
[timecode] 16:49:06:10 capture=on(0.00s) onAir=off
[timecode] 16:49:07:10 capture=on(0.00s) onAir=off
[timecode] 16:49:08:10 capture=on(0.00s) onAir=off
[timecode] 16:49:09:10 capture=on(0.00s) onAir=off
[timecode] 16:49:10:10 capture=on(0.00s) onAir=off
[timecode] 16:49:11:10 capture=on(0.00s) onAir=off
[timecode] 16:49:12:10 capture=on(0.00s) onAir=off
[timecode] 16:49:13:10 capture=on(0.01s) onAir=off
[timecode] 16:49:14:10 capture=on(0.01s) onAir=off
[timecode] 16:49:15:10 capture=on(0.02s) onAir=off
[timecode] 16:49:16:10 capture=on(0.03s) onAir=off
[timecode] 16:49:17:10 capture=on(0.00s) onAir=off
[timecode] 16:49:18:11 capture=on(0.00s) onAir=off
[timecode] 16:49:19:11 capture=on(0.00s) onAir=off
[timecode] 16:49:20:11 capture=on(0.00s) onAir=off
[timecode] 16:49:21:11 capture=on(0.00s) onAir=off
[timecode] 16:49:22:11 capture=on(0.00s) onAir=off
[timecode] 16:49:23:11 capture=on(0.00s) onAir=off
[timecode] 16:49:24:11 capture=on(0.00s) onAir=off
[timecode] 16:49:25:11 capture=on(0.01s) onAir=off
[timecode] 16:49:26:11 capture=on(0.01s) onAir=off
[timecode] 16:49:27:11 capture=on(0.01s) onAir=off
[timecode] 16:49:28:11 capture=on(0.01s) onAir=off
[timecode] 16:49:29:11 capture=on(0.03s) onAir=off
[timecode] 16:49:30:11 capture=on(0.03s) onAir=off
[timecode] 16:49:31:11 capture=on(0.04s) onAir=off
[timecode] 16:49:32:12 capture=on(0.00s) onAir=off
[timecode] 16:49:33:12 capture=on(0.00s) onAir=off
[timecode] 16:49:34:12 capture=on(0.00s) onAir=off
[timecode] 16:49:35:12 capture=on(0.01s) onAir=off
[timecode] 16:49:36:12 capture=on(0.01s) onAir=off
[timecode] 16:49:37:12 capture=on(0.03s) onAir=off
[timecode] 16:49:38:13 capture=on(0.00s) onAir=off
[timecode] 16:49:39:13 capture=on(0.00s) onAir=off
[timecode] 16:49:40:13 capture=on(0.00s) onAir=off
[timecode] 16:49:41:13 capture=on(0.01s) onAir=off
[timecode] 16:49:42:13 capture=on(0.02s) onAir=off
[timecode] 16:49:43:13 capture=on(0.03s) onAir=off
[timecode] 16:49:44:13 capture=on(0.04s) onAir=off
[timecode] 16:49:45:14 capture=on(0.04s) onAir=off
[timecode] 16:49:46:14 capture=on(0.00s) onAir=off
[timecode] 16:49:47:14 capture=on(0.00s) onAir=off
[timecode] 16:49:48:14 capture=on(0.00s) onAir=off
[timecode] 16:49:49:14 capture=on(0.00s) onAir=off
[timecode] 16:49:50:14 capture=on(0.00s) onAir=off
[timecode] 16:49:51:14 capture=on(0.01s) onAir=off
[timecode] 16:49:52:14 capture=on(0.00s) onAir=off
[timecode] 16:49:53:14 capture=on(0.01s) onAir=off
[timecode] 16:49:54:14 capture=on(0.02s) onAir=off
[timecode] 16:49:55:14 capture=on(0.03s) onAir=off
[timecode] 16:49:56:14 capture=on(0.03s) onAir=off
[timecode] 16:49:57:14 capture=on(0.03s) onAir=off
[timecode] 16:49:58:15 capture=on(0.00s) onAir=off
[timecode] 16:49:59:15 capture=on(0.00s) onAir=off
[timecode] 16:50:00:15 capture=on(0.01s) onAir=off
[timecode] 16:50:01:15 capture=on(0.03s) onAir=off
[timecode] 16:50:02:16 capture=on(0.00s) onAir=off
[timecode] 16:50:03:16 capture=on(0.00s) onAir=off
[timecode] 16:50:04:16 capture=on(0.00s) onAir=off
[timecode] 16:50:05:16 capture=on(0.01s) onAir=off
[timecode] 16:50:06:16 capture=on(0.01s) onAir=off
[timecode] 16:50:07:16 capture=on(0.01s) onAir=off
[timecode] 16:50:08:16 capture=on(0.02s) onAir=off
[timecode] 16:50:09:16 capture=on(0.03s) onAir=off
[timecode] 16:50:10:17 capture=on(0.00s) onAir=off
[timecode] 16:50:11:17 capture=on(0.00s) onAir=off
[timecode] 16:50:12:17 capture=on(0.01s) onAir=off
[timecode] 16:50:13:17 capture=on(0.01s) onAir=off
[timecode] 16:50:14:17 capture=on(0.03s) onAir=off
[timecode] 16:50:15:17 capture=on(0.03s) onAir=off
[timecode] 16:50:16:18 capture=on(0.04s) onAir=off
[timecode] 16:50:17:18 capture=on(0.04s) onAir=off
[timecode] 16:50:18:18 capture=on(0.00s) onAir=off
[timecode] 16:50:19:18 capture=on(0.00s) onAir=off
[timecode] 16:50:20:18 capture=on(0.00s) onAir=off
[timecode] 16:50:21:18 capture=on(0.00s) onAir=off
[timecode] 16:50:22:18 capture=on(0.01s) onAir=off
[timecode] 16:50:23:18 capture=on(0.01s) onAir=off
[timecode] 16:50:24:18 capture=on(0.02s) onAir=off
[timecode] 16:50:25:18 capture=on(0.02s) onAir=off
[timecode] 16:50:26:18 capture=on(0.03s) onAir=off
[timecode] 16:50:27:19 capture=on(0.00s) onAir=off
[timecode] 16:50:28:19 capture=on(0.00s) onAir=off
[timecode] 16:50:29:19 capture=on(0.00s) onAir=off
[timecode] 16:50:30:19 capture=on(0.00s) onAir=off
[timecode] 16:50:31:19 capture=on(0.00s) onAir=off
[timecode] 16:50:32:19 capture=on(0.00s) onAir=off
[timecode] 16:50:33:19 capture=on(0.01s) onAir=off
[timecode] 16:50:34:19 capture=on(0.02s) onAir=off
[timecode] 16:50:35:19 capture=on(0.03s) onAir=off
[timecode] 16:50:36:20 capture=on(0.03s) onAir=off
[timecode] 16:50:37:20 capture=on(0.04s) onAir=off
[timecode] 16:50:38:20 capture=on(0.00s) onAir=off
[timecode] 16:50:39:20 capture=on(0.00s) onAir=off
[timecode] 16:50:40:20 capture=on(0.00s) onAir=off
[timecode] 16:50:41:20 capture=on(0.00s) onAir=off
[timecode] 16:50:42:20 capture=on(0.00s) onAir=off
[timecode] 16:50:43:20 capture=on(0.01s) onAir=off
[timecode] 16:50:44:20 capture=on(0.01s) onAir=off
[timecode] 16:50:45:20 capture=on(0.01s) onAir=off
[timecode] 16:50:46:20 capture=on(0.02s) onAir=off
[timecode] 16:50:47:20 capture=on(0.02s) onAir=off
[timecode] 16:50:48:20 capture=on(0.03s) onAir=off
[timecode] 16:50:49:21 capture=on(0.00s) onAir=off
[timecode] 16:50:50:21 capture=on(0.00s) onAir=off
[timecode] 16:50:51:21 capture=on(0.00s) onAir=off
[timecode] 16:50:52:21 capture=on(0.00s) onAir=off
[timecode] 16:50:53:21 capture=on(0.00s) onAir=off
[timecode] 16:50:54:21 capture=on(0.00s) onAir=off
[timecode] 16:50:55:21 capture=on(0.00s) onAir=off
[timecode] 16:50:56:21 capture=on(0.00s) onAir=off
[timecode] 16:50:57:21 capture=on(0.00s) onAir=off
[timecode] 16:50:58:21 capture=on(0.00s) onAir=off
[timecode] 16:50:59:21 capture=on(0.01s) onAir=off
[timecode] 16:51:00:21 capture=on(0.01s) onAir=off
[timecode] 16:51:01:21 capture=on(0.01s) onAir=off
[timecode] 16:51:02:21 capture=on(0.02s) onAir=off
[timecode] 16:51:03:21 capture=on(0.02s) onAir=off
[timecode] 16:51:04:21 capture=on(0.03s) onAir=off
[timecode] 16:51:05:22 capture=on(0.03s) onAir=off
[timecode] 16:51:06:22 capture=on(0.00s) onAir=off
[timecode] 16:51:07:22 capture=on(0.00s) onAir=off
[timecode] 16:51:08:22 capture=on(0.00s) onAir=off
[timecode] 16:51:09:22 capture=on(0.01s) onAir=off
[timecode] 16:51:10:22 capture=on(0.01s) onAir=off
[timecode] 16:51:11:22 capture=on(0.01s) onAir=off
[timecode] 16:51:12:22 capture=on(0.02s) onAir=off
[timecode] 16:51:13:23 capture=on(0.04s) onAir=off
[timecode] 16:51:14:23 capture=on(0.00s) onAir=off
[timecode] 16:51:15:23 capture=on(0.00s) onAir=off
[timecode] 16:51:16:23 capture=on(0.00s) onAir=off
[timecode] 16:51:17:23 capture=on(0.00s) onAir=off
[timecode] 16:51:18:23 capture=on(0.01s) onAir=off
[timecode] 16:51:19:23 capture=on(0.00s) onAir=off
[timecode] 16:51:20:23 capture=on(0.00s) onAir=off
[timecode] 16:51:21:23 capture=on(0.01s) onAir=off
[timecode] 16:51:22:23 capture=on(0.01s) onAir=off
[timecode] 16:51:23:23 capture=on(0.01s) onAir=off
[timecode] 16:51:24:23 capture=on(0.01s) onAir=off
[timecode] 16:51:25:23 capture=on(0.02s) onAir=off
[timecode] 16:51:26:23 capture=on(0.01s) onAir=off
[timecode] 16:51:27:23 capture=on(0.01s) onAir=off
[timecode] 16:51:28:23 capture=on(0.02s) onAir=off
[timecode] 16:51:29:23 capture=on(0.02s) onAir=off
[timecode] 16:51:30:23 capture=on(0.02s) onAir=off
[timecode] 16:51:31:23 capture=on(0.02s) onAir=off
[timecode] 16:51:32:24 capture=on(0.03s) onAir=off
[timecode] 16:51:33:24 capture=on(0.04s) onAir=off
[timecode] 16:51:34:24 capture=on(0.01s) onAir=off
[timecode] 16:51:35:24 capture=on(0.02s) onAir=off
[timecode] 16:51:36:24 capture=on(0.03s) onAir=off
[timecode] 16:51:38:00 capture=on(0.03s) onAir=off
[timecode] 16:51:39:00 capture=on(0.03s) onAir=off
[timecode] 16:51:40:00 capture=on(0.04s) onAir=off
[timecode] 16:51:41:00 capture=on(0.01s) onAir=off
[timecode] 16:51:42:00 capture=on(0.01s) onAir=off
[timecode] 16:51:43:00 capture=on(0.01s) onAir=off
[timecode] 16:51:44:00 capture=on(0.01s) onAir=off
[timecode] 16:51:45:00 capture=on(0.02s) onAir=off
[timecode] 16:51:46:00 capture=on(0.03s) onAir=off
[timecode] 16:51:47:00 capture=on(0.03s) onAir=off
[timecode] 16:51:48:00 capture=on(0.03s) onAir=off
[timecode] 16:51:49:01 capture=on(0.04s) onAir=off
[timecode] 16:51:50:01 capture=on(0.00s) onAir=off
[timecode] 16:51:51:01 capture=on(0.01s) onAir=off
[timecode] 16:51:52:01 capture=on(0.01s) onAir=off
[timecode] 16:51:53:01 capture=on(0.01s) onAir=off
[timecode] 16:51:54:01 capture=on(0.01s) onAir=off
[timecode] 16:51:55:01 capture=on(0.01s) onAir=off
[timecode] 16:51:56:01 capture=on(0.01s) onAir=off
[timecode] 16:51:57:01 capture=on(0.02s) onAir=off
[timecode] 16:51:58:02 capture=on(0.03s) onAir=off
[timecode] 16:51:59:02 capture=on(0.04s) onAir=off
[timecode] 16:52:00:02 capture=on(0.00s) onAir=off
[timecode] 16:52:01:02 capture=on(0.00s) onAir=off
[timecode] 16:52:02:02 capture=on(0.01s) onAir=off
[timecode] 16:52:03:02 capture=on(0.01s) onAir=off
[timecode] 16:52:04:02 capture=on(0.01s) onAir=off
[timecode] 16:52:05:02 capture=on(0.02s) onAir=off
[timecode] 16:52:06:03 capture=on(0.03s) onAir=off
[timecode] 16:52:07:03 capture=on(0.04s) onAir=off
[timecode] 16:52:08:03 capture=on(0.00s) onAir=off
[timecode] 16:52:09:03 capture=on(0.01s) onAir=off
[timecode] 16:52:10:03 capture=on(0.01s) onAir=off
[timecode] 16:52:11:03 capture=on(0.02s) onAir=off
[timecode] 16:52:12:04 capture=on(0.03s) onAir=off
[timecode] 16:52:13:04 capture=on(0.00s) onAir=off
[timecode] 16:52:14:04 capture=on(0.01s) onAir=off
[timecode] 16:52:15:04 capture=on(0.01s) onAir=off
[timecode] 16:52:16:04 capture=on(0.01s) onAir=off
[timecode] 16:52:17:04 capture=on(0.03s) onAir=off
[timecode] 16:52:18:05 capture=on(0.04s) onAir=off
[timecode] 16:52:19:05 capture=on(0.01s) onAir=off
[timecode] 16:52:20:05 capture=on(0.01s) onAir=off
[timecode] 16:52:21:05 capture=on(0.01s) onAir=off
[timecode] 16:52:22:05 capture=on(0.01s) onAir=off
[timecode] 16:52:23:05 capture=on(0.01s) onAir=off
[timecode] 16:52:24:05 capture=on(0.02s) onAir=off
[timecode] 16:52:25:06 capture=on(0.03s) onAir=off
[timecode] 16:52:26:06 capture=on(0.04s) onAir=off
[timecode] 16:52:27:06 capture=on(0.04s) onAir=off
[timecode] 16:52:28:06 capture=on(0.01s) onAir=off
[timecode] 16:52:29:06 capture=on(0.01s) onAir=off
[timecode] 16:52:30:06 capture=on(0.02s) onAir=off
[timecode] 16:52:31:07 capture=on(0.03s) onAir=off
[timecode] 16:52:32:07 capture=on(0.04s) onAir=off
[timecode] 16:52:33:07 capture=on(0.00s) onAir=off
[timecode] 16:52:34:07 capture=on(0.00s) onAir=off
[timecode] 16:52:35:07 capture=on(0.01s) onAir=off
[timecode] 16:52:36:07 capture=on(0.01s) onAir=off
[timecode] 16:52:37:07 capture=on(0.01s) onAir=off
[timecode] 16:52:38:07 capture=on(0.01s) onAir=off
[timecode] 16:52:39:07 capture=on(0.01s) onAir=off
[timecode] 16:52:40:07 capture=on(0.01s) onAir=off
[timecode] 16:52:41:07 capture=on(0.01s) onAir=off
[timecode] 16:52:42:07 capture=on(0.01s) onAir=off
[timecode] 16:52:43:07 capture=on(0.01s) onAir=off
[timecode] 16:52:44:07 capture=on(0.01s) onAir=off
[timecode] 16:52:45:07 capture=on(0.02s) onAir=off
[timecode] 16:52:46:08 capture=on(0.03s) onAir=off
[timecode] 16:52:47:08 capture=on(0.03s) onAir=off
[timecode] 16:52:48:08 capture=on(0.01s) onAir=off
[timecode] 16:52:49:08 capture=on(0.01s) onAir=off
[timecode] 16:52:50:08 capture=on(0.01s) onAir=off
[timecode] 16:52:51:08 capture=on(0.01s) onAir=off
[timecode] 16:52:52:08 capture=on(0.01s) onAir=off
[timecode] 16:52:53:08 capture=on(0.01s) onAir=off
[timecode] 16:52:54:08 capture=on(0.01s) onAir=off
[timecode] 16:52:55:08 capture=on(0.02s) onAir=off
[timecode] 16:52:56:09 capture=on(0.03s) onAir=off
[timecode] 16:52:57:09 capture=on(0.03s) onAir=off
[timecode] 16:52:58:09 capture=on(0.00s) onAir=off
[timecode] 16:52:59:09 capture=on(0.01s) onAir=off
[timecode] 16:53:00:09 capture=on(0.01s) onAir=off
[timecode] 16:53:01:09 capture=on(0.01s) onAir=off
[timecode] 16:53:02:09 capture=on(0.01s) onAir=off
[timecode] 16:53:03:09 capture=on(0.01s) onAir=off
[timecode] 16:53:04:09 capture=on(0.01s) onAir=off
[timecode] 16:53:05:09 capture=on(0.01s) onAir=off
[timecode] 16:53:06:09 capture=on(0.01s) onAir=off
[timecode] 16:53:07:09 capture=on(0.01s) onAir=off
[timecode] 16:53:08:09 capture=on(0.01s) onAir=off
[timecode] 16:53:09:10 capture=on(0.03s) onAir=off
[timecode] 16:53:10:10 capture=on(0.03s) onAir=off
[timecode] 16:53:11:10 capture=on(0.01s) onAir=off
[timecode] 16:53:12:10 capture=on(0.01s) onAir=off
[timecode] 16:53:13:10 capture=on(0.01s) onAir=off
[timecode] 16:53:14:10 capture=on(0.01s) onAir=off
[timecode] 16:53:15:10 capture=on(0.01s) onAir=off
[timecode] 16:53:16:10 capture=on(0.01s) onAir=off
[timecode] 16:53:17:10 capture=on(0.01s) onAir=off
[timecode] 16:53:18:10 capture=on(0.01s) onAir=off
[timecode] 16:53:19:11 capture=on(0.03s) onAir=off
[timecode] 16:53:20:11 capture=on(0.03s) onAir=off
[timecode] 16:53:21:11 capture=on(0.03s) onAir=off
[timecode] 16:53:22:11 capture=on(0.00s) onAir=off
[timecode] 16:53:23:11 capture=on(0.01s) onAir=off
[timecode] 16:53:24:11 capture=on(0.01s) onAir=off
[timecode] 16:53:25:11 capture=on(0.01s) onAir=off
[timecode] 16:53:26:11 capture=on(0.02s) onAir=off
[timecode] 16:53:27:11 capture=on(0.02s) onAir=off
[timecode] 16:53:28:11 capture=on(0.02s) onAir=off
[timecode] 16:53:29:11 capture=on(0.02s) onAir=off
[timecode] 16:53:30:12 capture=on(0.03s) onAir=off
[timecode] 16:53:31:12 capture=on(0.03s) onAir=off
[timecode] 16:53:32:12 capture=on(0.00s) onAir=off
[timecode] 16:53:33:12 capture=on(0.00s) onAir=off
[timecode] 16:53:34:12 capture=on(0.01s) onAir=off
[timecode] 16:53:35:12 capture=on(0.02s) onAir=off
[timecode] 16:53:36:12 capture=on(0.02s) onAir=off
[timecode] 16:53:37:13 capture=on(0.03s) onAir=off
[timecode] 16:53:38:13 capture=on(0.00s) onAir=off
[timecode] 16:53:39:13 capture=on(0.00s) onAir=off
[timecode] 16:53:40:13 capture=on(0.00s) onAir=off
[timecode] 16:53:41:13 capture=on(0.00s) onAir=off
[timecode] 16:53:42:13 capture=on(0.00s) onAir=off
[timecode] 16:53:43:13 capture=on(0.00s) onAir=off
[timecode] 16:53:44:13 capture=on(0.00s) onAir=off
[timecode] 16:53:45:13 capture=on(0.01s) onAir=off
[timecode] 16:53:46:13 capture=on(0.01s) onAir=off
[timecode] 16:53:47:14 capture=on(0.03s) onAir=off
[timecode] 16:53:48:14 capture=on(0.03s) onAir=off
[timecode] 16:53:49:14 capture=on(0.00s) onAir=off
[timecode] 16:53:50:14 capture=on(0.00s) onAir=off
[timecode] 16:53:51:14 capture=on(0.00s) onAir=off
[timecode] 16:53:52:14 capture=on(0.01s) onAir=off
[timecode] 16:53:53:14 capture=on(0.02s) onAir=off
[timecode] 16:53:54:15 capture=on(0.03s) onAir=off
[timecode] 16:53:55:15 capture=on(0.00s) onAir=off
[timecode] 16:53:56:15 capture=on(0.00s) onAir=off
[timecode] 16:53:57:15 capture=on(0.00s) onAir=off
[timecode] 16:53:58:15 capture=on(0.00s) onAir=off
[timecode] 16:53:59:15 capture=on(0.01s) onAir=off
[timecode] 16:54:00:15 capture=on(0.02s) onAir=off
[timecode] 16:54:01:16 capture=on(0.03s) onAir=off
[timecode] 16:54:02:16 capture=on(0.04s) onAir=off
[timecode] 16:54:03:16 capture=on(0.04s) onAir=off
[timecode] 16:54:04:16 capture=on(0.00s) onAir=off
[timecode] 16:54:05:16 capture=on(0.00s) onAir=off
[timecode] 16:54:06:16 capture=on(0.00s) onAir=off
[timecode] 16:54:07:16 capture=on(0.00s) onAir=off
[timecode] 16:54:08:16 capture=on(0.00s) onAir=off
[timecode] 16:54:09:16 capture=on(0.00s) onAir=off
[timecode] 16:54:10:16 capture=on(0.00s) onAir=off
[timecode] 16:54:11:16 capture=on(0.02s) onAir=off
[timecode] 16:54:12:17 capture=on(0.02s) onAir=off
[timecode] 16:54:13:17 capture=on(0.03s) onAir=off
[timecode] 16:54:14:17 capture=on(0.00s) onAir=off
[timecode] 16:54:15:17 capture=on(0.00s) onAir=off
[timecode] 16:54:16:17 capture=on(0.00s) onAir=off
[timecode] 16:54:17:17 capture=on(0.00s) onAir=off
[timecode] 16:54:18:17 capture=on(0.00s) onAir=off
[timecode] 16:54:19:17 capture=on(0.00s) onAir=off
[timecode] 16:54:20:17 capture=on(0.00s) onAir=off
[timecode] 16:54:21:17 capture=on(0.00s) onAir=off
[timecode] 16:54:22:17 capture=on(0.00s) onAir=off
[timecode] 16:54:23:17 capture=on(0.01s) onAir=off
[timecode] 16:54:24:17 capture=on(0.01s) onAir=off
[timecode] 16:54:25:17 capture=on(0.01s) onAir=off
[timecode] 16:54:26:18 capture=on(0.03s) onAir=off
[timecode] 16:54:27:18 capture=on(0.03s) onAir=off
[timecode] 16:54:28:18 capture=on(0.03s) onAir=off
[timecode] 16:54:29:18 capture=on(0.03s) onAir=off
[timecode] 16:54:30:18 capture=on(0.04s) onAir=off
[timecode] 16:54:31:18 capture=on(0.00s) onAir=off
[timecode] 16:54:32:18 capture=on(0.01s) onAir=off
[timecode] 16:54:33:18 capture=on(0.01s) onAir=off
[timecode] 16:54:34:18 capture=on(0.01s) onAir=off
[timecode] 16:54:35:18 capture=on(0.01s) onAir=off
[timecode] 16:54:36:18 capture=on(0.01s) onAir=off
[timecode] 16:54:37:18 capture=on(0.01s) onAir=off
[timecode] 16:54:38:19 capture=on(0.02s) onAir=off
[timecode] 16:54:39:19 capture=on(0.03s) onAir=off
[timecode] 16:54:40:19 capture=on(0.03s) onAir=off
[timecode] 16:54:41:19 capture=on(0.03s) onAir=off
[timecode] 16:54:42:19 capture=on(0.04s) onAir=off
[timecode] 16:54:43:19 capture=on(0.01s) onAir=off
[timecode] 16:54:44:19 capture=on(0.01s) onAir=off
[timecode] 16:54:45:19 capture=on(0.01s) onAir=off
[timecode] 16:54:46:19 capture=on(0.01s) onAir=off
[timecode] 16:54:47:19 capture=on(0.01s) onAir=off
[timecode] 16:54:48:19 capture=on(0.01s) onAir=off
[timecode] 16:54:49:19 capture=on(0.01s) onAir=off
[timecode] 16:54:50:20 capture=on(0.03s) onAir=off
[timecode] 16:54:51:20 capture=on(0.03s) onAir=off
[timecode] 16:54:52:20 capture=on(0.03s) onAir=off
[timecode] 16:54:53:20 capture=on(0.01s) onAir=off
[timecode] 16:54:54:20 capture=on(0.01s) onAir=off
[timecode] 16:54:55:20 capture=on(0.01s) onAir=off
[timecode] 16:54:56:21 capture=on(0.02s) onAir=off
[timecode] 16:54:57:21 capture=on(0.03s) onAir=off
[timecode] 16:54:58:21 capture=on(0.00s) onAir=off
[timecode] 16:54:59:21 capture=on(0.01s) onAir=off
[timecode] 16:55:00:21 capture=on(0.01s) onAir=off
[timecode] 16:55:01:21 capture=on(0.01s) onAir=off
[timecode] 16:55:02:22 capture=on(0.02s) onAir=off
[timecode] 16:55:03:22 capture=on(0.02s) onAir=off
[timecode] 16:55:04:22 capture=on(0.03s) onAir=off
[timecode] 16:55:05:22 capture=on(0.03s) onAir=off
[timecode] 16:55:06:22 capture=on(0.03s) onAir=off
[timecode] 16:55:07:22 capture=on(0.01s) onAir=off
[timecode] 16:55:08:22 capture=on(0.01s) onAir=off
[timecode] 16:55:09:22 capture=on(0.01s) onAir=off
[timecode] 16:55:10:22 capture=on(0.01s) onAir=off
[timecode] 16:55:11:22 capture=on(0.01s) onAir=off
[timecode] 16:55:12:22 capture=on(0.01s) onAir=off
[timecode] 16:55:13:23 capture=on(0.02s) onAir=off
[timecode] 16:55:14:23 capture=on(0.03s) onAir=off
[timecode] 16:55:15:23 capture=on(0.00s) onAir=off
[timecode] 16:55:16:23 capture=on(0.01s) onAir=off
[timecode] 16:55:17:23 capture=on(0.01s) onAir=off
[timecode] 16:55:18:23 capture=on(0.01s) onAir=off
[timecode] 16:55:19:23 capture=on(0.01s) onAir=off
[timecode] 16:55:20:24 capture=on(0.02s) onAir=off
[timecode] 16:55:21:24 capture=on(0.03s) onAir=off
[timecode] 16:55:22:24 capture=on(0.03s) onAir=off
[timecode] 16:55:23:24 capture=on(0.03s) onAir=off
[timecode] 16:55:24:24 capture=on(0.04s) onAir=off
[timecode] 16:55:25:24 capture=on(0.04s) onAir=off
[timecode] 16:55:26:24 capture=on(0.00s) onAir=off
[timecode] 16:55:27:24 capture=on(0.01s) onAir=off
[timecode] 16:55:28:24 capture=on(0.01s) onAir=off
[timecode] 16:55:30:00 capture=on(0.01s) onAir=off
[timecode] 16:55:31:00 capture=on(0.02s) onAir=off
[timecode] 16:55:32:00 capture=on(0.03s) onAir=off
[timecode] 16:55:33:00 capture=on(0.03s) onAir=off
[timecode] 16:55:34:00 capture=on(0.01s) onAir=off
[timecode] 16:55:35:00 capture=on(0.01s) onAir=off
[timecode] 16:55:36:00 capture=on(0.01s) onAir=off
[timecode] 16:55:37:00 capture=on(0.01s) onAir=off
[timecode] 16:55:38:01 capture=on(0.02s) onAir=off
[timecode] 16:55:39:01 capture=on(0.02s) onAir=off
[timecode] 16:55:40:01 capture=on(0.02s) onAir=off
[timecode] 16:55:41:01 capture=on(0.03s) onAir=off
[timecode] 16:55:42:01 capture=on(0.04s) onAir=off
[timecode] 16:55:43:01 capture=on(0.00s) onAir=off
[timecode] 16:55:44:01 capture=on(0.00s) onAir=off
[timecode] 16:55:45:01 capture=on(0.01s) onAir=off
[timecode] 16:55:46:01 capture=on(0.01s) onAir=off
[timecode] 16:55:47:01 capture=on(0.01s) onAir=off
[timecode] 16:55:48:01 capture=on(0.01s) onAir=off
[timecode] 16:55:49:02 capture=on(0.02s) onAir=off
[timecode] 16:55:50:02 capture=on(0.03s) onAir=off
[timecode] 16:55:51:02 capture=on(0.03s) onAir=off
[timecode] 16:55:52:02 capture=on(0.03s) onAir=off
[timecode] 16:55:53:02 capture=on(0.03s) onAir=off
[timecode] 16:55:54:02 capture=on(0.04s) onAir=off
[timecode] 16:55:55:02 capture=on(0.00s) onAir=off
[timecode] 16:55:56:02 capture=on(0.00s) onAir=off
[timecode] 16:55:57:02 capture=on(0.01s) onAir=off
[timecode] 16:55:58:02 capture=on(0.01s) onAir=off
[timecode] 16:55:59:02 capture=on(0.01s) onAir=off
[timecode] 16:56:00:02 capture=on(0.01s) onAir=off
[timecode] 16:56:01:03 capture=on(0.02s) onAir=off
[timecode] 16:56:02:03 capture=on(0.02s) onAir=off
[timecode] 16:56:03:03 capture=on(0.03s) onAir=off
[timecode] 16:56:04:03 capture=on(0.04s) onAir=off
[timecode] 16:56:05:03 capture=on(0.00s) onAir=off
[timecode] 16:56:06:03 capture=on(0.01s) onAir=off
[timecode] 16:56:07:04 capture=on(0.02s) onAir=off
[timecode] 16:56:08:04 capture=on(0.04s) onAir=off
[timecode] 16:56:09:04 capture=on(0.01s) onAir=off
[timecode] 16:56:10:04 capture=on(0.01s) onAir=off
[timecode] 16:56:11:04 capture=on(0.01s) onAir=off
[timecode] 16:56:12:04 capture=on(0.01s) onAir=off
[timecode] 16:56:13:04 capture=on(0.01s) onAir=off
[timecode] 16:56:14:04 capture=on(0.01s) onAir=off
[timecode] 16:56:15:04 capture=on(0.01s) onAir=off
[timecode] 16:56:16:04 capture=on(0.01s) onAir=off
[timecode] 16:56:17:04 capture=on(0.01s) onAir=off
[timecode] 16:56:18:04 capture=on(0.01s) onAir=off
[timecode] 16:56:19:04 capture=on(0.01s) onAir=off
[timecode] 16:56:20:05 capture=on(0.01s) onAir=off
[timecode] 16:56:21:05 capture=on(0.02s) onAir=off
[timecode] 16:56:22:05 capture=on(0.03s) onAir=off
[timecode] 16:56:23:05 capture=on(0.04s) onAir=off
[timecode] 16:56:24:05 capture=on(0.00s) onAir=off
[timecode] 16:56:25:05 capture=on(0.00s) onAir=off
[timecode] 16:56:26:05 capture=on(0.01s) onAir=off
[timecode] 16:56:27:05 capture=on(0.01s) onAir=off
[timecode] 16:56:28:05 capture=on(0.01s) onAir=off
[timecode] 16:56:29:06 capture=on(0.01s) onAir=off
[timecode] 16:56:30:06 capture=on(0.02s) onAir=off
[timecode] 16:56:31:06 capture=on(0.02s) onAir=off
[timecode] 16:56:32:06 capture=on(0.03s) onAir=off
[timecode] 16:56:33:06 capture=on(0.03s) onAir=off
[timecode] 16:56:34:06 capture=on(0.00s) onAir=off
[timecode] 16:56:35:06 capture=on(0.00s) onAir=off
[timecode] 16:56:36:07 capture=on(0.01s) onAir=off
[timecode] 16:56:37:07 capture=on(0.02s) onAir=off
[timecode] 16:56:38:07 capture=on(0.02s) onAir=off
[timecode] 16:56:39:07 capture=on(0.03s) onAir=off
[timecode] 16:56:40:07 capture=on(0.04s) onAir=off
[timecode] 16:56:41:07 capture=on(0.04s) onAir=off
[timecode] 16:56:42:07 capture=on(0.00s) onAir=off
[timecode] 16:56:43:07 capture=on(0.01s) onAir=off
[timecode] 16:56:44:07 capture=on(0.01s) onAir=off
[timecode] 16:56:45:07 capture=on(0.01s) onAir=off
[timecode] 16:56:46:08 capture=on(0.01s) onAir=off
[timecode] 16:56:47:08 capture=on(0.03s) onAir=off
[timecode] 16:56:48:08 capture=on(0.00s) onAir=off
[timecode] 16:56:49:08 capture=on(0.01s) onAir=off
[timecode] 16:56:50:08 capture=on(0.01s) onAir=off
[timecode] 16:56:51:09 capture=on(0.01s) onAir=off
[timecode] 16:56:52:09 capture=on(0.02s) onAir=off
[timecode] 16:56:53:09 capture=on(0.03s) onAir=off
[timecode] 16:56:54:09 capture=on(0.00s) onAir=off
[timecode] 16:56:55:09 capture=on(0.01s) onAir=off
[timecode] 16:56:56:09 capture=on(0.01s) onAir=off
[timecode] 16:56:57:10 capture=on(0.01s) onAir=off
[timecode] 16:56:58:10 capture=on(0.01s) onAir=off
[timecode] 16:56:59:10 capture=on(0.02s) onAir=off
[timecode] 16:57:00:10 capture=on(0.03s) onAir=off
[timecode] 16:57:01:10 capture=on(0.00s) onAir=off
[timecode] 16:57:02:10 capture=on(0.00s) onAir=off
[timecode] 16:57:03:10 capture=on(0.00s) onAir=off
[timecode] 16:57:04:10 capture=on(0.00s) onAir=off
[timecode] 16:57:05:10 capture=on(0.00s) onAir=off
[timecode] 16:57:06:10 capture=on(0.00s) onAir=off
[timecode] 16:57:07:10 capture=on(0.00s) onAir=off
[timecode] 16:57:08:11 capture=on(0.01s) onAir=off
[timecode] 16:57:09:11 capture=on(0.01s) onAir=off
[timecode] 16:57:10:11 capture=on(0.03s) onAir=off
[timecode] 16:57:11:11 capture=on(0.00s) onAir=off
[timecode] 16:57:12:11 capture=on(0.00s) onAir=off
[timecode] 16:57:13:11 capture=on(0.00s) onAir=off
[timecode] 16:57:14:11 capture=on(0.01s) onAir=off
[timecode] 16:57:15:11 capture=on(0.00s) onAir=off
[timecode] 16:57:16:11 capture=on(0.01s) onAir=off
[timecode] 16:57:17:12 capture=on(0.01s) onAir=off
[timecode] 16:57:18:12 capture=on(0.02s) onAir=off
[timecode] 16:57:19:12 capture=on(0.03s) onAir=off
[timecode] 16:57:20:12 capture=on(0.03s) onAir=off
[timecode] 16:57:21:12 capture=on(0.03s) onAir=off
[timecode] 16:57:22:12 capture=on(0.00s) onAir=off
[timecode] 16:57:23:12 capture=on(0.00s) onAir=off
[timecode] 16:57:24:12 capture=on(0.00s) onAir=off
[timecode] 16:57:25:12 capture=on(0.00s) onAir=off
[timecode] 16:57:26:12 capture=on(0.01s) onAir=off
[timecode] 16:57:27:13 capture=on(0.02s) onAir=off
[timecode] 16:57:28:13 capture=on(0.03s) onAir=off
[timecode] 16:57:29:13 capture=on(0.04s) onAir=off
[timecode] 16:57:30:13 capture=on(0.00s) onAir=off
[timecode] 16:57:31:13 capture=on(0.00s) onAir=off
[timecode] 16:57:32:13 capture=on(0.00s) onAir=off
[timecode] 16:57:33:13 capture=on(0.00s) onAir=off
[timecode] 16:57:34:13 capture=on(0.00s) onAir=off
[timecode] 16:57:35:13 capture=on(0.01s) onAir=off
[timecode] 16:57:36:14 capture=on(0.01s) onAir=off
[timecode] 16:57:37:14 capture=on(0.02s) onAir=off
[timecode] 16:57:38:14 capture=on(0.02s) onAir=off
[timecode] 16:57:39:14 capture=on(0.02s) onAir=off
[timecode] 16:57:40:14 capture=on(0.02s) onAir=off
[timecode] 16:57:41:14 capture=on(0.02s) onAir=off
[timecode] 16:57:42:14 capture=on(0.03s) onAir=off
[timecode] 16:57:43:14 capture=on(0.03s) onAir=off
[timecode] 16:57:44:14 capture=on(0.00s) onAir=off
[timecode] 16:57:45:14 capture=on(0.00s) onAir=off
[timecode] 16:57:46:14 capture=on(0.00s) onAir=off
[timecode] 16:57:47:14 capture=on(0.00s) onAir=off
[timecode] 16:57:48:14 capture=on(0.00s) onAir=off
[timecode] 16:57:49:14 capture=on(0.00s) onAir=off
[timecode] 16:57:50:14 capture=on(0.00s) onAir=off
[timecode] 16:57:51:14 capture=on(0.00s) onAir=off
[timecode] 16:57:52:14 capture=on(0.00s) onAir=off
[timecode] 16:57:53:15 capture=on(0.01s) onAir=off
[timecode] 16:57:54:15 capture=on(0.03s) onAir=off
[timecode] 16:57:55:15 capture=on(0.03s) onAir=off
[timecode] 16:57:56:15 capture=on(0.00s) onAir=off
[timecode] 16:57:57:15 capture=on(0.00s) onAir=off
[timecode] 16:57:58:15 capture=on(0.00s) onAir=off
[timecode] 16:57:59:15 capture=on(0.00s) onAir=off
[timecode] 16:58:00:15 capture=on(0.00s) onAir=off
[timecode] 16:58:01:16 capture=on(0.01s) onAir=off
[timecode] 16:58:02:16 capture=on(0.01s) onAir=off
[timecode] 16:58:03:16 capture=on(0.01s) onAir=off
[timecode] 16:58:04:16 capture=on(0.01s) onAir=off
[timecode] 16:58:05:16 capture=on(0.01s) onAir=off
[timecode] 16:58:06:16 capture=on(0.03s) onAir=off
[timecode] 16:58:07:16 capture=on(0.03s) onAir=off
[timecode] 16:58:08:16 capture=on(0.00s) onAir=off
[timecode] 16:58:09:16 capture=on(0.00s) onAir=off
[timecode] 16:58:10:16 capture=on(0.00s) onAir=off
[timecode] 16:58:11:17 capture=on(0.00s) onAir=off
[timecode] 16:58:12:17 capture=on(0.00s) onAir=off
[timecode] 16:58:13:17 capture=on(0.00s) onAir=off
[timecode] 16:58:14:17 capture=on(0.00s) onAir=off
[timecode] 16:58:15:17 capture=on(0.00s) onAir=off
[timecode] 16:58:16:17 capture=on(0.00s) onAir=off
[timecode] 16:58:17:17 capture=on(0.00s) onAir=off
[timecode] 16:58:18:17 capture=on(0.00s) onAir=off
[timecode] 16:58:19:16 capture=on(0.00s) onAir=off
[timecode] 16:58:20:17 capture=on(0.00s) onAir=off
[timecode] 16:58:21:17 capture=on(0.01s) onAir=off
[timecode] 16:58:22:17 capture=on(0.02s) onAir=off
[timecode] 16:58:23:17 capture=on(0.02s) onAir=off
[timecode] 16:58:24:17 capture=on(0.03s) onAir=off
[timecode] 16:58:25:17 capture=on(0.03s) onAir=off
[timecode] 16:58:26:18 capture=on(0.00s) onAir=off
[timecode] 16:58:27:18 capture=on(0.01s) onAir=off
[timecode] 16:58:28:18 capture=on(0.01s) onAir=off
[timecode] 16:58:29:18 capture=on(0.01s) onAir=off
[timecode] 16:58:30:18 capture=on(0.02s) onAir=off
[timecode] 16:58:31:18 capture=on(0.02s) onAir=off
[timecode] 16:58:32:18 capture=on(0.03s) onAir=off
[timecode] 16:58:33:18 capture=on(0.00s) onAir=off
[timecode] 16:58:34:19 capture=on(0.01s) onAir=off
[timecode] 16:58:35:19 capture=on(0.01s) onAir=off
[timecode] 16:58:36:19 capture=on(0.01s) onAir=off
[timecode] 16:58:37:19 capture=on(0.01s) onAir=off
[timecode] 16:58:38:19 capture=on(0.02s) onAir=off
[timecode] 16:58:39:19 capture=on(0.02s) onAir=off
[timecode] 16:58:40:19 capture=on(0.03s) onAir=off
[timecode] 16:58:41:19 capture=on(0.03s) onAir=off
[timecode] 16:58:42:19 capture=on(0.03s) onAir=off
[timecode] 16:58:43:20 capture=on(0.00s) onAir=off
[timecode] 16:58:44:20 capture=on(0.01s) onAir=off
[timecode] 16:58:45:20 capture=on(0.01s) onAir=off
[timecode] 16:58:46:20 capture=on(0.02s) onAir=off
[timecode] 16:58:47:20 capture=on(0.03s) onAir=off
[timecode] 16:58:48:20 capture=on(0.03s) onAir=off
[timecode] 16:58:49:20 capture=on(0.00s) onAir=off
[timecode] 16:58:50:20 capture=on(0.00s) onAir=off
[timecode] 16:58:51:21 capture=on(0.01s) onAir=off
[timecode] 16:58:52:21 capture=on(0.01s) onAir=off
[timecode] 16:58:53:21 capture=on(0.01s) onAir=off
[timecode] 16:58:54:21 capture=on(0.01s) onAir=off
[timecode] 16:58:55:21 capture=on(0.01s) onAir=off
[timecode] 16:58:56:21 capture=on(0.03s) onAir=off
[timecode] 16:58:57:22 capture=on(0.00s) onAir=off
[timecode] 16:58:58:22 capture=on(0.01s) onAir=off
[timecode] 16:58:59:22 capture=on(0.01s) onAir=off
[timecode] 16:59:00:22 capture=on(0.01s) onAir=off
[timecode] 16:59:01:22 capture=on(0.01s) onAir=off
[timecode] 16:59:02:22 capture=on(0.02s) onAir=off
[timecode] 16:59:03:22 capture=on(0.04s) onAir=off
[timecode] 16:59:04:22 capture=on(0.04s) onAir=off
[timecode] 16:59:05:23 capture=on(0.01s) onAir=off
[timecode] 16:59:06:23 capture=on(0.01s) onAir=off
[timecode] 16:59:07:23 capture=on(0.01s) onAir=off
[timecode] 16:59:08:23 capture=on(0.01s) onAir=off
[timecode] 16:59:09:23 capture=on(0.01s) onAir=off
[timecode] 16:59:10:23 capture=on(0.01s) onAir=off
[timecode] 16:59:11:23 capture=on(0.01s) onAir=off
[timecode] 16:59:12:23 capture=on(0.01s) onAir=off
[timecode] 16:59:13:23 capture=on(0.02s) onAir=off
[timecode] 16:59:14:23 capture=on(0.03s) onAir=off
[timecode] 16:59:15:23 capture=on(0.03s) onAir=off
[timecode] 16:59:16:23 capture=on(0.03s) onAir=off
[timecode] 16:59:17:23 capture=on(0.03s) onAir=off
[timecode] 16:59:18:23 capture=on(0.03s) onAir=off
[timecode] 16:59:19:24 capture=on(0.01s) onAir=off
[timecode] 16:59:20:24 capture=on(0.01s) onAir=off
[timecode] 16:59:21:24 capture=on(0.02s) onAir=off
[timecode] 16:59:22:24 capture=on(0.04s) onAir=off
[timecode] 16:59:24:00 capture=on(0.00s) onAir=off
[timecode] 16:59:25:00 capture=on(0.00s) onAir=off
[timecode] 16:59:26:00 capture=on(0.01s) onAir=off
[timecode] 16:59:27:00 capture=on(0.02s) onAir=off
[timecode] 16:59:28:00 capture=on(0.03s) onAir=off
[timecode] 16:59:29:00 capture=on(0.03s) onAir=off
[timecode] 16:59:30:01 capture=on(0.04s) onAir=off
[timecode] 16:59:31:01 capture=on(0.00s) onAir=off
[timecode] 16:59:32:01 capture=on(0.01s) onAir=off
[timecode] 16:59:33:01 capture=on(0.01s) onAir=off
[timecode] 16:59:34:01 capture=on(0.02s) onAir=off
[timecode] 16:59:35:01 capture=on(0.02s) onAir=off
[timecode] 16:59:36:01 capture=on(0.02s) onAir=off
[timecode] 16:59:37:01 capture=on(0.03s) onAir=off
[timecode] 16:59:38:01 capture=on(0.04s) onAir=off
[timecode] 16:59:39:02 capture=on(0.01s) onAir=off
[timecode] 16:59:40:02 capture=on(0.01s) onAir=off
[timecode] 16:59:41:02 capture=on(0.01s) onAir=off
[timecode] 16:59:42:02 capture=on(0.02s) onAir=off
[timecode] 16:59:43:02 capture=on(0.03s) onAir=off
[timecode] 16:59:44:02 capture=on(0.04s) onAir=off
[timecode] 16:59:45:03 capture=on(0.01s) onAir=off
[timecode] 16:59:46:03 capture=on(0.01s) onAir=off
[timecode] 16:59:47:03 capture=on(0.00s) onAir=off
[timecode] 16:59:48:03 capture=on(0.01s) onAir=off
[timecode] 16:59:49:03 capture=on(0.02s) onAir=off
[timecode] 16:59:50:03 capture=on(0.02s) onAir=off
[timecode] 16:59:51:03 capture=on(0.03s) onAir=off
[timecode] 16:59:52:04 capture=on(0.04s) onAir=off
[timecode] 16:59:53:04 capture=on(0.00s) onAir=off
[timecode] 16:59:54:04 capture=on(0.01s) onAir=off
[timecode] 16:59:55:04 capture=on(0.01s) onAir=off
[timecode] 16:59:56:04 capture=on(0.01s) onAir=off
[timecode] 16:59:57:04 capture=on(0.01s) onAir=off
[timecode] 16:59:58:04 capture=on(0.01s) onAir=off
[timecode] 16:59:59:04 capture=on(0.01s) onAir=off
[timecode] 17:00:00:04 capture=on(0.02s) onAir=off
[timecode] 17:00:01:04 capture=on(0.03s) onAir=off
[timecode] 17:00:02:04 capture=on(0.03s) onAir=off
[timecode] 17:00:03:04 capture=on(0.03s) onAir=off
[timecode] 17:00:04:05 capture=on(0.04s) onAir=off
[timecode] 17:00:05:05 capture=on(0.00s) onAir=off
[timecode] 17:00:06:05 capture=on(0.01s) onAir=off
[timecode] 17:00:07:05 capture=on(0.01s) onAir=off
[timecode] 17:00:08:05 capture=on(0.01s) onAir=off
[timecode] 17:00:09:05 capture=on(0.01s) onAir=off
[timecode] 17:00:10:05 capture=on(0.01s) onAir=off
[timecode] 17:00:11:05 capture=on(0.02s) onAir=off
[timecode] 17:00:12:05 capture=on(0.03s) onAir=off
[timecode] 17:00:13:06 capture=on(0.01s) onAir=off
[timecode] 17:00:14:06 capture=on(0.01s) onAir=off
[timecode] 17:00:15:06 capture=on(0.01s) onAir=off
[timecode] 17:00:16:06 capture=on(0.01s) onAir=off
[timecode] 17:00:17:06 capture=on(0.01s) onAir=off
[timecode] 17:00:18:06 capture=on(0.01s) onAir=off
[timecode] 17:00:19:06 capture=on(0.01s) onAir=off
[timecode] 17:00:20:06 capture=on(0.01s) onAir=off
[timecode] 17:00:21:06 capture=on(0.02s) onAir=off
[timecode] 17:00:22:06 capture=on(0.02s) onAir=off
[timecode] 17:00:23:06 capture=on(0.03s) onAir=off
[timecode] 17:00:24:07 capture=on(0.00s) onAir=off
[timecode] 17:00:25:07 capture=on(0.00s) onAir=off
[timecode] 17:00:26:07 capture=on(0.00s) onAir=off
[timecode] 17:00:27:07 capture=on(0.00s) onAir=off
[timecode] 17:00:28:07 capture=on(0.02s) onAir=off
[timecode] 17:00:29:07 capture=on(0.03s) onAir=off
[timecode] 17:00:30:08 capture=on(0.00s) onAir=off
[timecode] 17:00:31:08 capture=on(0.00s) onAir=off
[timecode] 17:00:32:08 capture=on(0.01s) onAir=off
[timecode] 17:00:33:08 capture=on(0.02s) onAir=off
[timecode] 17:00:34:08 capture=on(0.03s) onAir=off
[timecode] 17:00:35:09 capture=on(0.00s) onAir=off
[timecode] 17:00:36:09 capture=on(0.00s) onAir=off
[timecode] 17:00:37:09 capture=on(0.00s) onAir=off
[timecode] 17:00:38:09 capture=on(0.00s) onAir=off
[timecode] 17:00:39:09 capture=on(0.00s) onAir=off
[timecode] 17:00:40:09 capture=on(0.02s) onAir=off
[timecode] 17:00:41:09 capture=on(0.02s) onAir=off
[timecode] 17:00:42:09 capture=on(0.02s) onAir=off
[timecode] 17:00:43:09 capture=on(0.03s) onAir=off
[timecode] 17:00:44:09 capture=on(0.02s) onAir=off
[timecode] 17:00:45:09 capture=on(0.03s) onAir=off
[timecode] 17:00:46:10 capture=on(0.00s) onAir=off
[timecode] 17:00:47:10 capture=on(0.00s) onAir=off
[timecode] 17:00:48:10 capture=on(0.00s) onAir=off
[timecode] 17:00:49:10 capture=on(0.00s) onAir=off
[timecode] 17:00:50:10 capture=on(0.01s) onAir=off
[timecode] 17:00:51:10 capture=on(0.01s) onAir=off
[timecode] 17:00:52:10 capture=on(0.01s) onAir=off
[timecode] 17:00:53:10 capture=on(0.02s) onAir=off
[timecode] 17:00:54:10 capture=on(0.02s) onAir=off
[timecode] 17:00:55:10 capture=on(0.03s) onAir=off
[timecode] 17:00:56:11 capture=on(0.00s) onAir=off
[timecode] 17:00:57:11 capture=on(0.04s) onAir=off
[timecode] 17:00:58:11 capture=on(0.00s) onAir=off
[timecode] 17:00:59:11 capture=on(0.00s) onAir=off
[timecode] 17:01:00:11 capture=on(0.00s) onAir=off
[timecode] 17:01:01:11 capture=on(0.01s) onAir=off
[timecode] 17:01:02:11 capture=on(0.02s) onAir=off
[timecode] 17:01:03:11 capture=on(0.03s) onAir=off
[timecode] 17:01:04:12 capture=on(0.00s) onAir=off
[timecode] 17:01:05:12 capture=on(0.00s) onAir=off
[timecode] 17:01:06:12 capture=on(0.00s) onAir=off
[timecode] 17:01:07:12 capture=on(0.00s) onAir=off
[timecode] 17:01:08:12 capture=on(0.00s) onAir=off
[timecode] 17:01:09:12 capture=on(0.00s) onAir=off
[timecode] 17:01:10:12 capture=on(0.00s) onAir=off
[timecode] 17:01:11:12 capture=on(0.00s) onAir=off
[timecode] 17:01:12:12 capture=on(0.00s) onAir=off
[timecode] 17:01:13:12 capture=on(0.00s) onAir=off
[timecode] 17:01:14:12 capture=on(0.00s) onAir=off
[timecode] 17:01:15:12 capture=on(0.00s) onAir=off
[timecode] 17:01:16:12 capture=on(0.01s) onAir=off
[timecode] 17:01:17:12 capture=on(0.01s) onAir=off
[timecode] 17:01:18:12 capture=on(0.01s) onAir=off
[timecode] 17:01:19:12 capture=on(0.02s) onAir=off
[timecode] 17:01:20:13 capture=on(0.00s) onAir=off
[timecode] 17:01:21:13 capture=on(0.00s) onAir=off
[timecode] 17:01:22:13 capture=on(0.00s) onAir=off
[timecode] 17:01:23:13 capture=on(0.00s) onAir=off
[timecode] 17:01:24:13 capture=on(0.01s) onAir=off
[timecode] 17:01:25:13 capture=on(0.01s) onAir=off
[timecode] 17:01:26:13 capture=on(0.01s) onAir=off
[timecode] 17:01:27:13 capture=on(0.01s) onAir=off
[timecode] 17:01:28:13 capture=on(0.03s) onAir=off
[timecode] 17:01:29:14 capture=on(0.00s) onAir=off
[timecode] 17:01:30:14 capture=on(0.01s) onAir=off
[timecode] 17:01:31:14 capture=on(0.01s) onAir=off
[timecode] 17:01:32:14 capture=on(0.02s) onAir=off
[timecode] 17:01:33:14 capture=on(0.02s) onAir=off
[timecode] 17:01:34:14 capture=on(0.02s) onAir=off
[timecode] 17:01:35:15 capture=on(0.04s) onAir=off
[timecode] 17:01:36:15 capture=on(0.01s) onAir=off
[timecode] 17:01:37:15 capture=on(0.01s) onAir=off
[timecode] 17:01:38:15 capture=on(0.01s) onAir=off
[timecode] 17:01:39:15 capture=on(0.01s) onAir=off
[timecode] 17:01:40:15 capture=on(0.01s) onAir=off
[timecode] 17:01:41:15 capture=on(0.01s) onAir=off
[timecode] 17:01:42:15 capture=on(0.01s) onAir=off
[timecode] 17:01:43:15 capture=on(0.01s) onAir=off
[timecode] 17:01:44:15 capture=on(0.01s) onAir=off
[timecode] 17:01:45:15 capture=on(0.01s) onAir=off
[timecode] 17:01:46:15 capture=on(0.01s) onAir=off
[timecode] 17:01:47:15 capture=on(0.01s) onAir=off
[timecode] 17:01:48:15 capture=on(0.01s) onAir=off
[timecode] 17:01:49:15 capture=on(0.01s) onAir=off
[timecode] 17:01:50:15 capture=on(0.01s) onAir=off
[timecode] 17:01:51:15 capture=on(0.01s) onAir=off
[timecode] 17:01:52:15 capture=on(0.01s) onAir=off
[timecode] 17:01:53:15 capture=on(0.01s) onAir=off
[timecode] 17:01:54:15 capture=on(0.01s) onAir=off
[timecode] 17:01:55:15 capture=on(0.01s) onAir=off
[timecode] 17:01:56:15 capture=on(0.01s) onAir=off
[timecode] 17:01:57:15 capture=on(0.01s) onAir=off
[timecode] 17:01:58:15 capture=on(0.02s) onAir=off
[timecode] 17:01:59:16 capture=on(0.03s) onAir=off
[timecode] 17:02:00:16 capture=on(0.04s) onAir=off
[timecode] 17:02:01:16 capture=on(0.04s) onAir=off
[timecode] 17:02:02:16 capture=on(0.01s) onAir=off
[timecode] 17:02:03:16 capture=on(0.01s) onAir=off
[timecode] 17:02:04:16 capture=on(0.01s) onAir=off
[timecode] 17:02:05:16 capture=on(0.01s) onAir=off
[timecode] 17:02:06:16 capture=on(0.01s) onAir=off
[timecode] 17:02:07:16 capture=on(0.02s) onAir=off
[timecode] 17:02:08:17 capture=on(0.03s) onAir=off
[timecode] 17:02:09:17 capture=on(0.00s) onAir=off
[timecode] 17:02:10:17 capture=on(0.01s) onAir=off
[timecode] 17:02:11:17 capture=on(0.01s) onAir=off
[timecode] 17:02:12:17 capture=on(0.01s) onAir=off
[timecode] 17:02:13:17 capture=on(0.01s) onAir=off
[timecode] 17:02:14:17 capture=on(0.01s) onAir=off
[timecode] 17:02:15:17 capture=on(0.01s) onAir=off
[timecode] 17:02:16:17 capture=on(0.01s) onAir=off
[timecode] 17:02:17:17 capture=on(0.01s) onAir=off
[timecode] 17:02:18:17 capture=on(0.02s) onAir=off
[timecode] 17:02:19:17 capture=on(0.02s) onAir=off
[timecode] 17:02:20:18 capture=on(0.03s) onAir=off
[timecode] 17:02:21:18 capture=on(0.00s) onAir=off
[timecode] 17:02:22:18 capture=on(0.00s) onAir=off
[timecode] 17:02:23:18 capture=on(0.00s) onAir=off
[timecode] 17:02:24:18 capture=on(0.00s) onAir=off
[timecode] 17:02:25:18 capture=on(0.01s) onAir=off
[timecode] 17:02:26:18 capture=on(0.01s) onAir=off
[timecode] 17:02:27:18 capture=on(0.01s) onAir=off
[timecode] 17:02:28:18 capture=on(0.01s) onAir=off
[timecode] 17:02:29:18 capture=on(0.01s) onAir=off
[timecode] 17:02:30:18 capture=on(0.01s) onAir=off
[timecode] 17:02:31:18 capture=on(0.01s) onAir=off
[timecode] 17:02:32:18 capture=on(0.03s) onAir=off
[timecode] 17:02:33:19 capture=on(0.03s) onAir=off
[timecode] 17:02:34:19 capture=on(0.04s) onAir=off
[timecode] 17:02:35:19 capture=on(0.01s) onAir=off
[timecode] 17:02:36:19 capture=on(0.01s) onAir=off
[timecode] 17:02:37:19 capture=on(0.01s) onAir=off
[timecode] 17:02:38:19 capture=on(0.01s) onAir=off
[timecode] 17:02:39:19 capture=on(0.01s) onAir=off
[timecode] 17:02:40:19 capture=on(0.01s) onAir=off
[timecode] 17:02:41:19 capture=on(0.01s) onAir=off
[timecode] 17:02:42:19 capture=on(0.01s) onAir=off
[timecode] 17:02:43:19 capture=on(0.01s) onAir=off
[timecode] 17:02:44:19 capture=on(0.01s) onAir=off
[timecode] 17:02:45:19 capture=on(0.01s) onAir=off
[timecode] 17:02:46:19 capture=on(0.02s) onAir=off
[timecode] 17:02:47:20 capture=on(0.03s) onAir=off
[timecode] 17:02:48:20 capture=on(0.03s) onAir=off
[timecode] 17:02:49:20 capture=on(0.00s) onAir=off
[timecode] 17:02:50:20 capture=on(0.01s) onAir=off
[timecode] 17:02:51:20 capture=on(0.01s) onAir=off
[timecode] 17:02:52:20 capture=on(0.01s) onAir=off
[timecode] 17:02:53:20 capture=on(0.02s) onAir=off
[timecode] 17:02:54:21 capture=on(0.03s) onAir=off
[timecode] 17:02:55:21 capture=on(0.01s) onAir=off
[timecode] 17:02:56:21 capture=on(0.01s) onAir=off
[timecode] 17:02:57:21 capture=on(0.01s) onAir=off
[timecode] 17:02:58:21 capture=on(0.01s) onAir=off
[timecode] 17:02:59:21 capture=on(0.02s) onAir=off
[timecode] 17:03:00:22 capture=on(0.03s) onAir=off
[timecode] 17:03:01:22 capture=on(0.00s) onAir=off
[timecode] 17:03:02:22 capture=on(0.00s) onAir=off
[timecode] 17:03:03:22 capture=on(0.01s) onAir=off
[timecode] 17:03:04:22 capture=on(0.01s) onAir=off
[timecode] 17:03:05:22 capture=on(0.02s) onAir=off
[timecode] 17:03:06:22 capture=on(0.02s) onAir=off
[timecode] 17:03:07:22 capture=on(0.02s) onAir=off
[timecode] 17:03:08:23 capture=on(0.03s) onAir=off
[timecode] 17:03:09:23 capture=on(0.03s) onAir=off
[timecode] 17:03:10:23 capture=on(0.03s) onAir=off
[timecode] 17:03:11:23 capture=on(0.00s) onAir=off
[timecode] 17:03:12:23 capture=on(0.01s) onAir=off
[timecode] 17:03:13:23 capture=on(0.01s) onAir=off
[timecode] 17:03:14:23 capture=on(0.01s) onAir=off
[timecode] 17:03:15:23 capture=on(0.01s) onAir=off
[timecode] 17:03:16:23 capture=on(0.01s) onAir=off
[timecode] 17:03:17:23 capture=on(0.01s) onAir=off
[timecode] 17:03:18:23 capture=on(0.01s) onAir=off
[timecode] 17:03:19:24 capture=on(0.03s) onAir=off
[timecode] 17:03:20:24 capture=on(0.00s) onAir=off
[timecode] 17:03:21:24 capture=on(0.00s) onAir=off
[timecode] 17:03:22:24 capture=on(0.01s) onAir=off
[timecode] 17:03:23:24 capture=on(0.01s) onAir=off
[timecode] 17:03:24:24 capture=on(0.01s) onAir=off
[timecode] 17:03:25:24 capture=on(0.01s) onAir=off
[timecode] 17:03:26:24 capture=on(0.02s) onAir=off
[timecode] 17:03:28:00 capture=on(0.02s) onAir=off
[timecode] 17:03:29:00 capture=on(0.03s) onAir=off
[timecode] 17:03:30:00 capture=on(0.00s) onAir=off
[timecode] 17:03:31:00 capture=on(0.00s) onAir=off
[timecode] 17:03:32:00 capture=on(0.00s) onAir=off
[timecode] 17:03:33:00 capture=on(0.01s) onAir=off
[timecode] 17:03:34:00 capture=on(0.01s) onAir=off
[timecode] 17:03:35:00 capture=on(0.01s) onAir=off
[timecode] 17:03:36:00 capture=on(0.02s) onAir=off
[timecode] 17:03:37:01 capture=on(0.03s) onAir=off
[timecode] 17:03:38:01 capture=on(0.00s) onAir=off
[timecode] 17:03:39:01 capture=on(0.00s) onAir=off
[timecode] 17:03:40:01 capture=on(0.00s) onAir=off
[timecode] 17:03:41:01 capture=on(0.00s) onAir=off
[timecode] 17:03:42:01 capture=on(0.00s) onAir=off
[timecode] 17:03:43:01 capture=on(0.01s) onAir=off
[timecode] 17:03:44:01 capture=on(0.01s) onAir=off
[timecode] 17:03:45:01 capture=on(0.02s) onAir=off
[timecode] 17:03:46:02 capture=on(0.03s) onAir=off
[timecode] 17:03:47:02 capture=on(0.03s) onAir=off
[timecode] 17:03:48:02 capture=on(0.00s) onAir=off
[timecode] 17:03:49:02 capture=on(0.00s) onAir=off
[timecode] 17:03:50:02 capture=on(0.00s) onAir=off
[timecode] 17:03:51:02 capture=on(0.00s) onAir=off
[timecode] 17:03:52:02 capture=on(0.01s) onAir=off
[timecode] 17:03:53:02 capture=on(0.01s) onAir=off
[timecode] 17:03:54:02 capture=on(0.02s) onAir=off
[timecode] 17:03:55:02 capture=on(0.02s) onAir=off
[timecode] 17:03:56:03 capture=on(0.03s) onAir=off
[timecode] 17:03:57:03 capture=on(0.00s) onAir=off
[timecode] 17:03:58:03 capture=on(0.00s) onAir=off
[timecode] 17:03:59:03 capture=on(0.00s) onAir=off
[timecode] 17:04:00:03 capture=on(0.00s) onAir=off
[timecode] 17:04:01:03 capture=on(0.00s) onAir=off
[timecode] 17:04:02:03 capture=on(0.02s) onAir=off
[timecode] 17:04:03:03 capture=on(0.02s) onAir=off
[timecode] 17:04:04:04 capture=on(0.03s) onAir=off
[timecode] 17:04:05:04 capture=on(0.03s) onAir=off
[timecode] 17:04:06:04 capture=on(0.00s) onAir=off
[timecode] 17:04:07:04 capture=on(0.00s) onAir=off
[timecode] 17:04:08:04 capture=on(0.00s) onAir=off
[timecode] 17:04:09:04 capture=on(0.02s) onAir=off
[timecode] 17:04:10:05 capture=on(0.03s) onAir=off
[timecode] 17:04:11:05 capture=on(0.03s) onAir=off
[timecode] 17:04:12:05 capture=on(0.03s) onAir=off
[timecode] 17:04:13:05 capture=on(0.00s) onAir=off
[timecode] 17:04:14:05 capture=on(0.00s) onAir=off
[timecode] 17:04:15:05 capture=on(0.00s) onAir=off
[timecode] 17:04:16:05 capture=on(0.00s) onAir=off
[timecode] 17:04:17:05 capture=on(0.00s) onAir=off
[timecode] 17:04:18:05 capture=on(0.00s) onAir=off
[timecode] 17:04:19:05 capture=on(0.00s) onAir=off
[timecode] 17:04:20:05 capture=on(0.01s) onAir=off
[timecode] 17:04:21:06 capture=on(0.02s) onAir=off
[timecode] 17:04:22:06 capture=on(0.03s) onAir=off
[timecode] 17:04:23:06 capture=on(0.00s) onAir=off
[timecode] 17:04:24:06 capture=on(0.00s) onAir=off
[timecode] 17:04:25:06 capture=on(0.00s) onAir=off
[timecode] 17:04:26:06 capture=on(0.00s) onAir=off
[timecode] 17:04:27:06 capture=on(0.01s) onAir=off
[timecode] 17:04:28:06 capture=on(0.01s) onAir=off
[timecode] 17:04:29:06 capture=on(0.01s) onAir=off
[timecode] 17:04:30:06 capture=on(0.01s) onAir=off
[timecode] 17:04:31:07 capture=on(0.02s) onAir=off
[timecode] 17:04:32:07 capture=on(0.03s) onAir=off
[timecode] 17:04:33:07 capture=on(0.00s) onAir=off
[timecode] 17:04:34:07 capture=on(0.00s) onAir=off
[timecode] 17:04:35:07 capture=on(0.01s) onAir=off
[timecode] 17:04:36:07 capture=on(0.01s) onAir=off
[timecode] 17:04:37:08 capture=on(0.02s) onAir=off
[timecode] 17:04:38:08 capture=on(0.03s) onAir=off
[timecode] 17:04:39:08 capture=on(0.00s) onAir=off
[timecode] 17:04:40:08 capture=on(0.00s) onAir=off
[timecode] 17:04:41:08 capture=on(0.00s) onAir=off
[timecode] 17:04:42:08 capture=on(0.00s) onAir=off
[timecode] 17:04:43:08 capture=on(0.01s) onAir=off
[timecode] 17:04:44:08 capture=on(0.01s) onAir=off
[timecode] 17:04:45:08 capture=on(0.01s) onAir=off
[timecode] 17:04:46:09 capture=on(0.02s) onAir=off
[timecode] 17:04:47:09 capture=on(0.03s) onAir=off
[timecode] 17:04:48:09 capture=on(0.03s) onAir=off
[timecode] 17:04:49:09 capture=on(0.03s) onAir=off
[timecode] 17:04:50:09 capture=on(0.03s) onAir=off
[timecode] 17:04:51:09 capture=on(0.00s) onAir=off
[timecode] 17:04:52:09 capture=on(0.00s) onAir=off
[timecode] 17:04:53:09 capture=on(0.00s) onAir=off
[timecode] 17:04:54:09 capture=on(0.00s) onAir=off
[timecode] 17:04:55:09 capture=on(0.00s) onAir=off
[timecode] 17:04:56:09 capture=on(0.01s) onAir=off
[timecode] 17:04:57:10 capture=on(0.02s) onAir=off
[timecode] 17:04:58:10 capture=on(0.02s) onAir=off
[timecode] 17:04:59:10 capture=on(0.02s) onAir=off
[timecode] 17:05:00:10 capture=on(0.02s) onAir=off
[timecode] 17:05:01:10 capture=on(0.03s) onAir=off
[timecode] 17:05:02:10 capture=on(0.04s) onAir=off
[timecode] 17:05:03:10 capture=on(0.00s) onAir=off
[timecode] 17:05:04:10 capture=on(0.00s) onAir=off
[timecode] 17:05:05:10 capture=on(0.00s) onAir=off
[timecode] 17:05:06:10 capture=on(0.00s) onAir=off
[timecode] 17:05:07:10 capture=on(0.00s) onAir=off
[timecode] 17:05:08:10 capture=on(0.00s) onAir=off
[timecode] 17:05:09:10 capture=on(0.01s) onAir=off
[timecode] 17:05:10:11 capture=on(0.02s) onAir=off
[timecode] 17:05:11:11 capture=on(0.03s) onAir=off
[timecode] 17:05:12:11 capture=on(0.03s) onAir=off
[timecode] 17:05:13:11 capture=on(0.04s) onAir=off
[timecode] 17:05:14:11 capture=on(0.00s) onAir=off
[timecode] 17:05:15:11 capture=on(0.00s) onAir=off
[timecode] 17:05:16:11 capture=on(0.05s) onAir=off
[timecode] 17:05:17:11 capture=on(0.01s) onAir=off
[timecode] 17:05:18:11 capture=on(0.01s) onAir=off
[timecode] 17:05:19:11 capture=on(0.00s) onAir=off
[timecode] 17:05:20:11 capture=on(0.01s) onAir=off
[timecode] 17:05:21:11 capture=on(0.01s) onAir=off
[timecode] 17:05:22:12 capture=on(0.02s) onAir=off
[timecode] 17:05:23:12 capture=on(0.03s) onAir=off
[timecode] 17:05:24:12 capture=on(0.04s) onAir=off
[timecode] 17:05:25:12 capture=on(0.00s) onAir=off
[timecode] 17:05:26:12 capture=on(0.00s) onAir=off
[timecode] 17:05:27:12 capture=on(0.00s) onAir=off
[timecode] 17:05:28:12 capture=on(0.01s) onAir=off
[timecode] 17:05:29:12 capture=on(0.01s) onAir=off
[timecode] 17:05:30:12 capture=on(0.01s) onAir=off
[timecode] 17:05:31:13 capture=on(0.02s) onAir=off
[timecode] 17:05:32:13 capture=on(0.03s) onAir=off
[timecode] 17:05:33:13 capture=on(0.03s) onAir=off
[timecode] 17:05:34:13 capture=on(0.00s) onAir=off
[timecode] 17:05:35:13 capture=on(0.00s) onAir=off
[timecode] 17:05:36:13 capture=on(0.00s) onAir=off
[timecode] 17:05:37:13 capture=on(0.01s) onAir=off
[timecode] 17:05:38:13 capture=on(0.01s) onAir=off
[timecode] 17:05:39:13 capture=on(0.01s) onAir=off
[timecode] 17:05:40:14 capture=on(0.02s) onAir=off
[timecode] 17:05:41:14 capture=on(0.02s) onAir=off
[timecode] 17:05:42:14 capture=on(0.03s) onAir=off
[timecode] 17:05:43:14 capture=on(0.03s) onAir=off
[timecode] 17:05:44:14 capture=on(0.00s) onAir=off
[timecode] 17:05:45:14 capture=on(0.00s) onAir=off
[timecode] 17:05:46:14 capture=on(0.00s) onAir=off
[timecode] 17:05:47:14 capture=on(0.01s) onAir=off
[timecode] 17:05:48:14 capture=on(0.01s) onAir=off
[timecode] 17:05:49:15 capture=on(0.02s) onAir=off
[timecode] 17:05:50:15 capture=on(0.03s) onAir=off
[timecode] 17:05:51:15 capture=on(0.00s) onAir=off
[timecode] 17:05:52:15 capture=on(0.00s) onAir=off
[timecode] 17:05:53:15 capture=on(0.00s) onAir=off
[timecode] 17:05:54:15 capture=on(0.00s) onAir=off
[timecode] 17:05:55:16 capture=on(0.02s) onAir=off
[timecode] 17:05:56:16 capture=on(0.02s) onAir=off
[timecode] 17:05:57:16 capture=on(0.02s) onAir=off
[timecode] 17:05:58:16 capture=on(0.03s) onAir=off
[timecode] 17:05:59:16 capture=on(0.04s) onAir=off
[timecode] 17:06:00:16 capture=on(0.00s) onAir=off
[timecode] 17:06:01:16 capture=on(0.00s) onAir=off
[timecode] 17:06:02:16 capture=on(0.00s) onAir=off
[timecode] 17:06:03:16 capture=on(0.00s) onAir=off
[timecode] 17:06:04:17 capture=on(0.01s) onAir=off
[timecode] 17:06:05:17 capture=on(0.02s) onAir=off
[timecode] 17:06:06:17 capture=on(0.03s) onAir=off
[timecode] 17:06:07:17 capture=on(0.04s) onAir=off
[timecode] 17:06:08:17 capture=on(0.00s) onAir=off
[timecode] 17:06:09:17 capture=on(0.00s) onAir=off
[timecode] 17:06:10:17 capture=on(0.01s) onAir=off
[timecode] 17:06:11:17 capture=on(0.01s) onAir=off
[timecode] 17:06:12:18 capture=on(0.02s) onAir=off
[timecode] 17:06:13:18 capture=on(0.03s) onAir=off
[timecode] 17:06:14:18 capture=on(0.03s) onAir=off
[timecode] 17:06:15:18 capture=on(0.03s) onAir=off
[timecode] 17:06:16:18 capture=on(0.03s) onAir=off
[timecode] 17:06:17:18 capture=on(0.00s) onAir=off
[timecode] 17:06:18:18 capture=on(0.00s) onAir=off
[timecode] 17:06:19:18 capture=on(0.00s) onAir=off
[timecode] 17:06:20:18 capture=on(0.00s) onAir=off
[timecode] 17:06:21:18 capture=on(0.00s) onAir=off
[timecode] 17:06:22:18 capture=on(0.00s) onAir=off
[timecode] 17:06:23:18 capture=on(0.00s) onAir=off
[timecode] 17:06:24:18 capture=on(0.01s) onAir=off
[timecode] 17:06:25:19 capture=on(0.02s) onAir=off
[timecode] 17:06:26:19 capture=on(0.03s) onAir=off
[timecode] 17:06:27:19 capture=on(0.03s) onAir=off
[timecode] 17:06:28:19 capture=on(0.03s) onAir=off
[timecode] 17:06:29:19 capture=on(0.04s) onAir=off
[timecode] 17:06:30:19 capture=on(0.01s) onAir=off
[timecode] 17:06:31:19 capture=on(0.01s) onAir=off
[timecode] 17:06:32:19 capture=on(0.01s) onAir=off
[timecode] 17:06:33:19 capture=on(0.01s) onAir=off
[timecode] 17:06:34:19 capture=on(0.01s) onAir=off
[timecode] 17:06:35:20 capture=on(0.02s) onAir=off
[timecode] 17:06:36:20 capture=on(0.03s) onAir=off
[timecode] 17:06:37:20 capture=on(0.03s) onAir=off
[timecode] 17:06:38:20 capture=on(0.04s) onAir=off
[timecode] 17:06:39:20 capture=on(0.04s) onAir=off
[timecode] 17:06:40:20 capture=on(0.00s) onAir=off
[timecode] 17:06:41:20 capture=on(0.01s) onAir=off
[timecode] 17:06:42:20 capture=on(0.01s) onAir=off
[timecode] 17:06:43:20 capture=on(0.01s) onAir=off
[timecode] 17:06:44:20 capture=on(0.01s) onAir=off
[timecode] 17:06:45:20 capture=on(0.01s) onAir=off
[timecode] 17:06:46:21 capture=on(0.01s) onAir=off
[timecode] 17:06:47:21 capture=on(0.02s) onAir=off
[timecode] 17:06:48:21 capture=on(0.03s) onAir=off
[timecode] 17:06:49:21 capture=on(0.03s) onAir=off
[timecode] 17:06:50:21 capture=on(0.04s) onAir=off
[timecode] 17:06:51:21 capture=on(0.00s) onAir=off
[timecode] 17:06:52:21 capture=on(0.01s) onAir=off
[timecode] 17:06:53:21 capture=on(0.01s) onAir=off
[timecode] 17:06:54:21 capture=on(0.01s) onAir=off
[timecode] 17:06:55:21 capture=on(0.01s) onAir=off
[timecode] 17:06:56:21 capture=on(0.01s) onAir=off
[timecode] 17:06:57:22 capture=on(0.01s) onAir=off
[timecode] 17:06:58:22 capture=on(0.02s) onAir=off
[timecode] 17:06:59:22 capture=on(0.02s) onAir=off
[timecode] 17:07:00:22 capture=on(0.02s) onAir=off
[timecode] 17:07:01:22 capture=on(0.03s) onAir=off
[timecode] 17:07:02:22 capture=on(0.04s) onAir=off
[timecode] 17:07:03:22 capture=on(0.01s) onAir=off
[timecode] 17:07:04:22 capture=on(0.01s) onAir=off
[timecode] 17:07:05:23 capture=on(0.02s) onAir=off
[timecode] 17:07:06:23 capture=on(0.02s) onAir=off
[timecode] 17:07:07:23 capture=on(0.03s) onAir=off
[timecode] 17:07:08:23 capture=on(0.03s) onAir=off
[timecode] 17:07:09:23 capture=on(0.01s) onAir=off
[timecode] 17:07:10:23 capture=on(0.01s) onAir=off
[timecode] 17:07:11:23 capture=on(0.01s) onAir=off
[timecode] 17:07:12:24 capture=on(0.01s) onAir=off
[timecode] 17:07:13:24 capture=on(0.03s) onAir=off
[timecode] 17:07:14:24 capture=on(0.04s) onAir=off
[timecode] 17:07:15:24 capture=on(0.01s) onAir=off
[timecode] 17:07:16:24 capture=on(0.01s) onAir=off
[timecode] 17:07:17:24 capture=on(0.01s) onAir=off
[timecode] 17:07:18:24 capture=on(0.01s) onAir=off
[timecode] 17:07:19:24 capture=on(0.01s) onAir=off
[timecode] 17:07:20:24 capture=on(0.01s) onAir=off
[timecode] 17:07:22:00 capture=on(0.01s) onAir=off
[timecode] 17:07:23:00 capture=on(0.02s) onAir=off
[timecode] 17:07:24:00 capture=on(0.01s) onAir=off
[timecode] 17:07:25:00 capture=on(0.01s) onAir=off
[timecode] 17:07:26:00 capture=on(0.01s) onAir=off
[timecode] 17:07:27:00 capture=on(0.01s) onAir=off
[timecode] 17:07:28:00 capture=on(0.02s) onAir=off
[timecode] 17:07:29:00 capture=on(0.02s) onAir=off
[timecode] 17:07:30:00 capture=on(0.02s) onAir=off
[timecode] 17:07:31:00 capture=on(0.02s) onAir=off
[timecode] 17:07:32:00 capture=on(0.04s) onAir=off
[timecode] 17:07:33:00 capture=on(0.01s) onAir=off
[timecode] 17:07:34:01 capture=on(0.01s) onAir=off
[timecode] 17:07:35:01 capture=on(0.02s) onAir=off
[timecode] 17:07:36:01 capture=on(0.03s) onAir=off
[timecode] 17:07:37:01 capture=on(0.03s) onAir=off
[timecode] 17:07:38:01 capture=on(0.00s) onAir=off
[timecode] 17:07:39:01 capture=on(0.00s) onAir=off
[timecode] 17:07:40:01 capture=on(0.00s) onAir=off
[timecode] 17:07:41:01 capture=on(0.00s) onAir=off
[timecode] 17:07:42:01 capture=on(0.01s) onAir=off
[timecode] 17:07:43:01 capture=on(0.01s) onAir=off
[timecode] 17:07:44:02 capture=on(0.01s) onAir=off
[timecode] 17:07:45:02 capture=on(0.01s) onAir=off
[timecode] 17:07:46:02 capture=on(0.01s) onAir=off
[timecode] 17:07:47:02 capture=on(0.02s) onAir=off
[timecode] 17:07:48:02 capture=on(0.03s) onAir=off
[timecode] 17:07:49:02 capture=on(0.00s) onAir=off
[timecode] 17:07:50:02 capture=on(0.00s) onAir=off
[timecode] 17:07:51:02 capture=on(0.00s) onAir=off
[timecode] 17:07:52:02 capture=on(0.01s) onAir=off
[timecode] 17:07:53:03 capture=on(0.02s) onAir=off
[timecode] 17:07:54:03 capture=on(0.02s) onAir=off
[timecode] 17:07:55:03 capture=on(0.03s) onAir=off
[timecode] 17:07:56:03 capture=on(0.03s) onAir=off
[timecode] 17:07:57:03 capture=on(0.00s) onAir=off
[timecode] 17:07:58:04 capture=on(0.01s) onAir=off
[timecode] 17:07:59:04 capture=on(0.02s) onAir=off
[timecode] 17:08:00:04 capture=on(0.02s) onAir=off
[timecode] 17:08:01:04 capture=on(0.03s) onAir=off
[timecode] 17:08:02:04 capture=on(0.00s) onAir=off
[timecode] 17:08:03:04 capture=on(0.01s) onAir=off
[timecode] 17:08:04:04 capture=on(0.01s) onAir=off
[timecode] 17:08:05:04 capture=on(0.01s) onAir=off
[timecode] 17:08:06:04 capture=on(0.00s) onAir=off
[timecode] 17:08:07:04 capture=on(0.00s) onAir=off
[timecode] 17:08:08:05 capture=on(0.01s) onAir=off
[timecode] 17:08:09:05 capture=on(0.01s) onAir=off
[timecode] 17:08:10:05 capture=on(0.01s) onAir=off
[timecode] 17:08:11:05 capture=on(0.02s) onAir=off
[timecode] 17:08:12:05 capture=on(0.02s) onAir=off
[timecode] 17:08:13:05 capture=on(0.02s) onAir=off
[timecode] 17:08:14:05 capture=on(0.03s) onAir=off
[timecode] 17:08:15:05 capture=on(0.00s) onAir=off
[timecode] 17:08:16:05 capture=on(0.00s) onAir=off
[timecode] 17:08:17:05 capture=on(0.00s) onAir=off
[timecode] 17:08:18:05 capture=on(0.00s) onAir=off
[timecode] 17:08:19:05 capture=on(0.00s) onAir=off
[timecode] 17:08:20:06 capture=on(0.01s) onAir=off
[timecode] 17:08:21:06 capture=on(0.01s) onAir=off
[timecode] 17:08:22:06 capture=on(0.01s) onAir=off
[timecode] 17:08:23:06 capture=on(0.01s) onAir=off
[timecode] 17:08:24:06 capture=on(0.01s) onAir=off
[timecode] 17:08:25:06 capture=on(0.03s) onAir=off
[timecode] 17:08:26:06 capture=on(0.04s) onAir=off
[timecode] 17:08:27:07 capture=on(0.01s) onAir=off
[timecode] 17:08:28:07 capture=on(0.01s) onAir=off
[timecode] 17:08:29:07 capture=on(0.01s) onAir=off
[timecode] 17:08:30:07 capture=on(0.01s) onAir=off
[timecode] 17:08:31:07 capture=on(0.03s) onAir=off
[timecode] 17:08:32:07 capture=on(0.04s) onAir=off
[timecode] 17:08:33:07 capture=on(0.04s) onAir=off
[timecode] 17:08:34:08 capture=on(0.01s) onAir=off
[timecode] 17:08:35:08 capture=on(0.02s) onAir=off
[timecode] 17:08:36:08 capture=on(0.03s) onAir=off
[timecode] 17:08:37:08 capture=on(0.03s) onAir=off
[timecode] 17:08:38:08 capture=on(0.03s) onAir=off
[timecode] 17:08:39:08 capture=on(0.03s) onAir=off
[timecode] 17:08:40:08 capture=on(0.04s) onAir=off
[timecode] 17:08:41:09 capture=on(0.00s) onAir=off
[timecode] 17:08:42:09 capture=on(0.01s) onAir=off
[timecode] 17:08:43:09 capture=on(0.02s) onAir=off
[timecode] 17:08:44:09 capture=on(0.03s) onAir=off
[timecode] 17:08:45:09 capture=on(0.04s) onAir=off
[timecode] 17:08:46:09 capture=on(0.00s) onAir=off
[timecode] 17:08:47:10 capture=on(0.01s) onAir=off
[timecode] 17:08:48:10 capture=on(0.01s) onAir=off
[timecode] 17:08:49:10 capture=on(0.01s) onAir=off
[timecode] 17:08:50:10 capture=on(0.01s) onAir=off
[timecode] 17:08:51:10 capture=on(0.03s) onAir=off
[timecode] 17:08:52:10 capture=on(0.03s) onAir=off
[timecode] 17:08:53:10 capture=on(0.04s) onAir=off
[timecode] 17:08:54:10 capture=on(0.04s) onAir=off
[timecode] 17:08:55:10 capture=on(0.04s) onAir=off
[timecode] 17:08:56:10 capture=on(0.00s) onAir=off
[timecode] 17:08:57:11 capture=on(0.01s) onAir=off
[timecode] 17:08:58:11 capture=on(0.02s) onAir=off
[timecode] 17:08:59:11 capture=on(0.03s) onAir=off
[timecode] 17:09:00:11 capture=on(0.03s) onAir=off
[timecode] 17:09:01:12 capture=on(0.00s) onAir=off
[timecode] 17:09:02:12 capture=on(0.01s) onAir=off
[timecode] 17:09:03:12 capture=on(0.01s) onAir=off
[timecode] 17:09:04:12 capture=on(0.02s) onAir=off
[timecode] 17:09:05:12 capture=on(0.02s) onAir=off
[timecode] 17:09:06:12 capture=on(0.03s) onAir=off
[timecode] 17:09:07:12 capture=on(0.03s) onAir=off
[timecode] 17:09:08:12 capture=on(0.04s) onAir=off
[timecode] 17:09:09:13 capture=on(0.01s) onAir=off
[timecode] 17:09:10:13 capture=on(0.01s) onAir=off
[timecode] 17:09:11:13 capture=on(0.01s) onAir=off
[timecode] 17:09:12:13 capture=on(0.03s) onAir=off
[timecode] 17:09:13:13 capture=on(0.04s) onAir=off
[timecode] 17:09:14:14 capture=on(0.01s) onAir=off
[timecode] 17:09:15:14 capture=on(0.01s) onAir=off
[timecode] 17:09:16:14 capture=on(0.01s) onAir=off
[timecode] 17:09:17:14 capture=on(0.01s) onAir=off
[timecode] 17:09:18:14 capture=on(0.01s) onAir=off
[timecode] 17:09:19:14 capture=on(0.02s) onAir=off
[timecode] 17:09:20:14 capture=on(0.02s) onAir=off
[timecode] 17:09:21:14 capture=on(0.03s) onAir=off
[timecode] 17:09:22:15 capture=on(0.00s) onAir=off
[timecode] 17:09:23:15 capture=on(0.01s) onAir=off
[timecode] 17:09:24:15 capture=on(0.01s) onAir=off
[timecode] 17:09:25:15 capture=on(0.01s) onAir=off
[timecode] 17:09:26:15 capture=on(0.01s) onAir=off
[timecode] 17:09:27:15 capture=on(0.01s) onAir=off
[timecode] 17:09:28:15 capture=on(0.01s) onAir=off
[timecode] 17:09:29:15 capture=on(0.03s) onAir=off
[timecode] 17:09:30:15 capture=on(0.03s) onAir=off
[timecode] 17:09:31:15 capture=on(0.03s) onAir=off
[timecode] 17:09:32:15 capture=on(0.04s) onAir=off
[timecode] 17:09:33:16 capture=on(0.01s) onAir=off
[timecode] 17:09:34:16 capture=on(0.01s) onAir=off
[timecode] 17:09:35:16 capture=on(0.01s) onAir=off
[timecode] 17:09:36:16 capture=on(0.01s) onAir=off
[timecode] 17:09:37:16 capture=on(0.01s) onAir=off
[timecode] 17:09:38:16 capture=on(0.02s) onAir=off
[timecode] 17:09:39:16 capture=on(0.02s) onAir=off
[timecode] 17:09:40:16 capture=on(0.03s) onAir=off
[timecode] 17:09:41:17 capture=on(0.01s) onAir=off
[timecode] 17:09:42:17 capture=on(0.01s) onAir=off
[timecode] 17:09:43:17 capture=on(0.01s) onAir=off
[timecode] 17:09:44:17 capture=on(0.03s) onAir=off
[timecode] 17:09:45:17 capture=on(0.04s) onAir=off
[timecode] 17:09:46:18 capture=on(0.01s) onAir=off
[timecode] 17:09:47:18 capture=on(0.01s) onAir=off
[timecode] 17:09:48:18 capture=on(0.01s) onAir=off
[timecode] 17:09:49:18 capture=on(0.01s) onAir=off
[timecode] 17:09:50:18 capture=on(0.01s) onAir=off
[timecode] 17:09:51:18 capture=on(0.02s) onAir=off
[timecode] 17:09:52:18 capture=on(0.03s) onAir=off
[timecode] 17:09:53:18 capture=on(0.04s) onAir=off
[timecode] 17:09:54:19 capture=on(0.01s) onAir=off
[timecode] 17:09:55:19 capture=on(0.01s) onAir=off
[timecode] 17:09:56:19 capture=on(0.01s) onAir=off
[timecode] 17:09:57:19 capture=on(0.01s) onAir=off
[timecode] 17:09:58:19 capture=on(0.01s) onAir=off
[timecode] 17:09:59:19 capture=on(0.01s) onAir=off
[timecode] 17:10:00:19 capture=on(0.02s) onAir=off
[timecode] 17:10:01:19 capture=on(0.03s) onAir=off
[timecode] 17:10:02:20 capture=on(0.00s) onAir=off
[timecode] 17:10:03:20 capture=on(0.04s) onAir=off
[timecode] 17:10:04:20 capture=on(0.01s) onAir=off
[timecode] 17:10:05:20 capture=on(0.01s) onAir=off
[timecode] 17:10:06:20 capture=on(0.01s) onAir=off
[timecode] 17:10:07:20 capture=on(0.01s) onAir=off
[timecode] 17:10:08:20 capture=on(0.01s) onAir=off
[timecode] 17:10:09:20 capture=on(0.01s) onAir=off
[timecode] 17:10:10:20 capture=on(0.02s) onAir=off
[timecode] 17:10:11:20 capture=on(0.03s) onAir=off
[timecode] 17:10:12:21 capture=on(0.00s) onAir=off
[timecode] 17:10:13:21 capture=on(0.01s) onAir=off
[timecode] 17:10:14:21 capture=on(0.01s) onAir=off
[timecode] 17:10:15:21 capture=on(0.01s) onAir=off
[timecode] 17:10:16:21 capture=on(0.01s) onAir=off
[timecode] 17:10:17:21 capture=on(0.01s) onAir=off
[timecode] 17:10:18:21 capture=on(0.00s) onAir=off
[timecode] 17:10:19:21 capture=on(0.01s) onAir=off
[timecode] 17:10:20:21 capture=on(0.02s) onAir=off
[timecode] 17:10:21:21 capture=on(0.03s) onAir=off
[timecode] 17:10:22:21 capture=on(0.03s) onAir=off
[timecode] 17:10:23:22 capture=on(0.04s) onAir=off
[timecode] 17:10:24:22 capture=on(0.00s) onAir=off
[timecode] 17:10:25:22 capture=on(0.01s) onAir=off
[timecode] 17:10:26:22 capture=on(0.01s) onAir=off
[timecode] 17:10:27:22 capture=on(0.01s) onAir=off
[timecode] 17:10:28:22 capture=on(0.01s) onAir=off
[timecode] 17:10:29:22 capture=on(0.01s) onAir=off
[timecode] 17:10:30:22 capture=on(0.01s) onAir=off
[timecode] 17:10:31:22 capture=on(0.02s) onAir=off
[timecode] 17:10:32:22 capture=on(0.02s) onAir=off
[timecode] 17:10:33:22 capture=on(0.02s) onAir=off
[timecode] 17:10:34:23 capture=on(0.04s) onAir=off
[timecode] 17:10:35:23 capture=on(0.04s) onAir=off
[timecode] 17:10:36:23 capture=on(0.00s) onAir=off
[timecode] 17:10:37:23 capture=on(0.01s) onAir=off
[timecode] 17:10:38:23 capture=on(0.01s) onAir=off
[timecode] 17:10:39:23 capture=on(0.01s) onAir=off
[timecode] 17:10:40:23 capture=on(0.02s) onAir=off
[timecode] 17:10:41:24 capture=on(0.04s) onAir=off
[timecode] 17:10:42:24 capture=on(0.00s) onAir=off
[timecode] 17:10:43:24 capture=on(0.01s) onAir=off
[timecode] 17:10:44:24 capture=on(0.01s) onAir=off
[timecode] 17:10:45:24 capture=on(0.01s) onAir=off
[timecode] 17:10:46:24 capture=on(0.02s) onAir=off
[timecode] 17:10:47:24 capture=on(0.03s) onAir=off
[timecode] 17:10:49:00 capture=on(0.04s) onAir=off
[timecode] 17:10:50:00 capture=on(0.00s) onAir=off
[timecode] 17:10:51:00 capture=on(0.00s) onAir=off
[timecode] 17:10:52:00 capture=on(0.01s) onAir=off
[timecode] 17:10:53:00 capture=on(0.01s) onAir=off
[timecode] 17:10:54:00 capture=on(0.01s) onAir=off
[timecode] 17:10:55:00 capture=on(0.01s) onAir=off
[timecode] 17:10:56:00 capture=on(0.03s) onAir=off
[timecode] 17:10:57:00 capture=on(0.03s) onAir=off
[timecode] 17:10:58:01 capture=on(0.04s) onAir=off
[timecode] 17:10:59:01 capture=on(0.00s) onAir=off
[timecode] 17:11:00:01 capture=on(0.01s) onAir=off
[timecode] 17:11:01:01 capture=on(0.01s) onAir=off
[timecode] 17:11:02:01 capture=on(0.01s) onAir=off
[timecode] 17:11:03:01 capture=on(0.02s) onAir=off
[timecode] 17:11:04:01 capture=on(0.03s) onAir=off
[timecode] 17:11:05:02 capture=on(0.04s) onAir=off
[timecode] 17:11:06:02 capture=on(0.01s) onAir=off
[timecode] 17:11:07:02 capture=on(0.01s) onAir=off
[timecode] 17:11:08:02 capture=on(0.01s) onAir=off
[timecode] 17:11:09:02 capture=on(0.01s) onAir=off
[timecode] 17:11:10:02 capture=on(0.02s) onAir=off
[timecode] 17:11:11:03 capture=on(0.04s) onAir=off
[timecode] 17:11:12:03 capture=on(0.00s) onAir=off
[timecode] 17:11:13:03 capture=on(0.01s) onAir=off
[timecode] 17:11:14:03 capture=on(0.01s) onAir=off
[timecode] 17:11:15:03 capture=on(0.01s) onAir=off
[timecode] 17:11:16:03 capture=on(0.02s) onAir=off
[timecode] 17:11:17:04 capture=on(0.04s) onAir=off
[timecode] 17:11:18:04 capture=on(0.00s) onAir=off
[timecode] 17:11:19:04 capture=on(0.01s) onAir=off
[timecode] 17:11:20:04 capture=on(0.01s) onAir=off
[timecode] 17:11:21:04 capture=on(0.01s) onAir=off
[timecode] 17:11:22:04 capture=on(0.02s) onAir=off
[timecode] 17:11:23:04 capture=on(0.03s) onAir=off
[timecode] 17:11:24:05 capture=on(0.01s) onAir=off
[timecode] 17:11:25:05 capture=on(0.01s) onAir=off
[timecode] 17:11:26:05 capture=on(0.02s) onAir=off
[timecode] 17:11:27:05 capture=on(0.02s) onAir=off
[timecode] 17:11:28:05 capture=on(0.02s) onAir=off
[timecode] 17:11:29:05 capture=on(0.03s) onAir=off
[timecode] 17:11:30:06 capture=on(0.00s) onAir=off
[timecode] 17:11:31:06 capture=on(0.00s) onAir=off
[timecode] 17:11:32:06 capture=on(0.01s) onAir=off
[timecode] 17:11:33:06 capture=on(0.01s) onAir=off
[timecode] 17:11:34:06 capture=on(0.01s) onAir=off
[timecode] 17:11:35:06 capture=on(0.01s) onAir=off
[timecode] 17:11:36:06 capture=on(0.01s) onAir=off
[timecode] 17:11:37:06 capture=on(0.01s) onAir=off
[timecode] 17:11:38:06 capture=on(0.01s) onAir=off
[timecode] 17:11:39:06 capture=on(0.01s) onAir=off
[timecode] 17:11:40:06 capture=on(0.01s) onAir=off
[timecode] 17:11:41:06 capture=on(0.01s) onAir=off
[timecode] 17:11:42:06 capture=on(0.02s) onAir=off
[timecode] 17:11:43:06 capture=on(0.03s) onAir=off
[timecode] 17:11:44:07 capture=on(0.00s) onAir=off
[timecode] 17:11:45:07 capture=on(0.01s) onAir=off
[timecode] 17:11:46:07 capture=on(0.01s) onAir=off
[timecode] 17:11:47:07 capture=on(0.01s) onAir=off
[timecode] 17:11:48:07 capture=on(0.02s) onAir=off
[timecode] 17:11:49:07 capture=on(0.02s) onAir=off
[timecode] 17:11:50:07 capture=on(0.02s) onAir=off
[timecode] 17:11:51:07 capture=on(0.03s) onAir=off
[timecode] 17:11:52:08 capture=on(0.03s) onAir=off
[timecode] 17:11:53:08 capture=on(0.00s) onAir=off
[timecode] 17:11:54:08 capture=on(0.01s) onAir=off
[timecode] 17:11:55:08 capture=on(0.01s) onAir=off
[timecode] 17:11:56:08 capture=on(0.01s) onAir=off
[timecode] 17:11:57:08 capture=on(0.01s) onAir=off
[timecode] 17:11:58:08 capture=on(0.02s) onAir=off
[timecode] 17:11:59:09 capture=on(0.04s) onAir=off
[timecode] 17:12:00:09 capture=on(0.01s) onAir=off
[timecode] 17:12:01:09 capture=on(0.00s) onAir=off
[timecode] 17:12:02:09 capture=on(0.01s) onAir=off
[timecode] 17:12:03:09 capture=on(0.01s) onAir=off
[timecode] 17:12:04:09 capture=on(0.01s) onAir=off
[timecode] 17:12:05:09 capture=on(0.02s) onAir=off
[timecode] 17:12:06:10 capture=on(0.03s) onAir=off
[timecode] 17:12:07:10 capture=on(0.00s) onAir=off
[timecode] 17:12:08:10 capture=on(0.00s) onAir=off
[timecode] 17:12:09:10 capture=on(0.01s) onAir=off
[timecode] 17:12:10:10 capture=on(0.01s) onAir=off
[timecode] 17:12:11:10 capture=on(0.01s) onAir=off
[timecode] 17:12:12:10 capture=on(0.03s) onAir=off
[timecode] 17:12:13:10 capture=on(0.03s) onAir=off
[timecode] 17:12:14:11 capture=on(0.00s) onAir=off
[timecode] 17:12:15:11 capture=on(0.01s) onAir=off
[timecode] 17:12:16:11 capture=on(0.01s) onAir=off
[timecode] 17:12:17:11 capture=on(0.02s) onAir=off
[timecode] 17:12:18:11 capture=on(0.03s) onAir=off
[timecode] 17:12:19:12 capture=on(0.03s) onAir=off
[timecode] 17:12:20:12 capture=on(0.00s) onAir=off
[timecode] 17:12:21:12 capture=on(0.01s) onAir=off
[timecode] 17:12:22:12 capture=on(0.01s) onAir=off
[timecode] 17:12:23:12 capture=on(0.03s) onAir=off
[timecode] 17:12:24:13 capture=on(0.00s) onAir=off
[timecode] 17:12:25:13 capture=on(0.00s) onAir=off
[timecode] 17:12:26:13 capture=on(0.00s) onAir=off
[timecode] 17:12:27:13 capture=on(0.01s) onAir=off
[timecode] 17:12:28:13 capture=on(0.01s) onAir=off
[timecode] 17:12:29:13 capture=on(0.03s) onAir=off
[timecode] 17:12:30:14 capture=on(0.03s) onAir=off
[timecode] 17:12:31:14 capture=on(0.03s) onAir=off
[timecode] 17:12:32:14 capture=on(0.00s) onAir=off
[timecode] 17:12:33:14 capture=on(0.00s) onAir=off
[timecode] 17:12:34:14 capture=on(0.00s) onAir=off
[timecode] 17:12:35:14 capture=on(0.00s) onAir=off
[timecode] 17:12:36:14 capture=on(0.02s) onAir=off
[timecode] 17:12:37:14 capture=on(0.02s) onAir=off
[timecode] 17:12:38:14 capture=on(0.03s) onAir=off
[timecode] 17:12:39:15 capture=on(0.03s) onAir=off
[timecode] 17:12:40:15 capture=on(0.03s) onAir=off
[timecode] 17:12:41:15 capture=on(0.00s) onAir=off
[timecode] 17:12:42:15 capture=on(0.00s) onAir=off
[timecode] 17:12:43:15 capture=on(0.00s) onAir=off
[timecode] 17:12:44:15 capture=on(0.00s) onAir=off
[timecode] 17:12:45:15 capture=on(0.00s) onAir=off
[timecode] 17:12:46:15 capture=on(0.01s) onAir=off
[timecode] 17:12:47:15 capture=on(0.02s) onAir=off
[timecode] 17:12:48:15 capture=on(0.03s) onAir=off
[timecode] 17:12:49:16 capture=on(0.00s) onAir=off
[timecode] 17:12:50:16 capture=on(0.00s) onAir=off
[timecode] 17:12:51:16 capture=on(0.02s) onAir=off
[timecode] 17:12:52:16 capture=on(0.02s) onAir=off
[timecode] 17:12:53:17 capture=on(0.03s) onAir=off
[timecode] 17:12:54:17 capture=on(0.02s) onAir=off
[timecode] 17:12:55:17 capture=on(0.00s) onAir=off
[timecode] 17:12:56:17 capture=on(0.00s) onAir=off
[timecode] 17:12:57:17 capture=on(0.00s) onAir=off
[timecode] 17:12:58:17 capture=on(0.01s) onAir=off
[timecode] 17:12:59:18 capture=on(0.03s) onAir=off
[timecode] 17:13:00:18 capture=on(0.00s) onAir=off
[timecode] 17:13:01:18 capture=on(0.01s) onAir=off
[timecode] 17:13:02:18 capture=on(0.02s) onAir=off
[timecode] 17:13:03:18 capture=on(0.02s) onAir=off
[timecode] 17:13:04:19 capture=on(0.00s) onAir=off
[timecode] 17:13:05:19 capture=on(0.01s) onAir=off
[timecode] 17:13:06:19 capture=on(0.02s) onAir=off
[timecode] 17:13:07:20 capture=on(0.03s) onAir=off
[timecode] 17:13:08:20 capture=on(0.03s) onAir=off
[timecode] 17:13:09:20 capture=on(0.00s) onAir=off
[timecode] 17:13:10:20 capture=on(0.00s) onAir=off
[timecode] 17:13:11:20 capture=on(0.02s) onAir=off
[timecode] 17:13:12:20 capture=on(0.02s) onAir=off
[timecode] 17:13:13:21 capture=on(0.03s) onAir=off
[timecode] 17:13:14:21 capture=on(0.00s) onAir=off
[timecode] 17:13:15:21 capture=on(0.00s) onAir=off
[timecode] 17:13:16:21 capture=on(0.00s) onAir=off
[timecode] 17:13:17:21 capture=on(0.01s) onAir=off
[timecode] 17:13:18:21 capture=on(0.01s) onAir=off
[timecode] 17:13:19:22 capture=on(0.03s) onAir=off
[timecode] 17:13:20:22 capture=on(0.00s) onAir=off
[timecode] 17:13:21:22 capture=on(0.00s) onAir=off
[timecode] 17:13:22:22 capture=on(0.00s) onAir=off
[timecode] 17:13:23:22 capture=on(0.01s) onAir=off
[timecode] 17:13:24:22 capture=on(0.02s) onAir=off
[timecode] 17:13:25:22 capture=on(0.02s) onAir=off
[timecode] 17:13:26:22 capture=on(0.02s) onAir=off
[timecode] 17:13:27:22 capture=on(0.02s) onAir=off
[timecode] 17:13:28:23 capture=on(0.03s) onAir=off
[timecode] 17:13:29:23 capture=on(0.01s) onAir=off
[timecode] 17:13:30:23 capture=on(0.01s) onAir=off
[timecode] 17:13:31:23 capture=on(0.01s) onAir=off
[timecode] 17:13:32:23 capture=on(0.01s) onAir=off
[timecode] 17:13:33:23 capture=on(0.01s) onAir=off
[timecode] 17:13:34:23 capture=on(0.01s) onAir=off
[timecode] 17:13:35:23 capture=on(0.02s) onAir=off
[timecode] 17:13:36:23 capture=on(0.02s) onAir=off
[timecode] 17:13:37:24 capture=on(0.03s) onAir=off
[timecode] 17:13:38:24 capture=on(0.00s) onAir=off
[timecode] 17:13:39:24 capture=on(0.01s) onAir=off
[timecode] 17:13:40:24 capture=on(0.01s) onAir=off
[timecode] 17:13:42:00 capture=on(0.02s) onAir=off
[timecode] 17:13:43:00 capture=on(0.03s) onAir=off
[timecode] 17:13:44:00 capture=on(0.00s) onAir=off
[timecode] 17:13:45:00 capture=on(0.01s) onAir=off
[timecode] 17:13:46:00 capture=on(0.01s) onAir=off
[timecode] 17:13:47:00 capture=on(0.01s) onAir=off
[timecode] 17:13:48:00 capture=on(0.01s) onAir=off
[timecode] 17:13:49:00 capture=on(0.01s) onAir=off
[timecode] 17:13:50:00 capture=on(0.01s) onAir=off
[timecode] 17:13:51:00 capture=on(0.02s) onAir=off
[timecode] 17:13:52:01 capture=on(0.02s) onAir=off
[timecode] 17:13:53:01 capture=on(0.03s) onAir=off
[timecode] 17:13:54:01 capture=on(0.03s) onAir=off
[timecode] 17:13:55:01 capture=on(0.03s) onAir=off
[timecode] 17:13:56:01 capture=on(0.03s) onAir=off
[timecode] 17:13:57:01 capture=on(0.00s) onAir=off
[timecode] 17:13:58:01 capture=on(0.00s) onAir=off
[timecode] 17:13:59:01 capture=on(0.01s) onAir=off
[timecode] 17:14:00:01 capture=on(0.01s) onAir=off
[timecode] 17:14:01:01 capture=on(0.01s) onAir=off
[timecode] 17:14:02:01 capture=on(0.02s) onAir=off
[timecode] 17:14:03:01 capture=on(0.02s) onAir=off
[timecode] 17:14:04:02 capture=on(0.02s) onAir=off
[timecode] 17:14:05:02 capture=on(0.04s) onAir=off
[timecode] 17:14:06:02 capture=on(0.00s) onAir=off
[timecode] 17:14:07:02 capture=on(0.01s) onAir=off
[timecode] 17:14:08:02 capture=on(0.01s) onAir=off
[timecode] 17:14:09:02 capture=on(0.01s) onAir=off
[timecode] 17:14:10:02 capture=on(0.01s) onAir=off
[timecode] 17:14:11:02 capture=on(0.01s) onAir=off
[timecode] 17:14:12:02 capture=on(0.01s) onAir=off
[timecode] 17:14:13:03 capture=on(0.03s) onAir=off
[timecode] 17:14:14:03 capture=on(0.03s) onAir=off
[timecode] 17:14:15:03 capture=on(0.00s) onAir=off
[timecode] 17:14:16:03 capture=on(0.01s) onAir=off
[timecode] 17:14:17:03 capture=on(0.01s) onAir=off
[timecode] 17:14:18:03 capture=on(0.01s) onAir=off
[timecode] 17:14:19:03 capture=on(0.01s) onAir=off
[timecode] 17:14:20:03 capture=on(0.01s) onAir=off
[timecode] 17:14:21:04 capture=on(0.02s) onAir=off
[timecode] 17:14:22:04 capture=on(0.02s) onAir=off
[timecode] 17:14:23:04 capture=on(0.03s) onAir=off
[timecode] 17:14:24:04 capture=on(0.04s) onAir=off
[timecode] 17:14:25:04 capture=on(0.01s) onAir=off
[timecode] 17:14:26:04 capture=on(0.01s) onAir=off
[timecode] 17:14:27:04 capture=on(0.01s) onAir=off
[timecode] 17:14:28:04 capture=on(0.01s) onAir=off
[timecode] 17:14:29:04 capture=on(0.01s) onAir=off
[timecode] 17:14:30:04 capture=on(0.01s) onAir=off
[timecode] 17:14:31:05 capture=on(0.02s) onAir=off
[timecode] 17:14:32:05 capture=on(0.03s) onAir=off
[timecode] 17:14:33:05 capture=on(0.00s) onAir=off
[timecode] 17:14:34:05 capture=on(0.01s) onAir=off
[timecode] 17:14:35:05 capture=on(0.01s) onAir=off
[timecode] 17:14:36:05 capture=on(0.01s) onAir=off
[timecode] 17:14:37:05 capture=on(0.01s) onAir=off
[timecode] 17:14:38:06 capture=on(0.03s) onAir=off
[timecode] 17:14:39:06 capture=on(0.04s) onAir=off
[timecode] 17:14:40:06 capture=on(0.00s) onAir=off
[timecode] 17:14:41:06 capture=on(0.01s) onAir=off
[timecode] 17:14:42:06 capture=on(0.01s) onAir=off
[timecode] 17:14:43:06 capture=on(0.01s) onAir=off
[timecode] 17:14:44:06 capture=on(0.01s) onAir=off
[timecode] 17:14:45:07 capture=on(0.03s) onAir=off
[timecode] 17:14:46:07 capture=on(0.02s) onAir=off
[timecode] 17:14:47:07 capture=on(0.03s) onAir=off
[timecode] 17:14:48:07 capture=on(0.03s) onAir=off
[timecode] 17:14:49:07 capture=on(0.00s) onAir=off
[timecode] 17:14:50:07 capture=on(0.00s) onAir=off
[timecode] 17:14:51:07 capture=on(0.01s) onAir=off
[timecode] 17:14:52:07 capture=on(0.01s) onAir=off
[timecode] 17:14:53:07 capture=on(0.02s) onAir=off
[timecode] 17:14:54:08 capture=on(0.03s) onAir=off
[timecode] 17:14:55:08 capture=on(0.03s) onAir=off
[timecode] 17:14:56:08 capture=on(0.00s) onAir=off
[timecode] 17:14:57:08 capture=on(0.01s) onAir=off
[timecode] 17:14:58:08 capture=on(0.01s) onAir=off
[timecode] 17:14:59:08 capture=on(0.01s) onAir=off
[timecode] 17:15:00:08 capture=on(0.01s) onAir=off
[timecode] 17:15:01:08 capture=on(0.01s) onAir=off
[timecode] 17:15:02:08 capture=on(0.01s) onAir=off
[timecode] 17:15:03:08 capture=on(0.01s) onAir=off
[timecode] 17:15:04:09 capture=on(0.03s) onAir=off
[timecode] 17:15:05:09 capture=on(0.03s) onAir=off
[timecode] 17:15:06:09 capture=on(0.03s) onAir=off
[timecode] 17:15:07:09 capture=on(0.01s) onAir=off
[timecode] 17:15:08:09 capture=on(0.01s) onAir=off
[timecode] 17:15:09:09 capture=on(0.01s) onAir=off
[timecode] 17:15:10:09 capture=on(0.02s) onAir=off
[timecode] 17:15:11:10 capture=on(0.03s) onAir=off
[timecode] 17:15:12:10 capture=on(0.04s) onAir=off
[timecode] 17:15:13:10 capture=on(0.00s) onAir=off
[timecode] 17:15:14:10 capture=on(0.00s) onAir=off
[timecode] 17:15:15:10 capture=on(0.01s) onAir=off
[timecode] 17:15:16:10 capture=on(0.01s) onAir=off
[timecode] 17:15:17:10 capture=on(0.01s) onAir=off
[timecode] 17:15:18:10 capture=on(0.01s) onAir=off
[timecode] 17:15:19:10 capture=on(0.02s) onAir=off
[timecode] 17:15:20:11 capture=on(0.02s) onAir=off
[timecode] 17:15:21:11 capture=on(0.04s) onAir=off
[timecode] 17:15:22:11 capture=on(0.04s) onAir=off
[timecode] 17:15:23:11 capture=on(0.01s) onAir=off
[timecode] 17:15:24:11 capture=on(0.01s) onAir=off
[timecode] 17:15:25:12 capture=on(0.02s) onAir=off
[timecode] 17:15:26:12 capture=on(0.03s) onAir=off
[timecode] 17:15:27:12 capture=on(0.03s) onAir=off
[timecode] 17:15:28:12 capture=on(0.01s) onAir=off
[timecode] 17:15:29:12 capture=on(0.01s) onAir=off
[timecode] 17:15:30:12 capture=on(0.01s) onAir=off
[timecode] 17:15:31:12 capture=on(0.01s) onAir=off
[timecode] 17:15:32:12 capture=on(0.01s) onAir=off
[timecode] 17:15:33:12 capture=on(0.01s) onAir=off
[timecode] 17:15:34:12 capture=on(0.01s) onAir=off
[timecode] 17:15:35:12 capture=on(0.01s) onAir=off
[timecode] 17:15:36:12 capture=on(0.01s) onAir=off
[timecode] 17:15:37:13 capture=on(0.02s) onAir=off
[timecode] 17:15:38:13 capture=on(0.03s) onAir=off
[timecode] 17:15:39:13 capture=on(0.03s) onAir=off
[timecode] 17:15:40:13 capture=on(0.03s) onAir=off
[timecode] 17:15:41:13 capture=on(0.00s) onAir=off
[timecode] 17:15:42:13 capture=on(0.00s) onAir=off
[timecode] 17:15:43:13 capture=on(0.00s) onAir=off
[timecode] 17:15:44:13 capture=on(0.01s) onAir=off
[timecode] 17:15:45:13 capture=on(0.01s) onAir=off
[timecode] 17:15:46:13 capture=on(0.01s) onAir=off
[timecode] 17:15:47:13 capture=on(0.01s) onAir=off
[timecode] 17:15:48:14 capture=on(0.03s) onAir=off
[timecode] 17:15:49:14 capture=on(0.03s) onAir=off
[timecode] 17:15:50:14 capture=on(0.03s) onAir=off
[timecode] 17:15:51:14 capture=on(0.01s) onAir=off
[timecode] 17:15:52:14 capture=on(0.01s) onAir=off
[timecode] 17:15:53:14 capture=on(0.01s) onAir=off
[timecode] 17:15:54:14 capture=on(0.01s) onAir=off
[timecode] 17:15:55:14 capture=on(0.01s) onAir=off
[timecode] 17:15:56:15 capture=on(0.01s) onAir=off
[timecode] 17:15:57:15 capture=on(0.02s) onAir=off
[timecode] 17:15:58:15 capture=on(0.03s) onAir=off
[timecode] 17:15:59:15 capture=on(0.00s) onAir=off
[timecode] 17:16:00:15 capture=on(0.01s) onAir=off
[timecode] 17:16:01:15 capture=on(0.01s) onAir=off
[timecode] 17:16:02:16 capture=on(0.02s) onAir=off
[timecode] 17:16:03:16 capture=on(0.03s) onAir=off
[timecode] 17:16:04:16 capture=on(0.03s) onAir=off
[timecode] 17:16:05:16 capture=on(0.04s) onAir=off
[timecode] 17:16:06:16 capture=on(0.00s) onAir=off
[timecode] 17:16:07:16 capture=on(0.01s) onAir=off
[timecode] 17:16:08:17 capture=on(0.02s) onAir=off
[timecode] 17:16:09:17 capture=on(0.03s) onAir=off
[timecode] 17:16:10:17 capture=on(0.03s) onAir=off
[timecode] 17:16:11:17 capture=on(0.03s) onAir=off
[timecode] 17:16:12:17 capture=on(0.00s) onAir=off
[timecode] 17:16:13:17 capture=on(0.01s) onAir=off
[timecode] 17:16:14:17 capture=on(0.01s) onAir=off
[timecode] 17:16:15:17 capture=on(0.01s) onAir=off
[timecode] 17:16:16:18 capture=on(0.02s) onAir=off
[timecode] 17:16:17:18 capture=on(0.03s) onAir=off
[timecode] 17:16:18:18 capture=on(0.01s) onAir=off
[timecode] 17:16:19:18 capture=on(0.01s) onAir=off
[timecode] 17:16:20:18 capture=on(0.01s) onAir=off
[timecode] 17:16:21:18 capture=on(0.01s) onAir=off
[timecode] 17:16:22:18 capture=on(0.01s) onAir=off
[timecode] 17:16:23:18 capture=on(0.01s) onAir=off
[timecode] 17:16:24:18 capture=on(0.01s) onAir=off
[timecode] 17:16:25:18 capture=on(0.01s) onAir=off
[timecode] 17:16:26:19 capture=on(0.02s) onAir=off
[timecode] 17:16:27:19 capture=on(0.03s) onAir=off
[timecode] 17:16:28:19 capture=on(0.03s) onAir=off
[timecode] 17:16:29:19 capture=on(0.00s) onAir=off
[timecode] 17:16:30:19 capture=on(0.00s) onAir=off
[timecode] 17:16:31:19 capture=on(0.01s) onAir=off
[timecode] 17:16:32:19 capture=on(0.01s) onAir=off
[timecode] 17:16:33:19 capture=on(0.01s) onAir=off
[timecode] 17:16:34:19 capture=on(0.01s) onAir=off
[timecode] 17:16:35:20 capture=on(0.02s) onAir=off
[timecode] 17:16:36:20 capture=on(0.03s) onAir=off
[timecode] 17:16:37:20 capture=on(0.03s) onAir=off
[timecode] 17:16:38:20 capture=on(0.01s) onAir=off
[timecode] 17:16:39:20 capture=on(0.01s) onAir=off
[timecode] 17:16:40:20 capture=on(0.01s) onAir=off
[timecode] 17:16:41:21 capture=on(0.02s) onAir=off
[timecode] 17:16:42:21 capture=on(0.02s) onAir=off
[timecode] 17:16:43:21 capture=on(0.04s) onAir=off
[timecode] 17:16:44:21 capture=on(0.00s) onAir=off
[timecode] 17:16:45:21 capture=on(0.01s) onAir=off
[timecode] 17:16:46:21 capture=on(0.01s) onAir=off
[timecode] 17:16:47:22 capture=on(0.01s) onAir=off
[timecode] 17:16:48:22 capture=on(0.02s) onAir=off
[timecode] 17:16:49:22 capture=on(0.02s) onAir=off
[timecode] 17:16:50:22 capture=on(0.02s) onAir=off
[timecode] 17:16:51:22 capture=on(0.03s) onAir=off
[timecode] 17:16:52:22 capture=on(0.00s) onAir=off
[timecode] 17:16:53:22 capture=on(0.01s) onAir=off
[timecode] 17:16:54:22 capture=on(0.01s) onAir=off
[timecode] 17:16:55:22 capture=on(0.01s) onAir=off
[timecode] 17:16:56:22 capture=on(0.01s) onAir=off
[timecode] 17:16:57:22 capture=on(0.01s) onAir=off
[timecode] 17:16:58:22 capture=on(0.01s) onAir=off
[timecode] 17:16:59:23 capture=on(0.03s) onAir=off
[timecode] 17:17:00:23 capture=on(0.03s) onAir=off
[timecode] 17:17:01:23 capture=on(0.04s) onAir=off
[timecode] 17:17:02:23 capture=on(0.01s) onAir=off
[timecode] 17:17:03:23 capture=on(0.01s) onAir=off
[timecode] 17:17:04:23 capture=on(0.01s) onAir=off
[timecode] 17:17:05:23 capture=on(0.01s) onAir=off
[timecode] 17:17:06:23 capture=on(0.01s) onAir=off
[timecode] 17:17:07:24 capture=on(0.01s) onAir=off
[timecode] 17:17:08:24 capture=on(0.02s) onAir=off
[timecode] 17:17:09:24 capture=on(0.03s) onAir=off
[timecode] 17:17:10:24 capture=on(0.03s) onAir=off
[timecode] 17:17:11:24 capture=on(0.04s) onAir=off
[timecode] 17:17:12:24 capture=on(0.01s) onAir=off
[timecode] 17:17:13:24 capture=on(0.01s) onAir=off
[timecode] 17:17:14:24 capture=on(0.01s) onAir=off
[timecode] 17:17:15:24 capture=on(0.01s) onAir=off
[timecode] 17:17:16:24 capture=on(0.01s) onAir=off
[timecode] 17:17:17:24 capture=on(0.01s) onAir=off
[timecode] 17:17:19:00 capture=on(0.01s) onAir=off
[timecode] 17:17:20:00 capture=on(0.03s) onAir=off
[timecode] 17:17:21:00 capture=on(0.03s) onAir=off
[timecode] 17:17:22:00 capture=on(0.03s) onAir=off
[timecode] 17:17:23:00 capture=on(0.01s) onAir=off
[timecode] 17:17:24:00 capture=on(0.01s) onAir=off
[timecode] 17:17:25:00 capture=on(0.00s) onAir=off
[timecode] 17:17:26:00 capture=on(0.00s) onAir=off
[timecode] 17:17:27:00 capture=on(0.01s) onAir=off
[timecode] 17:17:28:00 capture=on(0.01s) onAir=off
[timecode] 17:17:29:01 capture=on(0.02s) onAir=off
[timecode] 17:17:30:01 capture=on(0.02s) onAir=off
[timecode] 17:17:31:01 capture=on(0.03s) onAir=off
[timecode] 17:17:32:01 capture=on(0.00s) onAir=off
[timecode] 17:17:33:01 capture=on(0.00s) onAir=off
[timecode] 17:17:34:02 capture=on(0.02s) onAir=off
[timecode] 17:17:35:02 capture=on(0.02s) onAir=off
[timecode] 17:17:36:02 capture=on(0.03s) onAir=off
[timecode] 17:17:37:02 capture=on(0.03s) onAir=off
[timecode] 17:17:38:02 capture=on(0.03s) onAir=off
[timecode] 17:17:39:02 capture=on(0.00s) onAir=off
[timecode] 17:17:40:02 capture=on(0.00s) onAir=off
[timecode] 17:17:41:02 capture=on(0.00s) onAir=off
[timecode] 17:17:42:03 capture=on(0.01s) onAir=off
[timecode] 17:17:43:03 capture=on(0.02s) onAir=off
[timecode] 17:17:44:03 capture=on(0.02s) onAir=off
[timecode] 17:17:45:03 capture=on(0.00s) onAir=off
[timecode] 17:17:46:03 capture=on(0.00s) onAir=off
[timecode] 17:17:47:03 capture=on(0.00s) onAir=off
[timecode] 17:17:48:03 capture=on(0.00s) onAir=off
[timecode] 17:17:49:03 capture=on(0.00s) onAir=off
[timecode] 17:17:50:03 capture=on(0.00s) onAir=off
[timecode] 17:17:51:03 capture=on(0.00s) onAir=off
[timecode] 17:17:52:03 capture=on(0.00s) onAir=off
[timecode] 17:17:53:03 capture=on(0.00s) onAir=off
[timecode] 17:17:54:03 capture=on(0.00s) onAir=off
[timecode] 17:17:55:03 capture=on(0.00s) onAir=off
[timecode] 17:17:56:03 capture=on(0.00s) onAir=off
[timecode] 17:17:57:04 capture=on(0.01s) onAir=off
[timecode] 17:17:58:04 capture=on(0.02s) onAir=off
[timecode] 17:17:59:04 capture=on(0.02s) onAir=off
[timecode] 17:18:00:04 capture=on(0.03s) onAir=off
[timecode] 17:18:01:04 capture=on(0.00s) onAir=off
[timecode] 17:18:02:04 capture=on(0.00s) onAir=off
[timecode] 17:18:03:04 capture=on(0.00s) onAir=off
[timecode] 17:18:04:04 capture=on(0.00s) onAir=off
[timecode] 17:18:05:04 capture=on(0.00s) onAir=off
[timecode] 17:18:06:05 capture=on(0.02s) onAir=off
[timecode] 17:18:07:05 capture=on(0.02s) onAir=off
[timecode] 17:18:08:05 capture=on(0.03s) onAir=off
[timecode] 17:18:09:05 capture=on(0.03s) onAir=off
[timecode] 17:18:10:05 capture=on(0.00s) onAir=off
[timecode] 17:18:11:05 capture=on(0.00s) onAir=off
[timecode] 17:18:12:05 capture=on(0.00s) onAir=off
[timecode] 17:18:13:05 capture=on(0.00s) onAir=off
[timecode] 17:18:14:05 capture=on(0.00s) onAir=off
[timecode] 17:18:15:06 capture=on(0.01s) onAir=off
[timecode] 17:18:16:06 capture=on(0.02s) onAir=off
[timecode] 17:18:17:06 capture=on(0.02s) onAir=off
[timecode] 17:18:18:06 capture=on(0.03s) onAir=off
[timecode] 17:18:19:06 capture=on(0.00s) onAir=off
[timecode] 17:18:20:06 capture=on(0.00s) onAir=off
[timecode] 17:18:21:06 capture=on(0.01s) onAir=off
[timecode] 17:18:22:07 capture=on(0.01s) onAir=off
[timecode] 17:18:23:07 capture=on(0.02s) onAir=off
[timecode] 17:18:24:07 capture=on(0.02s) onAir=off
[timecode] 17:18:25:07 capture=on(0.03s) onAir=off
[timecode] 17:18:26:07 capture=on(0.00s) onAir=off
[timecode] 17:18:27:08 capture=on(0.01s) onAir=off
[timecode] 17:18:28:08 capture=on(0.01s) onAir=off
[timecode] 17:18:29:08 capture=on(0.01s) onAir=off
[timecode] 17:18:30:08 capture=on(0.01s) onAir=off
[timecode] 17:18:31:08 capture=on(0.02s) onAir=off
[timecode] 17:18:32:08 capture=on(0.02s) onAir=off
[timecode] 17:18:33:08 capture=on(0.03s) onAir=off
[timecode] 17:18:34:08 capture=on(0.00s) onAir=off
[timecode] 17:18:35:09 capture=on(0.01s) onAir=off
[timecode] 17:18:36:09 capture=on(0.01s) onAir=off
[timecode] 17:18:37:09 capture=on(0.02s) onAir=off
[timecode] 17:18:38:09 capture=on(0.02s) onAir=off
[timecode] 17:18:39:09 capture=on(0.04s) onAir=off
[timecode] 17:18:40:09 capture=on(0.00s) onAir=off
[timecode] 17:18:41:10 capture=on(0.01s) onAir=off
[timecode] 17:18:42:10 capture=on(0.01s) onAir=off
[timecode] 17:18:43:10 capture=on(0.01s) onAir=off
[timecode] 17:18:44:10 capture=on(0.02s) onAir=off
[timecode] 17:18:45:10 capture=on(0.03s) onAir=off
[timecode] 17:18:46:10 capture=on(0.03s) onAir=off
[timecode] 17:18:47:10 capture=on(0.03s) onAir=off
[timecode] 17:18:48:10 capture=on(0.03s) onAir=off
[timecode] 17:18:49:10 capture=on(0.03s) onAir=off
[timecode] 17:18:50:10 capture=on(0.04s) onAir=off
[timecode] 17:18:51:11 capture=on(0.01s) onAir=off
[timecode] 17:18:52:11 capture=on(0.01s) onAir=off
[timecode] 17:18:53:11 capture=on(0.01s) onAir=off
[timecode] 17:18:54:11 capture=on(0.02s) onAir=off
[timecode] 17:18:55:11 capture=on(0.03s) onAir=off
[timecode] 17:18:56:11 capture=on(0.04s) onAir=off
[timecode] 17:18:57:11 capture=on(0.04s) onAir=off
[timecode] 17:18:58:12 capture=on(0.01s) onAir=off
[timecode] 17:18:59:12 capture=on(0.02s) onAir=off
[timecode] 17:19:00:12 capture=on(0.03s) onAir=off
[timecode] 17:19:01:12 capture=on(0.04s) onAir=off
[timecode] 17:19:02:12 capture=on(0.04s) onAir=off
[timecode] 17:19:03:12 capture=on(0.04s) onAir=off
[timecode] 17:19:04:12 capture=on(0.00s) onAir=off
[timecode] 17:19:05:13 capture=on(0.01s) onAir=off
[timecode] 17:19:06:13 capture=on(0.01s) onAir=off
[timecode] 17:19:07:13 capture=on(0.01s) onAir=off
[timecode] 17:19:08:13 capture=on(0.01s) onAir=off
[timecode] 17:19:09:13 capture=on(0.01s) onAir=off
[timecode] 17:19:10:13 capture=on(0.01s) onAir=off
[timecode] 17:19:11:13 capture=on(0.02s) onAir=off
[timecode] 17:19:12:13 capture=on(0.02s) onAir=off
[timecode] 17:19:13:13 capture=on(0.03s) onAir=off
[timecode] 17:19:14:13 capture=on(0.00s) onAir=off
[timecode] 17:19:15:13 capture=on(0.00s) onAir=off
[timecode] 17:19:16:14 capture=on(0.01s) onAir=off
[timecode] 17:19:17:14 capture=on(0.01s) onAir=off
[timecode] 17:19:18:14 capture=on(0.01s) onAir=off
[timecode] 17:19:19:14 capture=on(0.01s) onAir=off
[timecode] 17:19:20:14 capture=on(0.01s) onAir=off
[timecode] 17:19:21:14 capture=on(0.01s) onAir=off
[timecode] 17:19:22:14 capture=on(0.03s) onAir=off
[timecode] 17:19:23:14 capture=on(0.04s) onAir=off
[timecode] 17:19:24:15 capture=on(0.00s) onAir=off
[timecode] 17:19:25:15 capture=on(0.01s) onAir=off
[timecode] 17:19:26:15 capture=on(0.01s) onAir=off
[timecode] 17:19:27:15 capture=on(0.01s) onAir=off
[timecode] 17:19:28:15 capture=on(0.02s) onAir=off
[timecode] 17:19:29:15 capture=on(0.03s) onAir=off
[timecode] 17:19:30:16 capture=on(0.00s) onAir=off
[timecode] 17:19:31:16 capture=on(0.00s) onAir=off
[timecode] 17:19:32:16 capture=on(0.01s) onAir=off
[timecode] 17:19:33:16 capture=on(0.02s) onAir=off
[timecode] 17:19:34:16 capture=on(0.03s) onAir=off
[timecode] 17:19:35:16 capture=on(0.03s) onAir=off
[timecode] 17:19:36:16 capture=on(0.04s) onAir=off
[timecode] 17:19:37:17 capture=on(0.01s) onAir=off
[timecode] 17:19:38:17 capture=on(0.01s) onAir=off
[timecode] 17:19:39:17 capture=on(0.01s) onAir=off
[timecode] 17:19:40:17 capture=on(0.01s) onAir=off
[timecode] 17:19:41:17 capture=on(0.02s) onAir=off
[timecode] 17:19:42:17 capture=on(0.02s) onAir=off
[timecode] 17:19:43:17 capture=on(0.02s) onAir=off
[timecode] 17:19:44:17 capture=on(0.03s) onAir=off
[timecode] 17:19:45:17 capture=on(0.00s) onAir=off
[timecode] 17:19:46:18 capture=on(0.01s) onAir=off
[timecode] 17:19:47:18 capture=on(0.01s) onAir=off
[timecode] 17:19:48:18 capture=on(0.01s) onAir=off
[timecode] 17:19:49:18 capture=on(0.02s) onAir=off
[timecode] 17:19:50:18 capture=on(0.03s) onAir=off
[timecode] 17:19:51:19 capture=on(0.00s) onAir=off
[timecode] 17:19:52:19 capture=on(0.00s) onAir=off
[timecode] 17:19:53:19 capture=on(0.01s) onAir=off
[timecode] 17:19:54:19 capture=on(0.01s) onAir=off
[timecode] 17:19:55:19 capture=on(0.01s) onAir=off
[timecode] 17:19:56:19 capture=on(0.01s) onAir=off
[timecode] 17:19:57:19 capture=on(0.01s) onAir=off
[timecode] 17:19:58:19 capture=on(0.01s) onAir=off
[timecode] 17:19:59:19 capture=on(0.01s) onAir=off
[timecode] 17:20:00:19 capture=on(0.01s) onAir=off
[timecode] 17:20:01:19 capture=on(0.02s) onAir=off
[timecode] 17:20:02:19 capture=on(0.03s) onAir=off
[timecode] 17:20:03:19 capture=on(0.04s) onAir=off
[timecode] 17:20:04:20 capture=on(0.01s) onAir=off
[timecode] 17:20:05:20 capture=on(0.01s) onAir=off
[timecode] 17:20:06:20 capture=on(0.01s) onAir=off
[timecode] 17:20:07:20 capture=on(0.01s) onAir=off
[timecode] 17:20:08:20 capture=on(0.01s) onAir=off
[timecode] 17:20:09:20 capture=on(0.01s) onAir=off
[timecode] 17:20:10:20 capture=on(0.01s) onAir=off
[timecode] 17:20:11:20 capture=on(0.01s) onAir=off
[timecode] 17:20:12:20 capture=on(0.01s) onAir=off
[timecode] 17:20:13:20 capture=on(0.01s) onAir=off
[timecode] 17:20:14:20 capture=on(0.01s) onAir=off
[timecode] 17:20:15:20 capture=on(0.01s) onAir=off
[timecode] 17:20:16:20 capture=on(0.02s) onAir=off
[timecode] 17:20:17:20 capture=on(0.03s) onAir=off
[timecode] 17:20:18:20 capture=on(0.04s) onAir=off
[timecode] 17:20:19:20 capture=on(0.04s) onAir=off
[timecode] 17:20:20:21 capture=on(0.00s) onAir=off
[timecode] 17:20:21:21 capture=on(0.01s) onAir=off
[timecode] 17:20:22:21 capture=on(0.01s) onAir=off
[timecode] 17:20:23:21 capture=on(0.01s) onAir=off
[timecode] 17:20:24:21 capture=on(0.02s) onAir=off
[timecode] 17:20:25:21 capture=on(0.02s) onAir=off
[timecode] 17:20:26:21 capture=on(0.03s) onAir=off
[timecode] 17:20:27:22 capture=on(0.04s) onAir=off
[timecode] 17:20:28:22 capture=on(0.01s) onAir=off
[timecode] 17:20:29:22 capture=on(0.01s) onAir=off
[timecode] 17:20:30:22 capture=on(0.01s) onAir=off
[timecode] 17:20:31:22 capture=on(0.01s) onAir=off
[timecode] 17:20:32:22 capture=on(0.01s) onAir=off
[timecode] 17:20:33:22 capture=on(0.01s) onAir=off
[timecode] 17:20:34:22 capture=on(0.02s) onAir=off
[timecode] 17:20:35:22 capture=on(0.03s) onAir=off
[timecode] 17:20:36:22 capture=on(0.04s) onAir=off
[timecode] 17:20:37:23 capture=on(0.00s) onAir=off
[timecode] 17:20:38:23 capture=on(0.01s) onAir=off
[timecode] 17:20:39:23 capture=on(0.01s) onAir=off
[timecode] 17:20:40:23 capture=on(0.01s) onAir=off
[timecode] 17:20:41:23 capture=on(0.02s) onAir=off
[timecode] 17:20:42:23 capture=on(0.03s) onAir=off
[timecode] 17:20:43:24 capture=on(0.04s) onAir=off
[timecode] 17:20:44:24 capture=on(0.01s) onAir=off
[timecode] 17:20:45:24 capture=on(0.01s) onAir=off
[timecode] 17:20:46:24 capture=on(0.01s) onAir=off
[timecode] 17:20:47:24 capture=on(0.01s) onAir=off
[timecode] 17:20:48:24 capture=on(0.02s) onAir=off
[timecode] 17:20:49:24 capture=on(0.03s) onAir=off
[timecode] 17:20:50:24 capture=on(0.03s) onAir=off
[timecode] 17:20:52:00 capture=on(0.04s) onAir=off
[timecode] 17:20:53:00 capture=on(0.00s) onAir=off
[timecode] 17:20:54:00 capture=on(0.01s) onAir=off
[timecode] 17:20:55:00 capture=on(0.01s) onAir=off
[timecode] 17:20:56:00 capture=on(0.01s) onAir=off
[timecode] 17:20:57:00 capture=on(0.01s) onAir=off
[timecode] 17:20:58:00 capture=on(0.01s) onAir=off
[timecode] 17:20:59:00 capture=on(0.02s) onAir=off
[timecode] 17:21:00:00 capture=on(0.03s) onAir=off
[timecode] 17:21:01:01 capture=on(0.00s) onAir=off
[timecode] 17:21:02:01 capture=on(0.01s) onAir=off
[timecode] 17:21:03:01 capture=on(0.02s) onAir=off
[timecode] 17:21:04:01 capture=on(0.02s) onAir=off
[timecode] 17:21:05:01 capture=on(0.02s) onAir=off
[timecode] 17:21:06:01 capture=on(0.03s) onAir=off
[timecode] 17:21:07:02 capture=on(0.04s) onAir=off
[timecode] 17:21:08:02 capture=on(0.01s) onAir=off
[timecode] 17:21:09:02 capture=on(0.02s) onAir=off
[timecode] 17:21:10:02 capture=on(0.03s) onAir=off
[timecode] 17:21:11:02 capture=on(0.03s) onAir=off
[timecode] 17:21:12:02 capture=on(0.03s) onAir=off
[timecode] 17:21:13:03 capture=on(0.04s) onAir=off
[timecode] 17:21:14:03 capture=on(0.04s) onAir=off
[timecode] 17:21:15:03 capture=on(0.00s) onAir=off
[timecode] 17:21:16:03 capture=on(0.00s) onAir=off
[timecode] 17:21:17:03 capture=on(0.01s) onAir=off
[timecode] 17:21:18:03 capture=on(0.01s) onAir=off
[timecode] 17:21:19:03 capture=on(0.01s) onAir=off
[timecode] 17:21:20:03 capture=on(0.01s) onAir=off
[timecode] 17:21:21:03 capture=on(0.01s) onAir=off
[timecode] 17:21:22:03 capture=on(0.01s) onAir=off
[timecode] 17:21:23:03 capture=on(0.01s) onAir=off
[timecode] 17:21:24:03 capture=on(0.02s) onAir=off
[timecode] 17:21:25:03 capture=on(0.02s) onAir=off
[timecode] 17:21:26:03 capture=on(0.02s) onAir=off
[timecode] 17:21:27:03 capture=on(0.03s) onAir=off
[timecode] 17:21:28:04 capture=on(0.04s) onAir=off
[timecode] 17:21:29:04 capture=on(0.00s) onAir=off
[timecode] 17:21:30:04 capture=on(0.00s) onAir=off
[timecode] 17:21:31:04 capture=on(0.00s) onAir=off
[timecode] 17:21:32:04 capture=on(0.00s) onAir=off
[timecode] 17:21:33:04 capture=on(0.01s) onAir=off
[timecode] 17:21:34:04 capture=on(0.02s) onAir=off
[timecode] 17:21:35:04 capture=on(0.03s) onAir=off
[timecode] 17:21:36:04 capture=on(0.03s) onAir=off
[timecode] 17:21:37:05 capture=on(0.00s) onAir=off
[timecode] 17:21:38:05 capture=on(0.01s) onAir=off
[timecode] 17:21:39:05 capture=on(0.01s) onAir=off
[timecode] 17:21:40:05 capture=on(0.02s) onAir=off
[timecode] 17:21:41:05 capture=on(0.03s) onAir=off
[timecode] 17:21:42:06 capture=on(0.04s) onAir=off
[timecode] 17:21:43:06 capture=on(0.00s) onAir=off
[timecode] 17:21:44:06 capture=on(0.01s) onAir=off
[timecode] 17:21:45:06 capture=on(0.01s) onAir=off
[timecode] 17:21:46:06 capture=on(0.01s) onAir=off
[timecode] 17:21:47:06 capture=on(0.01s) onAir=off
[timecode] 17:21:48:06 capture=on(0.01s) onAir=off
[timecode] 17:21:49:06 capture=on(0.01s) onAir=off
[timecode] 17:21:50:06 capture=on(0.02s) onAir=off
[timecode] 17:21:51:06 capture=on(0.03s) onAir=off
[timecode] 17:21:52:06 capture=on(0.03s) onAir=off
[timecode] 17:21:53:07 capture=on(0.04s) onAir=off
[timecode] 17:21:54:07 capture=on(0.05s) onAir=off
[timecode] 17:21:55:07 capture=on(0.01s) onAir=off
[timecode] 17:21:56:07 capture=on(0.01s) onAir=off
[timecode] 17:21:57:07 capture=on(0.01s) onAir=off
[timecode] 17:21:58:07 capture=on(0.01s) onAir=off
[timecode] 17:21:59:07 capture=on(0.02s) onAir=off
[timecode] 17:22:00:07 capture=on(0.03s) onAir=off
[timecode] 17:22:01:08 capture=on(0.03s) onAir=off
[timecode] 17:22:02:08 capture=on(0.00s) onAir=off
[timecode] 17:22:03:08 capture=on(0.01s) onAir=off
[timecode] 17:22:04:08 capture=on(0.01s) onAir=off
[timecode] 17:22:05:08 capture=on(0.01s) onAir=off
[timecode] 17:22:06:08 capture=on(0.01s) onAir=off
[timecode] 17:22:07:08 capture=on(0.01s) onAir=off
[timecode] 17:22:08:08 capture=on(0.01s) onAir=off
[timecode] 17:22:09:08 capture=on(0.01s) onAir=off
[timecode] 17:22:10:08 capture=on(0.02s) onAir=off
[timecode] 17:22:11:08 capture=on(0.02s) onAir=off
[timecode] 17:22:12:08 capture=on(0.03s) onAir=off
[timecode] 17:22:13:08 capture=on(0.03s) onAir=off
[timecode] 17:22:14:09 capture=on(0.04s) onAir=off
[timecode] 17:22:15:09 capture=on(0.01s) onAir=off
[timecode] 17:22:16:09 capture=on(0.02s) onAir=off
[timecode] 17:22:17:09 capture=on(0.03s) onAir=off
[timecode] 17:22:18:10 capture=on(0.04s) onAir=off
[timecode] 17:22:19:10 capture=on(0.01s) onAir=off
[timecode] 17:22:20:10 capture=on(0.01s) onAir=off
[timecode] 17:22:21:10 capture=on(0.01s) onAir=off
[timecode] 17:22:22:10 capture=on(0.02s) onAir=off
[timecode] 17:22:23:11 capture=on(0.03s) onAir=off
[timecode] 17:22:24:11 capture=on(0.00s) onAir=off
[timecode] 17:22:25:11 capture=on(0.00s) onAir=off
[timecode] 17:22:26:11 capture=on(0.01s) onAir=off
[timecode] 17:22:27:11 capture=on(0.01s) onAir=off
[timecode] 17:22:28:11 capture=on(0.02s) onAir=off
[timecode] 17:22:29:11 capture=on(0.03s) onAir=off
[timecode] 17:22:30:12 capture=on(0.03s) onAir=off
[timecode] 17:22:31:12 capture=on(0.03s) onAir=off
[timecode] 17:22:32:12 capture=on(0.00s) onAir=off
[timecode] 17:22:33:12 capture=on(0.00s) onAir=off
[timecode] 17:22:34:12 capture=on(0.00s) onAir=off
[timecode] 17:22:35:12 capture=on(0.01s) onAir=off
[timecode] 17:22:36:12 capture=on(0.01s) onAir=off
[timecode] 17:22:37:12 capture=on(0.01s) onAir=off
[timecode] 17:22:38:12 capture=on(0.02s) onAir=off
[timecode] 17:22:39:12 capture=on(0.03s) onAir=off
[timecode] 17:22:40:12 capture=on(0.03s) onAir=off
[timecode] 17:22:41:12 capture=on(0.03s) onAir=off
[timecode] 17:22:42:13 capture=on(0.00s) onAir=off
[timecode] 17:22:43:13 capture=on(0.00s) onAir=off
[timecode] 17:22:44:13 capture=on(0.00s) onAir=off
[timecode] 17:22:45:13 capture=on(0.02s) onAir=off
[timecode] 17:22:46:13 capture=on(0.03s) onAir=off
[timecode] 17:22:47:13 capture=on(0.03s) onAir=off
[timecode] 17:22:48:14 capture=on(0.04s) onAir=off
[timecode] 17:22:49:14 capture=on(0.00s) onAir=off
[timecode] 17:22:50:14 capture=on(0.00s) onAir=off
[timecode] 17:22:51:14 capture=on(0.00s) onAir=off
[timecode] 17:22:52:14 capture=on(0.01s) onAir=off
[timecode] 17:22:53:14 capture=on(0.01s) onAir=off
[timecode] 17:22:54:14 capture=on(0.02s) onAir=off
[timecode] 17:22:55:14 capture=on(0.02s) onAir=off
[timecode] 17:22:56:14 capture=on(0.02s) onAir=off
[timecode] 17:22:57:14 capture=on(0.02s) onAir=off
[timecode] 17:22:58:15 capture=on(0.03s) onAir=off
[timecode] 17:22:59:15 capture=on(0.00s) onAir=off
[timecode] 17:23:00:15 capture=on(0.00s) onAir=off
[timecode] 17:23:01:15 capture=on(0.00s) onAir=off
[timecode] 17:23:02:15 capture=on(0.00s) onAir=off
[timecode] 17:23:03:15 capture=on(0.00s) onAir=off
[timecode] 17:23:04:15 capture=on(0.00s) onAir=off
[timecode] 17:23:05:15 capture=on(0.00s) onAir=off
[timecode] 17:23:06:15 capture=on(0.00s) onAir=off
[timecode] 17:23:07:15 capture=on(0.00s) onAir=off
[timecode] 17:23:08:15 capture=on(0.01s) onAir=off
[timecode] 17:23:09:15 capture=on(0.02s) onAir=off
[timecode] 17:23:10:15 capture=on(0.02s) onAir=off
[timecode] 17:23:11:15 capture=on(0.02s) onAir=off
[timecode] 17:23:12:16 capture=on(0.03s) onAir=off
[timecode] 17:23:13:16 capture=on(0.00s) onAir=off
[timecode] 17:23:14:16 capture=on(0.00s) onAir=off
[timecode] 17:23:15:16 capture=on(0.00s) onAir=off
[timecode] 17:23:16:16 capture=on(0.00s) onAir=off
[timecode] 17:23:17:16 capture=on(0.01s) onAir=off
[timecode] 17:23:18:16 capture=on(0.01s) onAir=off
[timecode] 17:23:19:16 capture=on(0.01s) onAir=off
[timecode] 17:23:20:16 capture=on(0.02s) onAir=off
[timecode] 17:23:21:16 capture=on(0.02s) onAir=off
[timecode] 17:23:22:17 capture=on(0.03s) onAir=off
[timecode] 17:23:23:17 capture=on(0.03s) onAir=off
[timecode] 17:23:24:17 capture=on(0.03s) onAir=off
[timecode] 17:23:25:17 capture=on(0.00s) onAir=off
[timecode] 17:23:26:17 capture=on(0.02s) onAir=off
[timecode] 17:23:27:17 capture=on(0.02s) onAir=off
[timecode] 17:23:28:18 capture=on(0.03s) onAir=off
[timecode] 17:23:29:18 capture=on(0.00s) onAir=off
[timecode] 17:23:30:18 capture=on(0.00s) onAir=off
[timecode] 17:23:31:18 capture=on(0.00s) onAir=off
[timecode] 17:23:32:18 capture=on(0.01s) onAir=off
[timecode] 17:23:33:18 capture=on(0.01s) onAir=off
[timecode] 17:23:34:18 capture=on(0.01s) onAir=off
[timecode] 17:23:35:18 capture=on(0.02s) onAir=off
[timecode] 17:23:36:18 capture=on(0.02s) onAir=off
[timecode] 17:23:37:19 capture=on(0.03s) onAir=off
[timecode] 17:23:38:19 capture=on(0.00s) onAir=off
[timecode] 17:23:39:19 capture=on(0.00s) onAir=off
[timecode] 17:23:40:19 capture=on(0.00s) onAir=off
[timecode] 17:23:41:19 capture=on(0.01s) onAir=off
[timecode] 17:23:42:19 capture=on(0.02s) onAir=off
[timecode] 17:23:43:20 capture=on(0.03s) onAir=off
[timecode] 17:23:44:20 capture=on(0.03s) onAir=off
[timecode] 17:23:45:20 capture=on(0.00s) onAir=off
[timecode] 17:23:46:20 capture=on(0.00s) onAir=off
[timecode] 17:23:47:20 capture=on(0.01s) onAir=off
[timecode] 17:23:48:20 capture=on(0.01s) onAir=off
[timecode] 17:23:49:20 capture=on(0.02s) onAir=off
[timecode] 17:23:50:21 capture=on(0.02s) onAir=off
[timecode] 17:23:51:21 capture=on(0.00s) onAir=off
[timecode] 17:23:52:21 capture=on(0.00s) onAir=off
[timecode] 17:23:53:21 capture=on(0.00s) onAir=off
[timecode] 17:23:54:21 capture=on(0.00s) onAir=off
[timecode] 17:23:55:21 capture=on(0.01s) onAir=off
[timecode] 17:23:56:21 capture=on(0.01s) onAir=off
[timecode] 17:23:57:21 capture=on(0.02s) onAir=off
[timecode] 17:23:58:22 capture=on(0.03s) onAir=off
[timecode] 17:23:59:22 capture=on(0.04s) onAir=off
[timecode] 17:24:00:22 capture=on(0.00s) onAir=off
[timecode] 17:24:01:22 capture=on(0.00s) onAir=off
[timecode] 17:24:02:22 capture=on(0.00s) onAir=off
[timecode] 17:24:03:22 capture=on(0.00s) onAir=off
[timecode] 17:24:04:22 capture=on(0.01s) onAir=off
[timecode] 17:24:05:23 capture=on(0.02s) onAir=off
[timecode] 17:24:06:23 capture=on(0.03s) onAir=off
[timecode] 17:24:07:23 capture=on(0.00s) onAir=off
[timecode] 17:24:08:23 capture=on(0.00s) onAir=off
[timecode] 17:24:09:23 capture=on(0.01s) onAir=off
[timecode] 17:24:10:23 capture=on(0.01s) onAir=off
[timecode] 17:24:11:23 capture=on(0.01s) onAir=off
[timecode] 17:24:12:23 capture=on(0.01s) onAir=off
[timecode] 17:24:13:23 capture=on(0.01s) onAir=off
[timecode] 17:24:14:23 capture=on(0.02s) onAir=off
[timecode] 17:24:15:24 capture=on(0.02s) onAir=off
[timecode] 17:24:16:24 capture=on(0.02s) onAir=off
[timecode] 17:24:17:24 capture=on(0.04s) onAir=off
[timecode] 17:24:18:24 capture=on(0.03s) onAir=off
[timecode] 17:24:19:24 capture=on(0.04s) onAir=off
[timecode] 17:24:20:24 capture=on(0.00s) onAir=off
[timecode] 17:24:21:24 capture=on(0.00s) onAir=off
[timecode] 17:24:22:24 capture=on(0.00s) onAir=off
[timecode] 17:24:23:24 capture=on(0.00s) onAir=off
[timecode] 17:24:24:24 capture=on(0.01s) onAir=off
[timecode] 17:24:25:24 capture=on(0.01s) onAir=off
[timecode] 17:24:26:24 capture=on(0.01s) onAir=off
[timecode] 17:24:27:24 capture=on(0.02s) onAir=off
[timecode] 17:24:29:00 capture=on(0.03s) onAir=off
[timecode] 17:24:30:00 capture=on(0.00s) onAir=off
[timecode] 17:24:31:00 capture=on(0.01s) onAir=off
[timecode] 17:24:32:00 capture=on(0.02s) onAir=off
[timecode] 17:24:33:01 capture=on(0.02s) onAir=off
[timecode] 17:24:34:01 capture=on(0.03s) onAir=off
[timecode] 17:24:35:01 capture=on(0.00s) onAir=off
[timecode] 17:24:36:01 capture=on(0.01s) onAir=off
[timecode] 17:24:37:01 capture=on(0.01s) onAir=off
[timecode] 17:24:38:01 capture=on(0.02s) onAir=off
[timecode] 17:24:39:02 capture=on(0.03s) onAir=off
[timecode] 17:24:40:02 capture=on(0.03s) onAir=off
[timecode] 17:24:41:02 capture=on(0.00s) onAir=off
[timecode] 17:24:42:02 capture=on(0.01s) onAir=off
[timecode] 17:24:43:02 capture=on(0.01s) onAir=off
[timecode] 17:24:44:02 capture=on(0.00s) onAir=off
[timecode] 17:24:45:02 capture=on(0.01s) onAir=off
[timecode] 17:24:46:02 capture=on(0.01s) onAir=off
[timecode] 17:24:47:02 capture=on(0.01s) onAir=off
[timecode] 17:24:48:02 capture=on(0.01s) onAir=off
[timecode] 17:24:49:02 capture=on(0.01s) onAir=off
[timecode] 17:24:50:02 capture=on(0.02s) onAir=off
[timecode] 17:24:51:03 capture=on(0.02s) onAir=off
[timecode] 17:24:52:03 capture=on(0.03s) onAir=off
[timecode] 17:24:53:03 capture=on(0.00s) onAir=off
[timecode] 17:24:54:03 capture=on(0.01s) onAir=off
[timecode] 17:24:55:03 capture=on(0.01s) onAir=off
[timecode] 17:24:56:03 capture=on(0.01s) onAir=off
[timecode] 17:24:57:03 capture=on(0.01s) onAir=off
[timecode] 17:24:58:03 capture=on(0.02s) onAir=off
[timecode] 17:24:59:04 capture=on(0.02s) onAir=off
[timecode] 17:25:00:04 capture=on(0.04s) onAir=off
[timecode] 17:25:01:04 capture=on(0.00s) onAir=off
[timecode] 17:25:02:04 capture=on(0.01s) onAir=off
[timecode] 17:25:03:04 capture=on(0.01s) onAir=off
[timecode] 17:25:04:05 capture=on(0.02s) onAir=off
[timecode] 17:25:05:05 capture=on(0.02s) onAir=off
[timecode] 17:25:06:05 capture=on(0.03s) onAir=off
[timecode] 17:25:07:05 capture=on(0.00s) onAir=off
[timecode] 17:25:08:05 capture=on(0.01s) onAir=off
[timecode] 17:25:09:05 capture=on(0.01s) onAir=off
[timecode] 17:25:10:05 capture=on(0.02s) onAir=off
[timecode] 17:25:11:06 capture=on(0.02s) onAir=off
[timecode] 17:25:12:06 capture=on(0.02s) onAir=off
[timecode] 17:25:13:06 capture=on(0.03s) onAir=off
[timecode] 17:25:14:06 capture=on(0.00s) onAir=off
[timecode] 17:25:15:06 capture=on(0.01s) onAir=off
[timecode] 17:25:16:06 capture=on(0.01s) onAir=off
[timecode] 17:25:17:06 capture=on(0.01s) onAir=off
[timecode] 17:25:18:06 capture=on(0.01s) onAir=off
[timecode] 17:25:19:06 capture=on(0.02s) onAir=off
[timecode] 17:25:20:07 capture=on(0.03s) onAir=off
[timecode] 17:25:21:07 capture=on(0.03s) onAir=off
[timecode] 17:25:22:07 capture=on(0.00s) onAir=off
[timecode] 17:25:23:07 capture=on(0.01s) onAir=off
[timecode] 17:25:24:07 capture=on(0.01s) onAir=off
[timecode] 17:25:25:07 capture=on(0.01s) onAir=off
[timecode] 17:25:26:07 capture=on(0.01s) onAir=off
[timecode] 17:25:27:07 capture=on(0.01s) onAir=off
[timecode] 17:25:28:07 capture=on(0.01s) onAir=off
[timecode] 17:25:29:07 capture=on(0.01s) onAir=off
[timecode] 17:25:30:07 capture=on(0.01s) onAir=off
[timecode] 17:25:31:08 capture=on(0.02s) onAir=off
[timecode] 17:25:32:08 capture=on(0.03s) onAir=off
[timecode] 17:25:33:08 capture=on(0.00s) onAir=off
[timecode] 17:25:34:08 capture=on(0.01s) onAir=off
[timecode] 17:25:35:08 capture=on(0.01s) onAir=off
[timecode] 17:25:36:08 capture=on(0.01s) onAir=off
[timecode] 17:25:37:08 capture=on(0.01s) onAir=off
[timecode] 17:25:38:08 capture=on(0.01s) onAir=off
[timecode] 17:25:39:08 capture=on(0.01s) onAir=off
[timecode] 17:25:40:08 capture=on(0.01s) onAir=off
[timecode] 17:25:41:08 capture=on(0.01s) onAir=off
[timecode] 17:25:42:08 capture=on(0.01s) onAir=off
[timecode] 17:25:43:08 capture=on(0.02s) onAir=off
[timecode] 17:25:44:09 capture=on(0.02s) onAir=off
[timecode] 17:25:45:09 capture=on(0.02s) onAir=off
[timecode] 17:25:46:09 capture=on(0.03s) onAir=off
[timecode] 17:25:47:09 capture=on(0.04s) onAir=off
[timecode] 17:25:48:09 capture=on(0.00s) onAir=off
[timecode] 17:25:49:09 capture=on(0.01s) onAir=off
[timecode] 17:25:50:09 capture=on(0.01s) onAir=off
[timecode] 17:25:51:10 capture=on(0.02s) onAir=off
[timecode] 17:25:52:10 capture=on(0.03s) onAir=off
[timecode] 17:25:53:10 capture=on(0.03s) onAir=off
[timecode] 17:25:54:10 capture=on(0.01s) onAir=off
[timecode] 17:25:55:10 capture=on(0.01s) onAir=off
[timecode] 17:25:56:10 capture=on(0.01s) onAir=off
[timecode] 17:25:57:10 capture=on(0.01s) onAir=off
[timecode] 17:25:58:10 capture=on(0.01s) onAir=off
[timecode] 17:25:59:10 capture=on(0.01s) onAir=off
[timecode] 17:26:00:11 capture=on(0.02s) onAir=off
[timecode] 17:26:01:11 capture=on(0.03s) onAir=off
[timecode] 17:26:02:11 capture=on(0.03s) onAir=off
[timecode] 17:26:03:11 capture=on(0.04s) onAir=off
[timecode] 17:26:04:11 capture=on(0.01s) onAir=off
[timecode] 17:26:05:11 capture=on(0.01s) onAir=off
[timecode] 17:26:06:12 capture=on(0.02s) onAir=off
[timecode] 17:26:07:12 capture=on(0.02s) onAir=off
[timecode] 17:26:08:12 capture=on(0.03s) onAir=off
[timecode] 17:26:09:12 capture=on(0.01s) onAir=off
[timecode] 17:26:10:12 capture=on(0.01s) onAir=off
[timecode] 17:26:11:13 capture=on(0.02s) onAir=off
[timecode] 17:26:12:13 capture=on(0.03s) onAir=off
[timecode] 17:26:13:13 capture=on(0.03s) onAir=off
[timecode] 17:26:14:13 capture=on(0.00s) onAir=off
[timecode] 17:26:15:13 capture=on(0.01s) onAir=off
[timecode] 17:26:16:13 capture=on(0.01s) onAir=off
[timecode] 17:26:17:13 capture=on(0.01s) onAir=off
[timecode] 17:26:18:13 capture=on(0.01s) onAir=off
[timecode] 17:26:19:14 capture=on(0.01s) onAir=off
[timecode] 17:26:20:14 capture=on(0.02s) onAir=off
[timecode] 17:26:21:14 capture=on(0.03s) onAir=off
[timecode] 17:26:22:14 capture=on(0.04s) onAir=off
[timecode] 17:26:23:14 capture=on(0.01s) onAir=off
[timecode] 17:26:24:14 capture=on(0.01s) onAir=off
[timecode] 17:26:25:14 capture=on(0.01s) onAir=off
[timecode] 17:26:26:14 capture=on(0.01s) onAir=off
[timecode] 17:26:27:15 capture=on(0.02s) onAir=off
[timecode] 17:26:28:15 capture=on(0.02s) onAir=off
[timecode] 17:26:29:15 capture=on(0.02s) onAir=off
[timecode] 17:26:30:15 capture=on(0.03s) onAir=off
[timecode] 17:26:31:15 capture=on(0.00s) onAir=off
[timecode] 17:26:32:15 capture=on(0.01s) onAir=off
[timecode] 17:26:33:15 capture=on(0.01s) onAir=off
[timecode] 17:26:34:15 capture=on(0.01s) onAir=off
[timecode] 17:26:35:15 capture=on(0.01s) onAir=off
[timecode] 17:26:36:15 capture=on(0.01s) onAir=off
[timecode] 17:26:37:15 capture=on(0.01s) onAir=off
[timecode] 17:26:38:15 capture=on(0.01s) onAir=off
[timecode] 17:26:39:15 capture=on(0.01s) onAir=off
[timecode] 17:26:40:15 capture=on(0.01s) onAir=off
[timecode] 17:26:41:15 capture=on(0.01s) onAir=off
[timecode] 17:26:42:16 capture=on(0.02s) onAir=off
[timecode] 17:26:43:16 capture=on(0.02s) onAir=off
[timecode] 17:26:44:16 capture=on(0.02s) onAir=off
[timecode] 17:26:45:16 capture=on(0.03s) onAir=off
[timecode] 17:26:46:16 capture=on(0.00s) onAir=off
[timecode] 17:26:47:16 capture=on(0.00s) onAir=off
[timecode] 17:26:48:16 capture=on(0.01s) onAir=off
[timecode] 17:26:49:16 capture=on(0.01s) onAir=off
[timecode] 17:26:50:16 capture=on(0.01s) onAir=off
[timecode] 17:26:51:16 capture=on(0.01s) onAir=off
[timecode] 17:26:52:16 capture=on(0.01s) onAir=off
[timecode] 17:26:53:16 capture=on(0.01s) onAir=off
[timecode] 17:26:54:16 capture=on(0.01s) onAir=off
[timecode] 17:26:55:16 capture=on(0.01s) onAir=off
[timecode] 17:26:56:16 capture=on(0.01s) onAir=off
[timecode] 17:26:57:16 capture=on(0.01s) onAir=off
[timecode] 17:26:58:17 capture=on(0.02s) onAir=off
[timecode] 17:26:59:17 capture=on(0.02s) onAir=off
[timecode] 17:27:00:17 capture=on(0.03s) onAir=off
[timecode] 17:27:01:17 capture=on(0.03s) onAir=off
[timecode] 17:27:02:17 capture=on(0.01s) onAir=off
[timecode] 17:27:03:17 capture=on(0.00s) onAir=off
[timecode] 17:27:04:18 capture=on(0.01s) onAir=off
[timecode] 17:27:05:18 capture=on(0.02s) onAir=off
[timecode] 17:27:06:18 capture=on(0.03s) onAir=off
[timecode] 17:27:07:18 capture=on(0.04s) onAir=off
[timecode] 17:27:08:18 capture=on(0.00s) onAir=off
[timecode] 17:27:09:18 capture=on(0.01s) onAir=off
[timecode] 17:27:10:18 capture=on(0.01s) onAir=off
[timecode] 17:27:11:18 capture=on(0.01s) onAir=off
[timecode] 17:27:12:18 capture=on(0.01s) onAir=off
[timecode] 17:27:13:18 capture=on(0.01s) onAir=off
[timecode] 17:27:14:19 capture=on(0.02s) onAir=off
[timecode] 17:27:15:19 capture=on(0.02s) onAir=off
[timecode] 17:27:16:19 capture=on(0.03s) onAir=off
[timecode] 17:27:17:19 capture=on(0.04s) onAir=off
[timecode] 17:27:18:19 capture=on(0.01s) onAir=off
[timecode] 17:27:19:19 capture=on(0.01s) onAir=off
[timecode] 17:27:20:20 capture=on(0.02s) onAir=off
[timecode] 17:27:21:20 capture=on(0.03s) onAir=off
[timecode] 17:27:22:20 capture=on(0.00s) onAir=off
[timecode] 17:27:23:20 capture=on(0.00s) onAir=off
[timecode] 17:27:24:20 capture=on(0.00s) onAir=off
[timecode] 17:27:25:20 capture=on(0.01s) onAir=off
[timecode] 17:27:26:21 capture=on(0.01s) onAir=off
[timecode] 17:27:27:21 capture=on(0.02s) onAir=off
[timecode] 17:27:28:21 capture=on(0.02s) onAir=off
[timecode] 17:27:29:21 capture=on(0.03s) onAir=off
[timecode] 17:27:30:21 capture=on(0.04s) onAir=off
[timecode] 17:27:31:21 capture=on(0.01s) onAir=off
[timecode] 17:27:32:21 capture=on(0.01s) onAir=off
[timecode] 17:27:33:21 capture=on(0.01s) onAir=off
[timecode] 17:27:34:22 capture=on(0.01s) onAir=off
[timecode] 17:27:35:22 capture=on(0.02s) onAir=off
[timecode] 17:27:36:22 capture=on(0.02s) onAir=off
[timecode] 17:27:37:22 capture=on(0.03s) onAir=off
[timecode] 17:27:38:22 capture=on(0.00s) onAir=off
[timecode] 17:27:39:22 capture=on(0.01s) onAir=off
[timecode] 17:27:40:22 capture=on(0.01s) onAir=off
[timecode] 17:27:41:22 capture=on(0.01s) onAir=off
[timecode] 17:27:42:22 capture=on(0.01s) onAir=off
[timecode] 17:27:43:22 capture=on(0.01s) onAir=off
[timecode] 17:27:44:22 capture=on(0.01s) onAir=off
[timecode] 17:27:45:22 capture=on(0.01s) onAir=off
[timecode] 17:27:46:22 capture=on(0.01s) onAir=off
[timecode] 17:27:47:22 capture=on(0.01s) onAir=off
[timecode] 17:27:48:22 capture=on(0.01s) onAir=off
[timecode] 17:27:49:22 capture=on(0.01s) onAir=off
[timecode] 17:27:50:23 capture=on(0.02s) onAir=off
[timecode] 17:27:51:23 capture=on(0.03s) onAir=off
[timecode] 17:27:52:23 capture=on(0.04s) onAir=off
[timecode] 17:27:53:23 capture=on(0.04s) onAir=off
[timecode] 17:27:54:23 capture=on(0.00s) onAir=off
[timecode] 17:27:55:23 capture=on(0.01s) onAir=off
[timecode] 17:27:56:23 capture=on(0.01s) onAir=off
[timecode] 17:27:57:23 capture=on(0.01s) onAir=off
[timecode] 17:27:58:24 capture=on(0.01s) onAir=off
[timecode] 17:27:59:24 capture=on(0.02s) onAir=off
[timecode] 17:28:00:24 capture=on(0.03s) onAir=off
[timecode] 17:28:01:24 capture=on(0.01s) onAir=off
[timecode] 17:28:02:24 capture=on(0.01s) onAir=off
[timecode] 17:28:04:00 capture=on(0.02s) onAir=off
[timecode] 17:28:05:00 capture=on(0.03s) onAir=off
[timecode] 17:28:06:00 capture=on(0.04s) onAir=off
[timecode] 17:28:07:00 capture=on(0.00s) onAir=off
[timecode] 17:28:08:00 capture=on(0.01s) onAir=off
[timecode] 17:28:09:01 capture=on(0.01s) onAir=off
[timecode] 17:28:10:01 capture=on(0.01s) onAir=off
[timecode] 17:28:11:01 capture=on(0.01s) onAir=off
[timecode] 17:28:12:01 capture=on(0.02s) onAir=off
[timecode] 17:28:13:01 capture=on(0.02s) onAir=off
[timecode] 17:28:14:01 capture=on(0.03s) onAir=off
[timecode] 17:28:15:01 capture=on(0.03s) onAir=off
[timecode] 17:28:16:01 capture=on(0.04s) onAir=off
[timecode] 17:28:17:01 capture=on(0.01s) onAir=off
[timecode] 17:28:18:01 capture=on(0.01s) onAir=off
[timecode] 17:28:19:02 capture=on(0.01s) onAir=off
[timecode] 17:28:20:02 capture=on(0.01s) onAir=off
[timecode] 17:28:21:02 capture=on(0.01s) onAir=off
[timecode] 17:28:22:02 capture=on(0.01s) onAir=off
[timecode] 17:28:23:02 capture=on(0.01s) onAir=off
[timecode] 17:28:24:02 capture=on(0.01s) onAir=off
[timecode] 17:28:25:02 capture=on(0.01s) onAir=off
[timecode] 17:28:26:02 capture=on(0.02s) onAir=off
[timecode] 17:28:27:02 capture=on(0.03s) onAir=off
[timecode] 17:28:28:02 capture=on(0.03s) onAir=off
[timecode] 17:28:29:02 capture=on(0.00s) onAir=off
[timecode] 17:28:30:03 capture=on(0.01s) onAir=off
[timecode] 17:28:31:03 capture=on(0.02s) onAir=off
[timecode] 17:28:32:03 capture=on(0.03s) onAir=off
[timecode] 17:28:33:03 capture=on(0.03s) onAir=off
[timecode] 17:28:34:03 capture=on(0.00s) onAir=off
[timecode] 17:28:35:03 capture=on(0.01s) onAir=off
[timecode] 17:28:36:04 capture=on(0.01s) onAir=off
[timecode] 17:28:37:04 capture=on(0.01s) onAir=off
[timecode] 17:28:38:04 capture=on(0.02s) onAir=off
[timecode] 17:28:39:04 capture=on(0.02s) onAir=off
[timecode] 17:28:40:04 capture=on(0.03s) onAir=off
[timecode] 17:28:41:04 capture=on(0.04s) onAir=off
[timecode] 17:28:42:05 capture=on(0.01s) onAir=off
[timecode] 17:28:43:05 capture=on(0.01s) onAir=off
[timecode] 17:28:44:05 capture=on(0.02s) onAir=off
[timecode] 17:28:45:05 capture=on(0.03s) onAir=off
[timecode] 17:28:46:05 capture=on(0.00s) onAir=off
[timecode] 17:28:47:06 capture=on(0.01s) onAir=off
[timecode] 17:28:48:06 capture=on(0.02s) onAir=off
[timecode] 17:28:49:06 capture=on(0.03s) onAir=off
[timecode] 17:28:50:06 capture=on(0.00s) onAir=off
[timecode] 17:28:51:07 capture=on(0.01s) onAir=off
[timecode] 17:28:52:07 capture=on(0.00s) onAir=off
[timecode] 17:28:53:07 capture=on(0.01s) onAir=off
[timecode] 17:28:54:07 capture=on(0.01s) onAir=off
[timecode] 17:28:55:07 capture=on(0.03s) onAir=off
[timecode] 17:28:56:07 capture=on(0.04s) onAir=off
[timecode] 17:28:57:07 capture=on(0.00s) onAir=off
[timecode] 17:28:58:07 capture=on(0.00s) onAir=off
[timecode] 17:28:59:08 capture=on(0.00s) onAir=off
[timecode] 17:29:00:08 capture=on(0.01s) onAir=off
[timecode] 17:29:01:08 capture=on(0.00s) onAir=off
[timecode] 17:29:02:08 capture=on(0.00s) onAir=off
[timecode] 17:29:03:08 capture=on(0.00s) onAir=off
[timecode] 17:29:04:08 capture=on(0.00s) onAir=off
[timecode] 17:29:05:08 capture=on(0.01s) onAir=off
[timecode] 17:29:06:08 capture=on(0.00s) onAir=off
[timecode] 17:29:07:08 capture=on(0.01s) onAir=off
[timecode] 17:29:08:08 capture=on(0.01s) onAir=off
[timecode] 17:29:09:08 capture=on(0.01s) onAir=off
[timecode] 17:29:10:08 capture=on(0.01s) onAir=off
[timecode] 17:29:11:08 capture=on(0.00s) onAir=off
[timecode] 17:29:12:08 capture=on(0.01s) onAir=off
[timecode] 17:29:13:08 capture=on(0.00s) onAir=off
[timecode] 17:29:14:08 capture=on(0.00s) onAir=off
[timecode] 17:29:15:08 capture=on(0.00s) onAir=off
[timecode] 17:29:16:08 capture=on(0.00s) onAir=off
[timecode] 17:29:17:08 capture=on(0.00s) onAir=off
[timecode] 17:29:18:08 capture=on(0.01s) onAir=off
[timecode] 17:29:19:08 capture=on(0.01s) onAir=off
[timecode] 17:29:20:08 capture=on(0.01s) onAir=off
[timecode] 17:29:21:08 capture=on(0.01s) onAir=off
[timecode] 17:29:22:08 capture=on(0.02s) onAir=off
[timecode] 17:29:23:08 capture=on(0.02s) onAir=off
[timecode] 17:29:24:08 capture=on(0.03s) onAir=off
[timecode] 17:29:25:09 capture=on(0.00s) onAir=off
[timecode] 17:29:26:09 capture=on(0.01s) onAir=off
[timecode] 17:29:27:09 capture=on(0.01s) onAir=off
[timecode] 17:29:28:09 capture=on(0.01s) onAir=off
[timecode] 17:29:29:09 capture=on(0.01s) onAir=off
[timecode] 17:29:30:09 capture=on(0.01s) onAir=off
[timecode] 17:29:31:09 capture=on(0.02s) onAir=off
[timecode] 17:29:32:09 capture=on(0.03s) onAir=off
[timecode] 17:29:33:09 capture=on(0.00s) onAir=off
[timecode] 17:29:34:10 capture=on(0.01s) onAir=off
[timecode] 17:29:35:10 capture=on(0.02s) onAir=off
[timecode] 17:29:36:10 capture=on(0.03s) onAir=off
[timecode] 17:29:37:10 capture=on(0.03s) onAir=off
[timecode] 17:29:38:10 capture=on(0.00s) onAir=off
[timecode] 17:29:39:11 capture=on(0.00s) onAir=off
[timecode] 17:29:40:11 capture=on(0.01s) onAir=off
[timecode] 17:29:41:11 capture=on(0.01s) onAir=off
[timecode] 17:29:42:11 capture=on(0.02s) onAir=off
[timecode] 17:29:43:11 capture=on(0.03s) onAir=off
[timecode] 17:29:44:12 capture=on(0.00s) onAir=off
[timecode] 17:29:45:12 capture=on(0.01s) onAir=off
[timecode] 17:29:46:12 capture=on(0.01s) onAir=off
[timecode] 17:29:47:12 capture=on(0.02s) onAir=off
[timecode] 17:29:48:12 capture=on(0.04s) onAir=off
[timecode] 17:29:49:13 capture=on(0.00s) onAir=off
[timecode] 17:29:50:13 capture=on(0.01s) onAir=off
[timecode] 17:29:51:13 capture=on(0.01s) onAir=off
[timecode] 17:29:52:13 capture=on(0.01s) onAir=off
[timecode] 17:29:53:13 capture=on(0.01s) onAir=off
[timecode] 17:29:54:13 capture=on(0.01s) onAir=off
[timecode] 17:29:55:13 capture=on(0.01s) onAir=off
[timecode] 17:29:56:13 capture=on(0.02s) onAir=off
[timecode] 17:29:57:13 capture=on(0.04s) onAir=off
[timecode] 17:29:58:13 capture=on(0.04s) onAir=off
[timecode] 17:29:59:13 capture=on(0.00s) onAir=off
[timecode] 17:30:00:13 capture=on(0.00s) onAir=off
[timecode] 17:30:01:14 capture=on(0.00s) onAir=off
[timecode] 17:30:02:14 capture=on(0.01s) onAir=off
[timecode] 17:30:03:14 capture=on(0.01s) onAir=off
[timecode] 17:30:04:14 capture=on(0.01s) onAir=off
[timecode] 17:30:05:14 capture=on(0.01s) onAir=off
[timecode] 17:30:06:14 capture=on(0.02s) onAir=off
[timecode] 17:30:07:14 capture=on(0.03s) onAir=off
[timecode] 17:30:08:14 capture=on(0.03s) onAir=off
[timecode] 17:30:09:14 capture=on(0.04s) onAir=off
[timecode] 17:30:10:15 capture=on(0.00s) onAir=off
[timecode] 17:30:11:15 capture=on(0.01s) onAir=off
[timecode] 17:30:12:15 capture=on(0.01s) onAir=off
[timecode] 17:30:13:15 capture=on(0.01s) onAir=off
[timecode] 17:30:14:15 capture=on(0.01s) onAir=off
[timecode] 17:30:15:15 capture=on(0.01s) onAir=off
[timecode] 17:30:16:15 capture=on(0.01s) onAir=off
[timecode] 17:30:17:15 capture=on(0.01s) onAir=off
[timecode] 17:30:18:15 capture=on(0.01s) onAir=off
[timecode] 17:30:19:15 capture=on(0.02s) onAir=off
[timecode] 17:30:20:15 capture=on(0.03s) onAir=off
[timecode] 17:30:21:15 capture=on(0.03s) onAir=off
[timecode] 17:30:22:15 capture=on(0.03s) onAir=off
[timecode] 17:30:23:16 capture=on(0.00s) onAir=off
[timecode] 17:30:24:16 capture=on(0.01s) onAir=off
[timecode] 17:30:25:16 capture=on(0.00s) onAir=off
[timecode] 17:30:26:16 capture=on(0.01s) onAir=off
[timecode] 17:30:27:16 capture=on(0.02s) onAir=off
[timecode] 17:30:28:16 capture=on(0.02s) onAir=off
[timecode] 17:30:29:16 capture=on(0.03s) onAir=off
[timecode] 17:30:30:16 capture=on(0.03s) onAir=off
[timecode] 17:30:31:17 capture=on(0.00s) onAir=off
[timecode] 17:30:32:17 capture=on(0.01s) onAir=off
[timecode] 17:30:33:17 capture=on(0.01s) onAir=off
[timecode] 17:30:34:17 capture=on(0.01s) onAir=off
[timecode] 17:30:35:17 capture=on(0.01s) onAir=off
[timecode] 17:30:36:17 capture=on(0.02s) onAir=off
[timecode] 17:30:37:17 capture=on(0.03s) onAir=off
[timecode] 17:30:38:17 capture=on(0.03s) onAir=off
[timecode] 17:30:39:17 capture=on(0.03s) onAir=off
[timecode] 17:30:40:17 capture=on(0.03s) onAir=off
[timecode] 17:30:41:18 capture=on(0.04s) onAir=off
[timecode] 17:30:42:18 capture=on(0.01s) onAir=off
[timecode] 17:30:43:18 capture=on(0.01s) onAir=off
[timecode] 17:30:44:18 capture=on(0.01s) onAir=off
[timecode] 17:30:45:18 capture=on(0.01s) onAir=off
[timecode] 17:30:46:18 capture=on(0.01s) onAir=off
[timecode] 17:30:47:18 capture=on(0.01s) onAir=off
[timecode] 17:30:48:18 capture=on(0.01s) onAir=off
[timecode] 17:30:49:18 capture=on(0.01s) onAir=off
[timecode] 17:30:50:18 capture=on(0.01s) onAir=off
[timecode] 17:30:51:18 capture=on(0.01s) onAir=off
[timecode] 17:30:52:18 capture=on(0.01s) onAir=off
[timecode] 17:30:53:18 capture=on(0.01s) onAir=off
[timecode] 17:30:54:18 capture=on(0.01s) onAir=off
[timecode] 17:30:55:18 capture=on(0.03s) onAir=off
[timecode] 17:30:56:18 capture=on(0.03s) onAir=off
[timecode] 17:30:57:19 capture=on(0.00s) onAir=off
[timecode] 17:30:58:19 capture=on(0.01s) onAir=off
[timecode] 17:30:59:19 capture=on(0.01s) onAir=off
[timecode] 17:31:00:19 capture=on(0.02s) onAir=off
[timecode] 17:31:01:19 capture=on(0.03s) onAir=off
[timecode] 17:31:02:19 capture=on(0.03s) onAir=off
[timecode] 17:31:03:20 capture=on(0.04s) onAir=off
[timecode] 17:31:04:20 capture=on(0.01s) onAir=off
[timecode] 17:31:05:20 capture=on(0.01s) onAir=off
[timecode] 17:31:06:20 capture=on(0.01s) onAir=off
[timecode] 17:31:07:20 capture=on(0.01s) onAir=off
[timecode] 17:31:08:20 capture=on(0.01s) onAir=off
[timecode] 17:31:09:20 capture=on(0.02s) onAir=off
[timecode] 17:31:10:20 capture=on(0.02s) onAir=off
[timecode] 17:31:11:20 capture=on(0.03s) onAir=off
[timecode] 17:31:12:20 capture=on(0.03s) onAir=off
[timecode] 17:31:13:21 capture=on(0.00s) onAir=off
[timecode] 17:31:14:21 capture=on(0.00s) onAir=off
[timecode] 17:31:15:21 capture=on(0.01s) onAir=off
[timecode] 17:31:16:21 capture=on(0.01s) onAir=off
[timecode] 17:31:17:21 capture=on(0.01s) onAir=off
[timecode] 17:31:18:21 capture=on(0.01s) onAir=off
[timecode] 17:31:19:21 capture=on(0.01s) onAir=off
[timecode] 17:31:20:21 capture=on(0.01s) onAir=off
[timecode] 17:31:21:21 capture=on(0.01s) onAir=off
[timecode] 17:31:22:21 capture=on(0.01s) onAir=off
[timecode] 17:31:23:21 capture=on(0.02s) onAir=off
[timecode] 17:31:24:21 capture=on(0.03s) onAir=off
[timecode] 17:31:25:22 capture=on(0.00s) onAir=off
[timecode] 17:31:26:22 capture=on(0.00s) onAir=off
[timecode] 17:31:27:22 capture=on(0.01s) onAir=off
[timecode] 17:31:28:22 capture=on(0.01s) onAir=off
[timecode] 17:31:29:22 capture=on(0.01s) onAir=off
[timecode] 17:31:30:22 capture=on(0.01s) onAir=off
[timecode] 17:31:31:22 capture=on(0.01s) onAir=off
[timecode] 17:31:32:22 capture=on(0.01s) onAir=off
[timecode] 17:31:33:22 capture=on(0.01s) onAir=off
[timecode] 17:31:34:22 capture=on(0.01s) onAir=off
[timecode] 17:31:35:22 capture=on(0.01s) onAir=off
[timecode] 17:31:36:22 capture=on(0.03s) onAir=off
[timecode] 17:31:37:23 capture=on(0.04s) onAir=off
[timecode] 17:31:38:23 capture=on(0.04s) onAir=off
[timecode] 17:31:39:23 capture=on(0.00s) onAir=off
[timecode] 17:31:40:23 capture=on(0.01s) onAir=off
[timecode] 17:31:41:23 capture=on(0.01s) onAir=off
[timecode] 17:31:42:23 capture=on(0.02s) onAir=off
[timecode] 17:31:43:23 capture=on(0.02s) onAir=off
[timecode] 17:31:44:23 capture=on(0.03s) onAir=off
[timecode] 17:31:45:24 capture=on(0.00s) onAir=off
[timecode] 17:31:46:24 capture=on(0.00s) onAir=off
[timecode] 17:31:47:24 capture=on(0.00s) onAir=off
[timecode] 17:31:48:24 capture=on(0.00s) onAir=off
[timecode] 17:31:49:24 capture=on(0.00s) onAir=off
[timecode] 17:31:50:24 capture=on(0.01s) onAir=off
[timecode] 17:31:51:24 capture=on(0.01s) onAir=off
[timecode] 17:31:52:24 capture=on(0.02s) onAir=off
[timecode] 17:31:53:24 capture=on(0.02s) onAir=off
[timecode] 17:31:55:00 capture=on(0.03s) onAir=off
[timecode] 17:31:56:00 capture=on(0.01s) onAir=off
[timecode] 17:31:57:00 capture=on(0.01s) onAir=off
[timecode] 17:31:58:00 capture=on(0.01s) onAir=off
[timecode] 17:31:59:00 capture=on(0.01s) onAir=off
[timecode] 17:32:00:00 capture=on(0.01s) onAir=off
[timecode] 17:32:01:00 capture=on(0.03s) onAir=off
[timecode] 17:32:02:01 capture=on(0.04s) onAir=off
[timecode] 17:32:03:01 capture=on(0.01s) onAir=off
[timecode] 17:32:04:01 capture=on(0.01s) onAir=off
[timecode] 17:32:05:01 capture=on(0.01s) onAir=off
[timecode] 17:32:06:01 capture=on(0.00s) onAir=off
[timecode] 17:32:07:01 capture=on(0.01s) onAir=off
[timecode] 17:32:08:01 capture=on(0.01s) onAir=off
[timecode] 17:32:09:01 capture=on(0.01s) onAir=off
[timecode] 17:32:10:01 capture=on(0.02s) onAir=off
[timecode] 17:32:11:01 capture=on(0.02s) onAir=off
[timecode] 17:32:12:02 capture=on(0.03s) onAir=off
[timecode] 17:32:13:02 capture=on(0.01s) onAir=off
[timecode] 17:32:14:02 capture=on(0.01s) onAir=off
[timecode] 17:32:15:02 capture=on(0.01s) onAir=off
[timecode] 17:32:16:02 capture=on(0.02s) onAir=off
[timecode] 17:32:17:02 capture=on(0.03s) onAir=off
[timecode] 17:32:18:03 capture=on(0.00s) onAir=off
[timecode] 17:32:19:03 capture=on(0.01s) onAir=off
[timecode] 17:32:20:03 capture=on(0.02s) onAir=off
[timecode] 17:32:21:04 capture=on(0.03s) onAir=off
[timecode] 17:32:22:04 capture=on(0.00s) onAir=off
[timecode] 17:32:23:04 capture=on(0.01s) onAir=off
[timecode] 17:32:24:04 capture=on(0.01s) onAir=off
[timecode] 17:32:25:04 capture=on(0.01s) onAir=off
[timecode] 17:32:26:04 capture=on(0.01s) onAir=off
[timecode] 17:32:27:04 capture=on(0.01s) onAir=off
[timecode] 17:32:28:04 capture=on(0.01s) onAir=off
[timecode] 17:32:29:04 capture=on(0.02s) onAir=off
[timecode] 17:32:30:04 capture=on(0.03s) onAir=off
[timecode] 17:32:31:04 capture=on(0.03s) onAir=off
[timecode] 17:32:32:05 capture=on(0.01s) onAir=off
[timecode] 17:32:33:05 capture=on(0.01s) onAir=off
[timecode] 17:32:34:05 capture=on(0.01s) onAir=off
[timecode] 17:32:35:05 capture=on(0.01s) onAir=off
[timecode] 17:32:36:05 capture=on(0.01s) onAir=off
[timecode] 17:32:37:05 capture=on(0.01s) onAir=off
[timecode] 17:32:38:05 capture=on(0.02s) onAir=off
[timecode] 17:32:39:06 capture=on(0.03s) onAir=off
[timecode] 17:32:40:06 capture=on(0.04s) onAir=off
[timecode] 17:32:41:06 capture=on(0.00s) onAir=off
[timecode] 17:32:42:06 capture=on(0.00s) onAir=off
[timecode] 17:32:43:06 capture=on(0.00s) onAir=off
[timecode] 17:32:44:06 capture=on(0.01s) onAir=off
[timecode] 17:32:45:06 capture=on(0.02s) onAir=off
[timecode] 17:32:46:06 capture=on(0.02s) onAir=off
[timecode] 17:32:47:06 capture=on(0.03s) onAir=off
[timecode] 17:32:48:07 capture=on(0.03s) onAir=off
[timecode] 17:32:49:07 capture=on(0.04s) onAir=off
[timecode] 17:32:50:07 capture=on(0.01s) onAir=off
[timecode] 17:32:51:07 capture=on(0.02s) onAir=off
[timecode] 17:32:52:07 capture=on(0.03s) onAir=off
[timecode] 17:32:53:07 capture=on(0.03s) onAir=off
[timecode] 17:32:54:08 capture=on(0.03s) onAir=off
[timecode] 17:32:55:08 capture=on(0.00s) onAir=off
[timecode] 17:32:56:08 capture=on(0.01s) onAir=off
[timecode] 17:32:57:08 capture=on(0.01s) onAir=off
[timecode] 17:32:58:08 capture=on(0.01s) onAir=off
[timecode] 17:32:59:08 capture=on(0.02s) onAir=off
[timecode] 17:33:00:08 capture=on(0.02s) onAir=off
[timecode] 17:33:01:08 capture=on(0.03s) onAir=off
[timecode] 17:33:02:09 capture=on(0.03s) onAir=off
[timecode] 17:33:03:09 capture=on(0.03s) onAir=off
[timecode] 17:33:04:09 capture=on(0.00s) onAir=off
[timecode] 17:33:05:09 capture=on(0.01s) onAir=off
[timecode] 17:33:06:09 capture=on(0.01s) onAir=off
[timecode] 17:33:07:09 capture=on(0.01s) onAir=off
[timecode] 17:33:08:09 capture=on(0.01s) onAir=off
[timecode] 17:33:09:09 capture=on(0.01s) onAir=off
[timecode] 17:33:10:09 capture=on(0.01s) onAir=off
[timecode] 17:33:11:09 capture=on(0.01s) onAir=off
[timecode] 17:33:12:09 capture=on(0.01s) onAir=off
[timecode] 17:33:13:09 capture=on(0.01s) onAir=off
[timecode] 17:33:14:09 capture=on(0.01s) onAir=off
[timecode] 17:33:15:09 capture=on(0.01s) onAir=off
[timecode] 17:33:16:09 capture=on(0.01s) onAir=off
[timecode] 17:33:17:09 capture=on(0.01s) onAir=off
[timecode] 17:33:18:09 capture=on(0.01s) onAir=off
[timecode] 17:33:19:09 capture=on(0.02s) onAir=off
[timecode] 17:33:20:10 capture=on(0.03s) onAir=off
[timecode] 17:33:21:10 capture=on(0.00s) onAir=off
[timecode] 17:33:22:10 capture=on(0.00s) onAir=off
[timecode] 17:33:23:10 capture=on(0.01s) onAir=off
[timecode] 17:33:24:10 capture=on(0.01s) onAir=off
[timecode] 17:33:25:10 capture=on(0.01s) onAir=off
[timecode] 17:33:26:10 capture=on(0.01s) onAir=off
[timecode] 17:33:27:10 capture=on(0.01s) onAir=off
[timecode] 17:33:28:10 capture=on(0.02s) onAir=off
[timecode] 17:33:29:10 capture=on(0.03s) onAir=off
[timecode] 17:33:30:11 capture=on(0.04s) onAir=off
[timecode] 17:33:31:11 capture=on(0.00s) onAir=off
[timecode] 17:33:32:11 capture=on(0.01s) onAir=off
[timecode] 17:33:33:11 capture=on(0.01s) onAir=off
[timecode] 17:33:34:11 capture=on(0.01s) onAir=off
[timecode] 17:33:35:11 capture=on(0.01s) onAir=off
[timecode] 17:33:36:11 capture=on(0.01s) onAir=off
[timecode] 17:33:37:12 capture=on(0.03s) onAir=off
[timecode] 17:33:38:12 capture=on(0.04s) onAir=off
[timecode] 17:33:39:12 capture=on(0.00s) onAir=off
[timecode] 17:33:40:12 capture=on(0.01s) onAir=off
[timecode] 17:33:41:12 capture=on(0.01s) onAir=off
[timecode] 17:33:42:12 capture=on(0.01s) onAir=off
[timecode] 17:33:43:12 capture=on(0.02s) onAir=off
[timecode] 17:33:44:13 capture=on(0.03s) onAir=off
[timecode] 17:33:45:13 capture=on(0.03s) onAir=off
[timecode] 17:33:46:13 capture=on(0.04s) onAir=off
[timecode] 17:33:47:13 capture=on(0.00s) onAir=off
[timecode] 17:33:48:13 capture=on(0.00s) onAir=off
[timecode] 17:33:49:13 capture=on(0.01s) onAir=off
[timecode] 17:33:50:13 capture=on(0.01s) onAir=off
[timecode] 17:33:51:13 capture=on(0.01s) onAir=off
[timecode] 17:33:52:13 capture=on(0.01s) onAir=off
[timecode] 17:33:53:13 capture=on(0.01s) onAir=off
[timecode] 17:33:54:13 capture=on(0.01s) onAir=off
[timecode] 17:33:55:13 capture=on(0.00s) onAir=off
[timecode] 17:33:56:13 capture=on(0.01s) onAir=off
[timecode] 17:33:57:13 capture=on(0.02s) onAir=off
[timecode] 17:33:58:14 capture=on(0.03s) onAir=off
[timecode] 17:33:59:14 capture=on(0.03s) onAir=off
[timecode] 17:34:00:14 capture=on(0.01s) onAir=off
[timecode] 17:34:01:14 capture=on(0.01s) onAir=off
[timecode] 17:34:02:14 capture=on(0.01s) onAir=off
[timecode] 17:34:03:14 capture=on(0.01s) onAir=off
[timecode] 17:34:04:14 capture=on(0.01s) onAir=off
[timecode] 17:34:05:14 capture=on(0.01s) onAir=off
[timecode] 17:34:06:14 capture=on(0.02s) onAir=off
[timecode] 17:34:07:15 capture=on(0.03s) onAir=off
[timecode] 17:34:08:15 capture=on(0.00s) onAir=off
[timecode] 17:34:09:15 capture=on(0.01s) onAir=off
[timecode] 17:34:10:15 capture=on(0.01s) onAir=off
[timecode] 17:34:11:15 capture=on(0.01s) onAir=off
[timecode] 17:34:12:15 capture=on(0.01s) onAir=off
[timecode] 17:34:13:15 capture=on(0.01s) onAir=off
[timecode] 17:34:14:15 capture=on(0.02s) onAir=off
[timecode] 17:34:15:16 capture=on(0.03s) onAir=off
[timecode] 17:34:16:16 capture=on(0.04s) onAir=off
[timecode] 17:34:17:16 capture=on(0.01s) onAir=off
[timecode] 17:34:18:16 capture=on(0.01s) onAir=off
[timecode] 17:34:19:16 capture=on(0.01s) onAir=off
[timecode] 17:34:20:16 capture=on(0.02s) onAir=off
[timecode] 17:34:21:16 capture=on(0.02s) onAir=off
[timecode] 17:34:22:17 capture=on(0.03s) onAir=off
[timecode] 17:34:23:17 capture=on(0.04s) onAir=off
[timecode] 17:34:24:17 capture=on(0.01s) onAir=off
[timecode] 17:34:25:17 capture=on(0.01s) onAir=off
[timecode] 17:34:26:17 capture=on(0.02s) onAir=off
[timecode] 17:34:27:18 capture=on(0.03s) onAir=off
[timecode] 17:34:28:18 capture=on(0.03s) onAir=off
[timecode] 17:34:29:18 capture=on(0.04s) onAir=off
[timecode] 17:34:30:18 capture=on(0.00s) onAir=off
[timecode] 17:34:31:18 capture=on(0.01s) onAir=off
[timecode] 17:34:32:18 capture=on(0.01s) onAir=off
[timecode] 17:34:33:18 capture=on(0.01s) onAir=off
[timecode] 17:34:34:18 capture=on(0.01s) onAir=off
[timecode] 17:34:35:18 capture=on(0.01s) onAir=off
[timecode] 17:34:36:18 capture=on(0.01s) onAir=off
[timecode] 17:34:37:18 capture=on(0.01s) onAir=off
[timecode] 17:34:38:19 capture=on(0.03s) onAir=off
[timecode] 17:34:39:19 capture=on(0.04s) onAir=off
[timecode] 17:34:40:19 capture=on(0.04s) onAir=off
[timecode] 17:34:41:19 capture=on(0.04s) onAir=off
[timecode] 17:34:42:19 capture=on(0.01s) onAir=off
[timecode] 17:34:43:19 capture=on(0.01s) onAir=off
[timecode] 17:34:44:19 capture=on(0.01s) onAir=off
[timecode] 17:34:45:19 capture=on(0.01s) onAir=off
[timecode] 17:34:46:20 capture=on(0.03s) onAir=off
[timecode] 17:34:47:20 capture=on(0.04s) onAir=off
[timecode] 17:34:48:20 capture=on(0.04s) onAir=off
[timecode] 17:34:49:20 capture=on(0.01s) onAir=off
[timecode] 17:34:50:20 capture=on(0.01s) onAir=off
[timecode] 17:34:51:20 capture=on(0.01s) onAir=off
[timecode] 17:34:52:20 capture=on(0.01s) onAir=off
[timecode] 17:34:53:20 capture=on(0.01s) onAir=off
[timecode] 17:34:54:21 capture=on(0.02s) onAir=off
[timecode] 17:34:55:21 capture=on(0.02s) onAir=off
[timecode] 17:34:56:21 capture=on(0.03s) onAir=off
[timecode] 17:34:57:21 capture=on(0.00s) onAir=off
[timecode] 17:34:58:21 capture=on(0.01s) onAir=off
[timecode] 17:34:59:21 capture=on(0.01s) onAir=off
[timecode] 17:35:00:21 capture=on(0.01s) onAir=off
[timecode] 17:35:01:21 capture=on(0.01s) onAir=off
[timecode] 17:35:02:21 capture=on(0.01s) onAir=off
[timecode] 17:35:03:21 capture=on(0.01s) onAir=off
[timecode] 17:35:04:22 capture=on(0.02s) onAir=off
[timecode] 17:35:05:22 capture=on(0.02s) onAir=off
[timecode] 17:35:06:22 capture=on(0.02s) onAir=off
[timecode] 17:35:07:22 capture=on(0.03s) onAir=off
[timecode] 17:35:08:22 capture=on(0.04s) onAir=off
[timecode] 17:35:09:22 capture=on(0.00s) onAir=off
[timecode] 17:35:10:22 capture=on(0.00s) onAir=off
[timecode] 17:35:11:22 capture=on(0.01s) onAir=off
[timecode] 17:35:12:22 capture=on(0.01s) onAir=off
[timecode] 17:35:13:22 capture=on(0.01s) onAir=off
[timecode] 17:35:14:22 capture=on(0.01s) onAir=off
[timecode] 17:35:15:22 capture=on(0.01s) onAir=off
[timecode] 17:35:16:22 capture=on(0.01s) onAir=off
[timecode] 17:35:17:23 capture=on(0.02s) onAir=off
[timecode] 17:35:18:23 capture=on(0.03s) onAir=off
[timecode] 17:35:19:23 capture=on(0.01s) onAir=off
[timecode] 17:35:20:23 capture=on(0.01s) onAir=off
[timecode] 17:35:21:23 capture=on(0.01s) onAir=off
[timecode] 17:35:22:23 capture=on(0.01s) onAir=off
[timecode] 17:35:23:23 capture=on(0.01s) onAir=off
[timecode] 17:35:24:24 capture=on(0.02s) onAir=off
[timecode] 17:35:25:24 capture=on(0.03s) onAir=off
[timecode] 17:35:26:24 capture=on(0.04s) onAir=off
[timecode] 17:35:27:24 capture=on(0.00s) onAir=off
[timecode] 17:35:28:24 capture=on(0.00s) onAir=off
[timecode] 17:35:29:24 capture=on(0.00s) onAir=off
[timecode] 17:35:30:24 capture=on(0.00s) onAir=off
[timecode] 17:35:32:00 capture=on(0.02s) onAir=off
[timecode] 17:35:33:00 capture=on(0.03s) onAir=off
[timecode] 17:35:34:00 capture=on(0.00s) onAir=off
[timecode] 17:35:35:00 capture=on(0.00s) onAir=off
[timecode] 17:35:36:00 capture=on(0.00s) onAir=off
[timecode] 17:35:37:00 capture=on(0.00s) onAir=off
[timecode] 17:35:38:00 capture=on(0.00s) onAir=off
[timecode] 17:35:39:00 capture=on(0.01s) onAir=off
[timecode] 17:35:40:01 capture=on(0.02s) onAir=off
[timecode] 17:35:41:01 capture=on(0.02s) onAir=off
[timecode] 17:35:42:01 capture=on(0.03s) onAir=off
[timecode] 17:35:43:01 capture=on(0.00s) onAir=off
[timecode] 17:35:44:01 capture=on(0.00s) onAir=off
[timecode] 17:35:45:01 capture=on(0.00s) onAir=off
[timecode] 17:35:46:01 capture=on(0.00s) onAir=off
[timecode] 17:35:47:01 capture=on(0.00s) onAir=off
[timecode] 17:35:48:01 capture=on(0.00s) onAir=off
[timecode] 17:35:49:02 capture=on(0.02s) onAir=off
[timecode] 17:35:50:02 capture=on(0.03s) onAir=off
[timecode] 17:35:51:02 capture=on(0.00s) onAir=off
[timecode] 17:35:52:02 capture=on(0.00s) onAir=off
[timecode] 17:35:53:02 capture=on(0.00s) onAir=off
[timecode] 17:35:54:02 capture=on(0.00s) onAir=off
[timecode] 17:35:55:02 capture=on(0.00s) onAir=off
[timecode] 17:35:56:02 capture=on(0.01s) onAir=off
[timecode] 17:35:57:02 capture=on(0.01s) onAir=off
[timecode] 17:35:58:03 capture=on(0.02s) onAir=off
[timecode] 17:35:59:03 capture=on(0.03s) onAir=off
[timecode] 17:36:00:03 capture=on(0.03s) onAir=off
[timecode] 17:36:01:03 capture=on(0.03s) onAir=off
[timecode] 17:36:02:03 capture=on(0.03s) onAir=off
[timecode] 17:36:03:03 capture=on(0.03s) onAir=off
[timecode] 17:36:04:03 capture=on(0.03s) onAir=off
[timecode] 17:36:05:03 capture=on(0.04s) onAir=off
[timecode] 17:36:06:03 capture=on(0.01s) onAir=off
[timecode] 17:36:07:03 capture=on(0.01s) onAir=off
[timecode] 17:36:08:04 capture=on(0.02s) onAir=off
[timecode] 17:36:09:04 capture=on(0.02s) onAir=off
[timecode] 17:36:10:04 capture=on(0.00s) onAir=off
[timecode] 17:36:11:04 capture=on(0.00s) onAir=off
[timecode] 17:36:12:04 capture=on(0.00s) onAir=off
[timecode] 17:36:13:04 capture=on(0.01s) onAir=off
[timecode] 17:36:14:04 capture=on(0.01s) onAir=off
[timecode] 17:36:15:04 capture=on(0.01s) onAir=off
[timecode] 17:36:16:04 capture=on(0.01s) onAir=off
[timecode] 17:36:17:05 capture=on(0.02s) onAir=off
[timecode] 17:36:18:05 capture=on(0.02s) onAir=off
[timecode] 17:36:19:05 capture=on(0.03s) onAir=off
[timecode] 17:36:20:05 capture=on(0.00s) onAir=off
[timecode] 17:36:21:05 capture=on(0.00s) onAir=off
[timecode] 17:36:22:05 capture=on(0.01s) onAir=off
[timecode] 17:36:23:05 capture=on(0.01s) onAir=off
[timecode] 17:36:24:06 capture=on(0.03s) onAir=off
[timecode] 17:36:25:06 capture=on(0.03s) onAir=off
[timecode] 17:36:26:06 capture=on(0.03s) onAir=off
[timecode] 17:36:27:06 capture=on(0.03s) onAir=off
[timecode] 17:36:28:06 capture=on(0.00s) onAir=off
[timecode] 17:36:29:06 capture=on(0.01s) onAir=off
[timecode] 17:36:30:06 capture=on(0.01s) onAir=off
[timecode] 17:36:31:07 capture=on(0.02s) onAir=off
[timecode] 17:36:32:07 capture=on(0.02s) onAir=off
[timecode] 17:36:33:07 capture=on(0.03s) onAir=off
[timecode] 17:36:34:07 capture=on(0.00s) onAir=off
[timecode] 17:36:35:07 capture=on(0.01s) onAir=off
[timecode] 17:36:36:07 capture=on(0.01s) onAir=off
[timecode] 17:36:37:07 capture=on(0.01s) onAir=off
[timecode] 17:36:38:07 capture=on(0.01s) onAir=off
[timecode] 17:36:39:07 capture=on(0.01s) onAir=off
[timecode] 17:36:40:07 capture=on(0.01s) onAir=off
[timecode] 17:36:41:08 capture=on(0.02s) onAir=off
[timecode] 17:36:42:08 capture=on(0.02s) onAir=off
[timecode] 17:36:43:08 capture=on(0.03s) onAir=off
[timecode] 17:36:44:08 capture=on(0.03s) onAir=off
[timecode] 17:36:45:08 capture=on(0.01s) onAir=off
[timecode] 17:36:46:08 capture=on(0.01s) onAir=off
[timecode] 17:36:47:08 capture=on(0.01s) onAir=off
[timecode] 17:36:48:09 capture=on(0.01s) onAir=off
[timecode] 17:36:49:09 capture=on(0.02s) onAir=off
[timecode] 17:36:50:09 capture=on(0.03s) onAir=off
[timecode] 17:36:51:09 capture=on(0.03s) onAir=off
[timecode] 17:36:52:09 capture=on(0.00s) onAir=off
[timecode] 17:36:53:09 capture=on(0.01s) onAir=off
[timecode] 17:36:54:09 capture=on(0.01s) onAir=off
[timecode] 17:36:55:09 capture=on(0.01s) onAir=off
[timecode] 17:36:56:09 capture=on(0.01s) onAir=off
[timecode] 17:36:57:09 capture=on(0.01s) onAir=off
[timecode] 17:36:58:09 capture=on(0.00s) onAir=off
[timecode] 17:36:59:10 capture=on(0.02s) onAir=off
[timecode] 17:37:00:10 capture=on(0.02s) onAir=off
[timecode] 17:37:01:10 capture=on(0.03s) onAir=off
[timecode] 17:37:02:10 capture=on(0.04s) onAir=off
[timecode] 17:37:03:10 capture=on(0.01s) onAir=off
[timecode] 17:37:04:10 capture=on(0.01s) onAir=off
[timecode] 17:37:05:10 capture=on(0.01s) onAir=off
[timecode] 17:37:06:10 capture=on(0.01s) onAir=off
[timecode] 17:37:07:10 capture=on(0.01s) onAir=off
[timecode] 17:37:08:10 capture=on(0.01s) onAir=off
[timecode] 17:37:09:11 capture=on(0.02s) onAir=off
[timecode] 17:37:10:11 capture=on(0.02s) onAir=off
[timecode] 17:37:11:11 capture=on(0.03s) onAir=off
[timecode] 17:37:12:11 capture=on(0.00s) onAir=off
[timecode] 17:37:13:11 capture=on(0.01s) onAir=off
[timecode] 17:37:14:12 capture=on(0.02s) onAir=off
[timecode] 17:37:15:12 capture=on(0.03s) onAir=off
[timecode] 17:37:16:12 capture=on(0.03s) onAir=off
[timecode] 17:37:17:12 capture=on(0.01s) onAir=off
[timecode] 17:37:18:13 capture=on(0.01s) onAir=off
[timecode] 17:37:19:13 capture=on(0.01s) onAir=off
[timecode] 17:37:20:13 capture=on(0.02s) onAir=off
[timecode] 17:37:21:13 capture=on(0.03s) onAir=off
[timecode] 17:37:22:13 capture=on(0.04s) onAir=off
[timecode] 17:37:23:13 capture=on(0.04s) onAir=off
[timecode] 17:37:24:13 capture=on(0.00s) onAir=off
[timecode] 17:37:25:13 capture=on(0.00s) onAir=off
[timecode] 17:37:26:13 capture=on(0.00s) onAir=off
[timecode] 17:37:27:13 capture=on(0.00s) onAir=off
[timecode] 17:37:28:13 capture=on(0.00s) onAir=off
[timecode] 17:37:29:13 capture=on(0.00s) onAir=off
[timecode] 17:37:30:13 capture=on(0.01s) onAir=off
[timecode] 17:37:31:14 capture=on(0.01s) onAir=off
[timecode] 17:37:32:14 capture=on(0.01s) onAir=off
[timecode] 17:37:33:14 capture=on(0.03s) onAir=off
[timecode] 17:37:34:14 capture=on(0.00s) onAir=off
[timecode] 17:37:35:14 capture=on(0.00s) onAir=off
[timecode] 17:37:36:14 capture=on(0.00s) onAir=off
[timecode] 17:37:37:14 capture=on(0.00s) onAir=off
[timecode] 17:37:38:15 capture=on(0.01s) onAir=off
[timecode] 17:37:39:15 capture=on(0.02s) onAir=off
[timecode] 17:37:40:15 capture=on(0.02s) onAir=off
[timecode] 17:37:41:15 capture=on(0.03s) onAir=off
[timecode] 17:37:42:15 capture=on(0.04s) onAir=off
[timecode] 17:37:43:15 capture=on(0.00s) onAir=off
[timecode] 17:37:44:15 capture=on(0.00s) onAir=off
[timecode] 17:37:45:15 capture=on(0.00s) onAir=off
[timecode] 17:37:46:15 capture=on(0.00s) onAir=off
[timecode] 17:37:47:15 capture=on(0.00s) onAir=off
[timecode] 17:37:48:15 capture=on(0.00s) onAir=off
[timecode] 17:37:49:15 capture=on(0.00s) onAir=off
[timecode] 17:37:50:15 capture=on(0.00s) onAir=off
[timecode] 17:37:51:15 capture=on(0.01s) onAir=off
[timecode] 17:37:52:16 capture=on(0.01s) onAir=off
[timecode] 17:37:53:16 capture=on(0.02s) onAir=off
[timecode] 17:37:54:16 capture=on(0.00s) onAir=off
[timecode] 17:37:55:16 capture=on(0.00s) onAir=off
[timecode] 17:37:56:16 capture=on(0.00s) onAir=off
[timecode] 17:37:57:16 capture=on(0.01s) onAir=off
[timecode] 17:37:58:16 capture=on(0.01s) onAir=off
[timecode] 17:37:59:17 capture=on(0.02s) onAir=off
[timecode] 17:38:00:17 capture=on(0.03s) onAir=off
[timecode] 17:38:01:17 capture=on(0.00s) onAir=off
[timecode] 17:38:02:17 capture=on(0.00s) onAir=off
[timecode] 17:38:03:17 capture=on(0.00s) onAir=off
[timecode] 17:38:04:17 capture=on(0.00s) onAir=off
[timecode] 17:38:05:17 capture=on(0.00s) onAir=off
[timecode] 17:38:06:17 capture=on(0.00s) onAir=off
[timecode] 17:38:07:18 capture=on(0.01s) onAir=off
[timecode] 17:38:08:18 capture=on(0.03s) onAir=off
[timecode] 17:38:09:18 capture=on(0.03s) onAir=off
[timecode] 17:38:10:18 capture=on(0.00s) onAir=off
[timecode] 17:38:11:18 capture=on(0.00s) onAir=off
[timecode] 17:38:12:18 capture=on(0.00s) onAir=off
[timecode] 17:38:13:18 capture=on(0.00s) onAir=off
[timecode] 17:38:14:18 capture=on(0.00s) onAir=off
[timecode] 17:38:15:19 capture=on(0.01s) onAir=off
[timecode] 17:38:16:19 capture=on(0.02s) onAir=off
[timecode] 17:38:17:19 capture=on(0.03s) onAir=off
[timecode] 17:38:18:19 capture=on(0.00s) onAir=off
[timecode] 17:38:19:19 capture=on(0.00s) onAir=off
[timecode] 17:38:20:19 capture=on(0.00s) onAir=off
[timecode] 17:38:21:20 capture=on(0.00s) onAir=off
[timecode] 17:38:22:20 capture=on(0.02s) onAir=off
[timecode] 17:38:23:20 capture=on(0.03s) onAir=off
[timecode] 17:38:24:20 capture=on(0.00s) onAir=off
[timecode] 17:38:25:20 capture=on(0.01s) onAir=off
[timecode] 17:38:26:20 capture=on(0.01s) onAir=off
[timecode] 17:38:27:21 capture=on(0.02s) onAir=off
[timecode] 17:38:28:21 capture=on(0.03s) onAir=off
[timecode] 17:38:29:21 capture=on(0.00s) onAir=off
[timecode] 17:38:30:21 capture=on(0.01s) onAir=off
[timecode] 17:38:31:21 capture=on(0.01s) onAir=off
[timecode] 17:38:32:22 capture=on(0.01s) onAir=off
[timecode] 17:38:33:22 capture=on(0.03s) onAir=off
[timecode] 17:38:34:22 capture=on(0.03s) onAir=off
[timecode] 17:38:35:22 capture=on(0.04s) onAir=off
[timecode] 17:38:36:22 capture=on(0.00s) onAir=off
[timecode] 17:38:37:22 capture=on(0.01s) onAir=off
[timecode] 17:38:38:22 capture=on(0.01s) onAir=off
[timecode] 17:38:39:22 capture=on(0.01s) onAir=off
[timecode] 17:38:40:22 capture=on(0.01s) onAir=off
[timecode] 17:38:41:22 capture=on(0.01s) onAir=off
[timecode] 17:38:42:22 capture=on(0.01s) onAir=off
[timecode] 17:38:43:22 capture=on(0.01s) onAir=off
[timecode] 17:38:44:22 capture=on(0.01s) onAir=off
[timecode] 17:38:45:23 capture=on(0.01s) onAir=off
[timecode] 17:38:46:23 capture=on(0.01s) onAir=off
[timecode] 17:38:47:23 capture=on(0.02s) onAir=off
[timecode] 17:38:48:23 capture=on(0.02s) onAir=off
[timecode] 17:38:49:23 capture=on(0.03s) onAir=off
[timecode] 17:38:50:23 capture=on(0.04s) onAir=off
[timecode] 17:38:51:23 capture=on(0.00s) onAir=off
[timecode] 17:38:52:24 capture=on(0.01s) onAir=off
[timecode] 17:38:53:24 capture=on(0.01s) onAir=off
[timecode] 17:38:54:24 capture=on(0.01s) onAir=off
[timecode] 17:38:55:24 capture=on(0.02s) onAir=off
[timecode] 17:38:56:24 capture=on(0.02s) onAir=off
[timecode] 17:38:57:24 capture=on(0.02s) onAir=off
[timecode] 17:38:58:24 capture=on(0.03s) onAir=off
[timecode] 17:38:59:24 capture=on(0.00s) onAir=off
[timecode] 17:39:01:00 capture=on(0.01s) onAir=off
[timecode] 17:39:02:00 capture=on(0.01s) onAir=off
[timecode] 17:39:03:00 capture=on(0.01s) onAir=off
[timecode] 17:39:04:00 capture=on(0.01s) onAir=off
[timecode] 17:39:05:00 capture=on(0.01s) onAir=off
[timecode] 17:39:06:00 capture=on(0.01s) onAir=off
[timecode] 17:39:07:00 capture=on(0.01s) onAir=off
[timecode] 17:39:08:00 capture=on(0.02s) onAir=off
[timecode] 17:39:09:00 capture=on(0.03s) onAir=off
[timecode] 17:39:10:00 capture=on(0.04s) onAir=off
[timecode] 17:39:11:01 capture=on(0.01s) onAir=off
[timecode] 17:39:12:01 capture=on(0.01s) onAir=off
[timecode] 17:39:13:01 capture=on(0.01s) onAir=off
[timecode] 17:39:14:01 capture=on(0.01s) onAir=off
[timecode] 17:39:15:01 capture=on(0.01s) onAir=off
[timecode] 17:39:16:01 capture=on(0.01s) onAir=off
[timecode] 17:39:17:01 capture=on(0.02s) onAir=off
[timecode] 17:39:18:01 capture=on(0.03s) onAir=off
[timecode] 17:39:19:01 capture=on(0.04s) onAir=off
[timecode] 17:39:20:02 capture=on(0.00s) onAir=off
[timecode] 17:39:21:02 capture=on(0.01s) onAir=off
[timecode] 17:39:22:02 capture=on(0.02s) onAir=off
[timecode] 17:39:23:02 capture=on(0.02s) onAir=off
[timecode] 17:39:24:02 capture=on(0.03s) onAir=off
[timecode] 17:39:25:03 capture=on(0.00s) onAir=off
[timecode] 17:39:26:03 capture=on(0.01s) onAir=off
[timecode] 17:39:27:03 capture=on(0.01s) onAir=off
[timecode] 17:39:28:03 capture=on(0.01s) onAir=off
[timecode] 17:39:29:03 capture=on(0.01s) onAir=off
[timecode] 17:39:30:03 capture=on(0.02s) onAir=off
[timecode] 17:39:31:03 capture=on(0.02s) onAir=off
[timecode] 17:39:32:03 capture=on(0.03s) onAir=off
[timecode] 17:39:33:03 capture=on(0.00s) onAir=off
[timecode] 17:39:34:04 capture=on(0.01s) onAir=off
[timecode] 17:39:35:04 capture=on(0.01s) onAir=off
[timecode] 17:39:36:04 capture=on(0.02s) onAir=off
[timecode] 17:39:37:04 capture=on(0.02s) onAir=off
[timecode] 17:39:38:04 capture=on(0.04s) onAir=off
[timecode] 17:39:39:05 capture=on(0.01s) onAir=off
[timecode] 17:39:40:05 capture=on(0.01s) onAir=off
[timecode] 17:39:41:05 capture=on(0.01s) onAir=off
[timecode] 17:39:42:05 capture=on(0.01s) onAir=off
[timecode] 17:39:43:05 capture=on(0.01s) onAir=off
[timecode] 17:39:44:05 capture=on(0.01s) onAir=off
[timecode] 17:39:45:05 capture=on(0.01s) onAir=off
[timecode] 17:39:46:05 capture=on(0.01s) onAir=off
[timecode] 17:39:47:05 capture=on(0.01s) onAir=off
[timecode] 17:39:48:05 capture=on(0.01s) onAir=off
[timecode] 17:39:49:05 capture=on(0.02s) onAir=off
[timecode] 17:39:50:05 capture=on(0.03s) onAir=off
[timecode] 17:39:51:05 capture=on(0.04s) onAir=off
[timecode] 17:39:52:06 capture=on(0.01s) onAir=off
[timecode] 17:39:53:06 capture=on(0.01s) onAir=off
[timecode] 17:39:54:06 capture=on(0.01s) onAir=off
[timecode] 17:39:55:06 capture=on(0.01s) onAir=off
[timecode] 17:39:56:06 capture=on(0.02s) onAir=off
[timecode] 17:39:57:06 capture=on(0.04s) onAir=off
[timecode] 17:39:58:07 capture=on(0.01s) onAir=off
[timecode] 17:39:59:07 capture=on(0.01s) onAir=off
[timecode] 17:40:00:07 capture=on(0.01s) onAir=off
[timecode] 17:40:01:07 capture=on(0.01s) onAir=off
[timecode] 17:40:02:07 capture=on(0.01s) onAir=off
[timecode] 17:40:03:07 capture=on(0.01s) onAir=off
[timecode] 17:40:04:07 capture=on(0.01s) onAir=off
[timecode] 17:40:05:07 capture=on(0.01s) onAir=off
[timecode] 17:40:06:07 capture=on(0.00s) onAir=off
[timecode] 17:40:07:07 capture=on(0.02s) onAir=off
[timecode] 17:40:08:07 capture=on(0.03s) onAir=off
[timecode] 17:40:09:08 capture=on(0.00s) onAir=off
[timecode] 17:40:10:08 capture=on(0.01s) onAir=off
[timecode] 17:40:11:08 capture=on(0.01s) onAir=off
[timecode] 17:40:12:08 capture=on(0.01s) onAir=off
[timecode] 17:40:13:08 capture=on(0.02s) onAir=off
[timecode] 17:40:14:08 capture=on(0.03s) onAir=off
[timecode] 17:40:15:08 capture=on(0.04s) onAir=off
[timecode] 17:40:16:09 capture=on(0.01s) onAir=off
[timecode] 17:40:17:09 capture=on(0.01s) onAir=off
[timecode] 17:40:18:09 capture=on(0.02s) onAir=off
[timecode] 17:40:19:09 capture=on(0.02s) onAir=off
[timecode] 17:40:20:09 capture=on(0.02s) onAir=off
[timecode] 17:40:21:09 capture=on(0.02s) onAir=off
[timecode] 17:40:22:09 capture=on(0.04s) onAir=off
[timecode] 17:40:23:09 capture=on(0.04s) onAir=off
[timecode] 17:40:24:10 capture=on(0.01s) onAir=off
[timecode] 17:40:25:10 capture=on(0.01s) onAir=off
[timecode] 17:40:26:10 capture=on(0.01s) onAir=off
[timecode] 17:40:27:10 capture=on(0.01s) onAir=off
[timecode] 17:40:28:10 capture=on(0.01s) onAir=off
[timecode] 17:40:29:10 capture=on(0.01s) onAir=off
[timecode] 17:40:30:10 capture=on(0.01s) onAir=off
[timecode] 17:40:31:10 capture=on(0.02s) onAir=off
[timecode] 17:40:32:10 capture=on(0.03s) onAir=off
[timecode] 17:40:33:10 capture=on(0.04s) onAir=off
[timecode] 17:40:34:10 capture=on(0.04s) onAir=off
[timecode] 17:40:35:11 capture=on(0.00s) onAir=off
[timecode] 17:40:36:11 capture=on(0.01s) onAir=off
[timecode] 17:40:37:11 capture=on(0.01s) onAir=off
[timecode] 17:40:38:11 capture=on(0.01s) onAir=off
[timecode] 17:40:39:11 capture=on(0.01s) onAir=off
[timecode] 17:40:40:11 capture=on(0.01s) onAir=off
[timecode] 17:40:41:11 capture=on(0.01s) onAir=off
[timecode] 17:40:42:11 capture=on(0.01s) onAir=off
[timecode] 17:40:43:11 capture=on(0.01s) onAir=off
[timecode] 17:40:44:11 capture=on(0.01s) onAir=off
[timecode] 17:40:45:11 capture=on(0.01s) onAir=off
[timecode] 17:40:46:11 capture=on(0.01s) onAir=off
[timecode] 17:40:47:11 capture=on(0.01s) onAir=off
[timecode] 17:40:48:11 capture=on(0.01s) onAir=off
[timecode] 17:40:49:11 capture=on(0.01s) onAir=off
[timecode] 17:40:50:11 capture=on(0.03s) onAir=off
[timecode] 17:40:51:11 capture=on(0.03s) onAir=off
[timecode] 17:40:52:12 capture=on(0.00s) onAir=off
[timecode] 17:40:53:12 capture=on(0.00s) onAir=off
[timecode] 17:40:54:12 capture=on(0.01s) onAir=off
[timecode] 17:40:55:12 capture=on(0.01s) onAir=off
[timecode] 17:40:56:12 capture=on(0.01s) onAir=off
[timecode] 17:40:57:12 capture=on(0.01s) onAir=off
[timecode] 17:40:58:12 capture=on(0.01s) onAir=off
[timecode] 17:40:59:12 capture=on(0.02s) onAir=off
[timecode] 17:41:00:12 capture=on(0.02s) onAir=off
[timecode] 17:41:01:12 capture=on(0.03s) onAir=off
[timecode] 17:41:02:12 capture=on(0.03s) onAir=off
[timecode] 17:41:03:13 capture=on(0.00s) onAir=off
[timecode] 17:41:04:13 capture=on(0.01s) onAir=off
[timecode] 17:41:05:13 capture=on(0.01s) onAir=off
[timecode] 17:41:06:13 capture=on(0.01s) onAir=off
[timecode] 17:41:07:13 capture=on(0.01s) onAir=off
[timecode] 17:41:08:13 capture=on(0.01s) onAir=off
[timecode] 17:41:09:13 capture=on(0.01s) onAir=off
[timecode] 17:41:10:13 capture=on(0.01s) onAir=off
[timecode] 17:41:11:13 capture=on(0.01s) onAir=off
[timecode] 17:41:12:13 capture=on(0.01s) onAir=off
[timecode] 17:41:13:13 capture=on(0.01s) onAir=off
[timecode] 17:41:14:13 capture=on(0.01s) onAir=off
[timecode] 17:41:15:13 capture=on(0.01s) onAir=off
[timecode] 17:41:16:13 capture=on(0.01s) onAir=off
[timecode] 17:41:17:13 capture=on(0.01s) onAir=off
[timecode] 17:41:18:13 capture=on(0.02s) onAir=off
[timecode] 17:41:19:13 capture=on(0.03s) onAir=off
[timecode] 17:41:20:14 capture=on(0.04s) onAir=off
[timecode] 17:41:21:14 capture=on(0.01s) onAir=off
[timecode] 17:41:22:14 capture=on(0.01s) onAir=off
[timecode] 17:41:23:14 capture=on(0.01s) onAir=off
[timecode] 17:41:24:14 capture=on(0.01s) onAir=off
[timecode] 17:41:25:14 capture=on(0.01s) onAir=off
[timecode] 17:41:26:14 capture=on(0.01s) onAir=off
[timecode] 17:41:27:14 capture=on(0.02s) onAir=off
[timecode] 17:41:28:14 capture=on(0.03s) onAir=off
[timecode] 17:41:29:14 capture=on(0.03s) onAir=off
[timecode] 17:41:30:14 capture=on(0.03s) onAir=off
[timecode] 17:41:31:14 capture=on(0.03s) onAir=off
[timecode] 17:41:32:14 capture=on(0.04s) onAir=off
[timecode] 17:41:33:15 capture=on(0.01s) onAir=off
[timecode] 17:41:34:15 capture=on(0.01s) onAir=off
[timecode] 17:41:35:15 capture=on(0.01s) onAir=off
[timecode] 17:41:36:15 capture=on(0.01s) onAir=off
[timecode] 17:41:37:15 capture=on(0.01s) onAir=off
[timecode] 17:41:38:15 capture=on(0.01s) onAir=off
[timecode] 17:41:39:15 capture=on(0.01s) onAir=off
[timecode] 17:41:40:15 capture=on(0.01s) onAir=off
[timecode] 17:41:41:15 capture=on(0.01s) onAir=off
[timecode] 17:41:42:15 capture=on(0.02s) onAir=off
[timecode] 17:41:43:15 capture=on(0.03s) onAir=off
[timecode] 17:41:44:15 capture=on(0.03s) onAir=off
[timecode] 17:41:45:16 capture=on(0.00s) onAir=off
[timecode] 17:41:46:16 capture=on(0.00s) onAir=off
[timecode] 17:41:47:16 capture=on(0.04s) onAir=off
[timecode] 17:41:48:16 capture=on(0.00s) onAir=off
[timecode] 17:41:49:16 capture=on(0.00s) onAir=off
[timecode] 17:41:50:16 capture=on(0.01s) onAir=off
[timecode] 17:41:51:16 capture=on(0.01s) onAir=off
[timecode] 17:41:52:16 capture=on(0.01s) onAir=off
[timecode] 17:41:53:16 capture=on(0.02s) onAir=off
[timecode] 17:41:54:16 capture=on(0.02s) onAir=off
[timecode] 17:41:55:16 capture=on(0.03s) onAir=off
[timecode] 17:41:56:17 capture=on(0.04s) onAir=off
[timecode] 17:41:57:17 capture=on(0.00s) onAir=off
[timecode] 17:41:58:17 capture=on(0.00s) onAir=off
[timecode] 17:41:59:17 capture=on(0.01s) onAir=off
[timecode] 17:42:00:17 capture=on(0.01s) onAir=off
[timecode] 17:42:01:17 capture=on(0.01s) onAir=off
[timecode] 17:42:02:17 capture=on(0.01s) onAir=off
[timecode] 17:42:03:17 capture=on(0.01s) onAir=off
[timecode] 17:42:04:17 capture=on(0.01s) onAir=off
[timecode] 17:42:05:17 capture=on(0.01s) onAir=off
[timecode] 17:42:06:17 capture=on(0.01s) onAir=off
[timecode] 17:42:07:17 capture=on(0.02s) onAir=off
[timecode] 17:42:08:17 capture=on(0.03s) onAir=off
[timecode] 17:42:09:17 capture=on(0.03s) onAir=off
[timecode] 17:42:10:17 capture=on(0.03s) onAir=off
[timecode] 17:42:11:18 capture=on(0.01s) onAir=off
[timecode] 17:42:12:18 capture=on(0.01s) onAir=off
[timecode] 17:42:13:18 capture=on(0.01s) onAir=off
[timecode] 17:42:14:18 capture=on(0.01s) onAir=off
[timecode] 17:42:15:18 capture=on(0.02s) onAir=off
[timecode] 17:42:16:18 capture=on(0.03s) onAir=off
[timecode] 17:42:17:19 capture=on(0.04s) onAir=off
[timecode] 17:42:18:19 capture=on(0.00s) onAir=off
[timecode] 17:42:19:19 capture=on(0.01s) onAir=off
[timecode] 17:42:20:19 capture=on(0.01s) onAir=off
[timecode] 17:42:21:19 capture=on(0.01s) onAir=off
[timecode] 17:42:22:19 capture=on(0.01s) onAir=off
[timecode] 17:42:23:19 capture=on(0.01s) onAir=off
[timecode] 17:42:24:19 capture=on(0.01s) onAir=off
[timecode] 17:42:25:19 capture=on(0.02s) onAir=off
[timecode] 17:42:26:20 capture=on(0.03s) onAir=off
[timecode] 17:42:27:20 capture=on(0.04s) onAir=off
[timecode] 17:42:28:20 capture=on(0.00s) onAir=off
[timecode] 17:42:29:20 capture=on(0.01s) onAir=off
[timecode] 17:42:30:20 capture=on(0.01s) onAir=off
[timecode] 17:42:31:20 capture=on(0.01s) onAir=off
[timecode] 17:42:32:20 capture=on(0.02s) onAir=off
[timecode] 17:42:33:20 capture=on(0.03s) onAir=off
[timecode] 17:42:34:21 capture=on(0.00s) onAir=off
[timecode] 17:42:35:21 capture=on(0.01s) onAir=off
[timecode] 17:42:36:21 capture=on(0.01s) onAir=off
[timecode] 17:42:37:21 capture=on(0.01s) onAir=off
[timecode] 17:42:38:21 capture=on(0.01s) onAir=off
[timecode] 17:42:39:21 capture=on(0.02s) onAir=off
[timecode] 17:42:40:21 capture=on(0.02s) onAir=off
[timecode] 17:42:41:21 capture=on(0.02s) onAir=off
[timecode] 17:42:42:21 capture=on(0.03s) onAir=off
[timecode] 17:42:43:22 capture=on(0.00s) onAir=off
[timecode] 17:42:44:22 capture=on(0.01s) onAir=off
[timecode] 17:42:45:22 capture=on(0.01s) onAir=off
[timecode] 17:42:46:22 capture=on(0.01s) onAir=off
[timecode] 17:42:47:22 capture=on(0.01s) onAir=off
[timecode] 17:42:48:22 capture=on(0.02s) onAir=off
[timecode] 17:42:49:22 capture=on(0.02s) onAir=off
[timecode] 17:42:50:22 capture=on(0.03s) onAir=off
[timecode] 17:42:51:23 capture=on(0.00s) onAir=off
[timecode] 17:42:52:23 capture=on(0.00s) onAir=off
[timecode] 17:42:53:23 capture=on(0.00s) onAir=off
[timecode] 17:42:54:23 capture=on(0.01s) onAir=off
[timecode] 17:42:55:23 capture=on(0.02s) onAir=off
[timecode] 17:42:56:24 capture=on(0.03s) onAir=off
[timecode] 17:42:57:24 capture=on(0.00s) onAir=off
[timecode] 17:42:58:24 capture=on(0.01s) onAir=off
[timecode] 17:42:59:24 capture=on(0.02s) onAir=off
[timecode] 17:43:00:24 capture=on(0.03s) onAir=off
[timecode] 17:43:01:24 capture=on(0.03s) onAir=off
[timecode] 17:43:03:00 capture=on(0.03s) onAir=off
[timecode] 17:43:04:00 capture=on(0.03s) onAir=off
[timecode] 17:43:05:00 capture=on(0.00s) onAir=off
[timecode] 17:43:06:00 capture=on(0.01s) onAir=off
[timecode] 17:43:07:00 capture=on(0.01s) onAir=off
[timecode] 17:43:08:00 capture=on(0.01s) onAir=off
[timecode] 17:43:09:00 capture=on(0.01s) onAir=off
[timecode] 17:43:10:00 capture=on(0.02s) onAir=off
[timecode] 17:43:11:00 capture=on(0.03s) onAir=off
[timecode] 17:43:12:01 capture=on(0.04s) onAir=off
[timecode] 17:43:13:01 capture=on(0.00s) onAir=off
[timecode] 17:43:14:01 capture=on(0.01s) onAir=off
[timecode] 17:43:15:01 capture=on(0.01s) onAir=off
[timecode] 17:43:16:01 capture=on(0.01s) onAir=off
[timecode] 17:43:17:01 capture=on(0.02s) onAir=off
[timecode] 17:43:18:01 capture=on(0.03s) onAir=off
[timecode] 17:43:19:02 capture=on(0.04s) onAir=off
[timecode] 17:43:20:02 capture=on(0.00s) onAir=off
[timecode] 17:43:21:02 capture=on(0.00s) onAir=off
[timecode] 17:43:22:02 capture=on(0.01s) onAir=off
[timecode] 17:43:23:02 capture=on(0.01s) onAir=off
[timecode] 17:43:24:02 capture=on(0.01s) onAir=off
[timecode] 17:43:25:02 capture=on(0.01s) onAir=off
[timecode] 17:43:26:02 capture=on(0.02s) onAir=off
[timecode] 17:43:27:03 capture=on(0.03s) onAir=off
[timecode] 17:43:28:03 capture=on(0.00s) onAir=off
[timecode] 17:43:29:03 capture=on(0.00s) onAir=off
[timecode] 17:43:30:03 capture=on(0.00s) onAir=off
[timecode] 17:43:31:03 capture=on(0.00s) onAir=off
[timecode] 17:43:32:03 capture=on(0.00s) onAir=off
[timecode] 17:43:33:03 capture=on(0.00s) onAir=off
[timecode] 17:43:34:03 capture=on(0.00s) onAir=off
[timecode] 17:43:35:03 capture=on(0.00s) onAir=off
[timecode] 17:43:36:03 capture=on(0.01s) onAir=off
[timecode] 17:43:37:03 capture=on(0.02s) onAir=off
[timecode] 17:43:38:03 capture=on(0.03s) onAir=off
[timecode] 17:43:39:04 capture=on(0.03s) onAir=off
[timecode] 17:43:40:04 capture=on(0.00s) onAir=off
[timecode] 17:43:41:04 capture=on(0.00s) onAir=off
[timecode] 17:43:42:04 capture=on(0.00s) onAir=off
[timecode] 17:43:43:04 capture=on(0.01s) onAir=off
[timecode] 17:43:44:04 capture=on(0.02s) onAir=off
[timecode] 17:43:45:05 capture=on(0.04s) onAir=off
[timecode] 17:43:46:05 capture=on(0.00s) onAir=off
[timecode] 17:43:47:05 capture=on(0.01s) onAir=off
[timecode] 17:43:48:06 capture=on(0.03s) onAir=off
[timecode] 17:43:49:06 capture=on(0.04s) onAir=off
[timecode] 17:43:50:06 capture=on(0.00s) onAir=off
[timecode] 17:43:51:06 capture=on(0.01s) onAir=off
[timecode] 17:43:52:06 capture=on(0.02s) onAir=off
[timecode] 17:43:53:06 capture=on(0.02s) onAir=off
[timecode] 17:43:54:07 capture=on(0.03s) onAir=off
[timecode] 17:43:55:07 capture=on(0.00s) onAir=off
[timecode] 17:43:56:07 capture=on(0.00s) onAir=off
[timecode] 17:43:57:07 capture=on(0.00s) onAir=off
[timecode] 17:43:58:07 capture=on(0.01s) onAir=off
[timecode] 17:43:59:08 capture=on(0.03s) onAir=off
[timecode] 17:44:00:08 capture=on(0.00s) onAir=off
[timecode] 17:44:01:08 capture=on(0.00s) onAir=off
[timecode] 17:44:02:08 capture=on(0.00s) onAir=off
[timecode] 17:44:03:08 capture=on(0.00s) onAir=off
[timecode] 17:44:04:08 capture=on(0.00s) onAir=off
[timecode] 17:44:05:08 capture=on(0.00s) onAir=off
[timecode] 17:44:06:08 capture=on(0.01s) onAir=off
[timecode] 17:44:07:08 capture=on(0.02s) onAir=off
[timecode] 17:44:08:08 capture=on(0.02s) onAir=off
[timecode] 17:44:09:09 capture=on(0.03s) onAir=off
[timecode] 17:44:10:09 capture=on(0.00s) onAir=off
[timecode] 17:44:11:09 capture=on(0.00s) onAir=off
[timecode] 17:44:12:09 capture=on(0.00s) onAir=off
[timecode] 17:44:13:09 capture=on(0.00s) onAir=off
[timecode] 17:44:14:09 capture=on(0.00s) onAir=off
[timecode] 17:44:15:09 capture=on(0.00s) onAir=off
[timecode] 17:44:16:09 capture=on(0.00s) onAir=off
[timecode] 17:44:17:09 capture=on(0.01s) onAir=off
[timecode] 17:44:18:09 capture=on(0.01s) onAir=off
[timecode] 17:44:19:09 capture=on(0.02s) onAir=off
[timecode] 17:44:20:10 capture=on(0.03s) onAir=off
[timecode] 17:44:21:10 capture=on(0.03s) onAir=off
[timecode] 17:44:22:10 capture=on(0.03s) onAir=off
[timecode] 17:44:23:10 capture=on(0.00s) onAir=off
[timecode] 17:44:24:10 capture=on(0.00s) onAir=off
[timecode] 17:44:25:10 capture=on(0.00s) onAir=off
[timecode] 17:44:26:10 capture=on(0.01s) onAir=off
[timecode] 17:44:27:10 capture=on(0.02s) onAir=off
[timecode] 17:44:28:11 capture=on(0.03s) onAir=off
[timecode] 17:44:29:11 capture=on(0.03s) onAir=off
[timecode] 17:44:30:11 capture=on(0.00s) onAir=off
[timecode] 17:44:31:11 capture=on(0.01s) onAir=off
[timecode] 17:44:32:11 capture=on(0.01s) onAir=off
[timecode] 17:44:33:11 capture=on(0.01s) onAir=off
[timecode] 17:44:34:11 capture=on(0.01s) onAir=off
[timecode] 17:44:35:11 capture=on(0.01s) onAir=off
[timecode] 17:44:36:11 capture=on(0.01s) onAir=off
[timecode] 17:44:37:11 capture=on(0.01s) onAir=off
[timecode] 17:44:38:11 capture=on(0.02s) onAir=off
[timecode] 17:44:39:12 capture=on(0.03s) onAir=off
[timecode] 17:44:40:12 capture=on(0.00s) onAir=off
[timecode] 17:44:41:12 capture=on(0.01s) onAir=off
[timecode] 17:44:42:12 capture=on(0.01s) onAir=off
[timecode] 17:44:43:12 capture=on(0.01s) onAir=off
[timecode] 17:44:44:12 capture=on(0.02s) onAir=off
[timecode] 17:44:45:13 capture=on(0.03s) onAir=off
[timecode] 17:44:46:13 capture=on(0.04s) onAir=off
[timecode] 17:44:47:13 capture=on(0.00s) onAir=off
[timecode] 17:44:48:13 capture=on(0.01s) onAir=off
[timecode] 17:44:49:13 capture=on(0.01s) onAir=off
[timecode] 17:44:50:13 capture=on(0.01s) onAir=off
[timecode] 17:44:51:13 capture=on(0.01s) onAir=off
[timecode] 17:44:52:13 capture=on(0.01s) onAir=off
[timecode] 17:44:53:13 capture=on(0.01s) onAir=off
[timecode] 17:44:54:13 capture=on(0.01s) onAir=off
[timecode] 17:44:55:13 capture=on(0.01s) onAir=off
[timecode] 17:44:56:13 capture=on(0.01s) onAir=off
[timecode] 17:44:57:13 capture=on(0.02s) onAir=off
[timecode] 17:44:58:14 capture=on(0.02s) onAir=off
[timecode] 17:44:59:14 capture=on(0.02s) onAir=off
[timecode] 17:45:00:14 capture=on(0.03s) onAir=off
[timecode] 17:45:01:14 capture=on(0.03s) onAir=off
[timecode] 17:45:02:14 capture=on(0.01s) onAir=off
[timecode] 17:45:03:14 capture=on(0.00s) onAir=off
[timecode] 17:45:04:14 capture=on(0.01s) onAir=off
[timecode] 17:45:05:14 capture=on(0.01s) onAir=off
[timecode] 17:45:06:14 capture=on(0.02s) onAir=off
[timecode] 17:45:07:15 capture=on(0.03s) onAir=off
[timecode] 17:45:08:15 capture=on(0.00s) onAir=off
[timecode] 17:45:09:15 capture=on(0.01s) onAir=off
[timecode] 17:45:10:15 capture=on(0.01s) onAir=off
[timecode] 17:45:11:16 capture=on(0.02s) onAir=off
[timecode] 17:45:12:16 capture=on(0.03s) onAir=off
[timecode] 17:45:13:16 capture=on(0.00s) onAir=off
[timecode] 17:45:14:16 capture=on(0.01s) onAir=off
[timecode] 17:45:15:16 capture=on(0.01s) onAir=off
[timecode] 17:45:16:16 capture=on(0.01s) onAir=off
[timecode] 17:45:17:17 capture=on(0.03s) onAir=off
[timecode] 17:45:18:17 capture=on(0.03s) onAir=off
[timecode] 17:45:19:17 capture=on(0.04s) onAir=off
[timecode] 17:45:20:17 capture=on(0.00s) onAir=off
[timecode] 17:45:21:17 capture=on(0.00s) onAir=off
[timecode] 17:45:22:17 capture=on(0.02s) onAir=off
[timecode] 17:45:23:18 capture=on(0.02s) onAir=off
[timecode] 17:45:24:18 capture=on(0.03s) onAir=off
[timecode] 17:45:25:18 capture=on(0.00s) onAir=off
[timecode] 17:45:26:18 capture=on(0.01s) onAir=off
[timecode] 17:45:27:18 capture=on(0.00s) onAir=off
[timecode] 17:45:28:18 capture=on(0.01s) onAir=off
[timecode] 17:45:29:18 capture=on(0.02s) onAir=off
[timecode] 17:45:30:19 capture=on(0.03s) onAir=off
[timecode] 17:45:31:19 capture=on(0.03s) onAir=off
[timecode] 17:45:32:19 capture=on(0.03s) onAir=off
[timecode] 17:45:33:19 capture=on(0.04s) onAir=off
[timecode] 17:45:34:19 capture=on(0.00s) onAir=off
[timecode] 17:45:35:19 capture=on(0.00s) onAir=off
[timecode] 17:45:36:19 capture=on(0.01s) onAir=off
[timecode] 17:45:37:19 capture=on(0.01s) onAir=off
[timecode] 17:45:38:19 capture=on(0.02s) onAir=off
[timecode] 17:45:39:20 capture=on(0.03s) onAir=off
[timecode] 17:45:40:20 capture=on(0.00s) onAir=off
[timecode] 17:45:41:20 capture=on(0.00s) onAir=off
[timecode] 17:45:42:20 capture=on(0.01s) onAir=off
[timecode] 17:45:43:20 capture=on(0.01s) onAir=off
[timecode] 17:45:44:21 capture=on(0.02s) onAir=off
[timecode] 17:45:45:21 capture=on(0.03s) onAir=off
[timecode] 17:45:46:21 capture=on(0.00s) onAir=off
[timecode] 17:45:47:21 capture=on(0.00s) onAir=off
[timecode] 17:45:48:21 capture=on(0.01s) onAir=off
[timecode] 17:45:49:21 capture=on(0.01s) onAir=off
[timecode] 17:45:50:21 capture=on(0.01s) onAir=off
[timecode] 17:45:51:21 capture=on(0.01s) onAir=off
[timecode] 17:45:52:22 capture=on(0.02s) onAir=off
[timecode] 17:45:53:22 capture=on(0.04s) onAir=off
[timecode] 17:45:54:22 capture=on(0.01s) onAir=off
[timecode] 17:45:55:22 capture=on(0.01s) onAir=off
[timecode] 17:45:56:22 capture=on(0.00s) onAir=off
[timecode] 17:45:57:22 capture=on(0.01s) onAir=off
[timecode] 17:45:58:22 capture=on(0.02s) onAir=off
[timecode] 17:45:59:23 capture=on(0.03s) onAir=off
[timecode] 17:46:00:23 capture=on(0.04s) onAir=off
[timecode] 17:46:01:23 capture=on(0.04s) onAir=off
[timecode] 17:46:02:23 capture=on(0.00s) onAir=off
[timecode] 17:46:03:23 capture=on(0.01s) onAir=off
[timecode] 17:46:04:23 capture=on(0.01s) onAir=off
[timecode] 17:46:05:24 capture=on(0.02s) onAir=off
[timecode] 17:46:06:24 capture=on(0.03s) onAir=off
[timecode] 17:46:07:24 capture=on(0.04s) onAir=off
[timecode] 17:46:08:24 capture=on(0.01s) onAir=off
[timecode] 17:46:09:24 capture=on(0.01s) onAir=off
[timecode] 17:46:10:24 capture=on(0.00s) onAir=off
[timecode] 17:46:11:24 capture=on(0.01s) onAir=off
[timecode] 17:46:12:24 capture=on(0.01s) onAir=off
[timecode] 17:46:14:00 capture=on(0.02s) onAir=off
[timecode] 17:46:15:00 capture=on(0.02s) onAir=off
[timecode] 17:46:16:00 capture=on(0.03s) onAir=off
[timecode] 17:46:17:00 capture=on(0.00s) onAir=off
[timecode] 17:46:18:00 capture=on(0.01s) onAir=off
[timecode] 17:46:19:00 capture=on(0.01s) onAir=off
[timecode] 17:46:20:00 capture=on(0.01s) onAir=off
[timecode] 17:46:21:01 capture=on(0.02s) onAir=off
[timecode] 17:46:22:01 capture=on(0.02s) onAir=off
[timecode] 17:46:23:01 capture=on(0.02s) onAir=off
[timecode] 17:46:24:01 capture=on(0.04s) onAir=off
[timecode] 17:46:25:01 capture=on(0.01s) onAir=off
[timecode] 17:46:26:01 capture=on(0.00s) onAir=off
[timecode] 17:46:27:01 capture=on(0.00s) onAir=off
[timecode] 17:46:28:01 capture=on(0.00s) onAir=off
[timecode] 17:46:29:02 capture=on(0.02s) onAir=off
[timecode] 17:46:30:02 capture=on(0.02s) onAir=off
[timecode] 17:46:31:02 capture=on(0.00s) onAir=off
[timecode] 17:46:32:02 capture=on(0.00s) onAir=off
[timecode] 17:46:33:02 capture=on(0.00s) onAir=off
[timecode] 17:46:34:02 capture=on(0.00s) onAir=off
[timecode] 17:46:35:02 capture=on(0.00s) onAir=off
[timecode] 17:46:36:02 capture=on(0.01s) onAir=off
[timecode] 17:46:37:03 capture=on(0.02s) onAir=off
[timecode] 17:46:38:03 capture=on(0.02s) onAir=off
[timecode] 17:46:39:03 capture=on(0.03s) onAir=off
[timecode] 17:46:40:03 capture=on(0.00s) onAir=off
[timecode] 17:46:41:03 capture=on(0.00s) onAir=off
[timecode] 17:46:42:03 capture=on(0.00s) onAir=off
[timecode] 17:46:43:03 capture=on(0.00s) onAir=off
[timecode] 17:46:44:03 capture=on(0.01s) onAir=off
[timecode] 17:46:45:04 capture=on(0.02s) onAir=off
[timecode] 17:46:46:04 capture=on(0.03s) onAir=off
[timecode] 17:46:47:04 capture=on(0.00s) onAir=off
[timecode] 17:46:48:04 capture=on(0.00s) onAir=off
[timecode] 17:46:49:04 capture=on(0.00s) onAir=off
[timecode] 17:46:50:04 capture=on(0.00s) onAir=off
[timecode] 17:46:51:04 capture=on(0.00s) onAir=off
[timecode] 17:46:52:04 capture=on(0.01s) onAir=off
[timecode] 17:46:53:05 capture=on(0.02s) onAir=off
[timecode] 17:46:54:05 capture=on(0.02s) onAir=off
[timecode] 17:46:55:05 capture=on(0.03s) onAir=off
[timecode] 17:46:56:05 capture=on(0.03s) onAir=off
[timecode] 17:46:57:05 capture=on(0.00s) onAir=off
[timecode] 17:46:58:05 capture=on(0.00s) onAir=off
[timecode] 17:46:59:05 capture=on(0.00s) onAir=off
[timecode] 17:47:00:05 capture=on(0.00s) onAir=off
[timecode] 17:47:01:05 capture=on(0.00s) onAir=off
[timecode] 17:47:02:05 capture=on(0.00s) onAir=off
[timecode] 17:47:03:05 capture=on(0.00s) onAir=off
[timecode] 17:47:04:05 capture=on(0.00s) onAir=off
[timecode] 17:47:05:05 capture=on(0.00s) onAir=off
[timecode] 17:47:06:05 capture=on(0.00s) onAir=off
[timecode] 17:47:07:05 capture=on(0.01s) onAir=off
[timecode] 17:47:08:06 capture=on(0.02s) onAir=off
[timecode] 17:47:09:06 capture=on(0.03s) onAir=off
[timecode] 17:47:10:06 capture=on(0.00s) onAir=off
[timecode] 17:47:11:07 capture=on(0.01s) onAir=off
[timecode] 17:47:12:07 capture=on(0.03s) onAir=off
[timecode] 17:47:13:07 capture=on(0.03s) onAir=off
[timecode] 17:47:14:07 capture=on(0.03s) onAir=off
[timecode] 17:47:15:07 capture=on(0.00s) onAir=off
[timecode] 17:47:16:07 capture=on(0.00s) onAir=off
[timecode] 17:47:17:07 capture=on(0.00s) onAir=off
[timecode] 17:47:18:07 capture=on(0.00s) onAir=off
[timecode] 17:47:19:07 capture=on(0.00s) onAir=off
[timecode] 17:47:20:07 capture=on(0.00s) onAir=off
[timecode] 17:47:21:07 capture=on(0.01s) onAir=off
[timecode] 17:47:22:08 capture=on(0.01s) onAir=off
[timecode] 17:47:23:08 capture=on(0.01s) onAir=off
[timecode] 17:47:24:08 capture=on(0.02s) onAir=off
[timecode] 17:47:25:08 capture=on(0.03s) onAir=off
[timecode] 17:47:26:08 capture=on(0.00s) onAir=off
[timecode] 17:47:27:08 capture=on(0.01s) onAir=off
[timecode] 17:47:28:08 capture=on(0.01s) onAir=off
[timecode] 17:47:29:08 capture=on(0.01s) onAir=off
[timecode] 17:47:30:08 capture=on(0.01s) onAir=off
[timecode] 17:47:31:09 capture=on(0.02s) onAir=off
[timecode] 17:47:32:09 capture=on(0.03s) onAir=off
[timecode] 17:47:33:09 capture=on(0.00s) onAir=off
[timecode] 17:47:34:09 capture=on(0.01s) onAir=off
[timecode] 17:47:35:09 capture=on(0.01s) onAir=off
[timecode] 17:47:36:10 capture=on(0.01s) onAir=off
[timecode] 17:47:37:10 capture=on(0.02s) onAir=off
[timecode] 17:47:38:10 capture=on(0.02s) onAir=off
[timecode] 17:47:39:10 capture=on(0.03s) onAir=off
[timecode] 17:47:40:10 capture=on(0.04s) onAir=off
[timecode] 17:47:41:10 capture=on(0.01s) onAir=off
[timecode] 17:47:42:10 capture=on(0.01s) onAir=off
[timecode] 17:47:43:10 capture=on(0.01s) onAir=off
[timecode] 17:47:44:10 capture=on(0.01s) onAir=off
[timecode] 17:47:45:10 capture=on(0.01s) onAir=off
[timecode] 17:47:46:10 capture=on(0.01s) onAir=off
[timecode] 17:47:47:11 capture=on(0.02s) onAir=off
[timecode] 17:47:48:11 capture=on(0.02s) onAir=off
[timecode] 17:47:49:11 capture=on(0.02s) onAir=off
[timecode] 17:47:50:11 capture=on(0.03s) onAir=off
[timecode] 17:47:51:11 capture=on(0.03s) onAir=off
[timecode] 17:47:52:11 capture=on(0.00s) onAir=off
[timecode] 17:47:53:11 capture=on(0.00s) onAir=off
[timecode] 17:47:54:11 capture=on(0.01s) onAir=off
[timecode] 17:47:55:12 capture=on(0.01s) onAir=off
[timecode] 17:47:56:12 capture=on(0.02s) onAir=off
[timecode] 17:47:57:12 capture=on(0.02s) onAir=off
[timecode] 17:47:58:12 capture=on(0.04s) onAir=off
[timecode] 17:47:59:12 capture=on(0.04s) onAir=off
[timecode] 17:48:00:12 capture=on(0.00s) onAir=off
[timecode] 17:48:01:12 capture=on(0.01s) onAir=off
[timecode] 17:48:02:13 capture=on(0.02s) onAir=off
[timecode] 17:48:03:13 capture=on(0.03s) onAir=off
[timecode] 17:48:04:13 capture=on(0.00s) onAir=off
[timecode] 17:48:05:13 capture=on(0.01s) onAir=off
[timecode] 17:48:06:14 capture=on(0.01s) onAir=off
[timecode] 17:48:07:14 capture=on(0.02s) onAir=off
[timecode] 17:48:08:14 capture=on(0.02s) onAir=off
[timecode] 17:48:09:14 capture=on(0.03s) onAir=off
[timecode] 17:48:10:14 capture=on(0.00s) onAir=off
[timecode] 17:48:11:14 capture=on(0.00s) onAir=off
[timecode] 17:48:12:15 capture=on(0.01s) onAir=off
[timecode] 17:48:13:15 capture=on(0.02s) onAir=off
[timecode] 17:48:14:15 capture=on(0.03s) onAir=off
[timecode] 17:48:15:15 capture=on(0.00s) onAir=off
[timecode] 17:48:16:15 capture=on(0.01s) onAir=off
[timecode] 17:48:17:15 capture=on(0.01s) onAir=off
[timecode] 17:48:18:16 capture=on(0.01s) onAir=off
[timecode] 17:48:19:16 capture=on(0.01s) onAir=off
[timecode] 17:48:20:16 capture=on(0.02s) onAir=off
[timecode] 17:48:21:16 capture=on(0.03s) onAir=off
[timecode] 17:48:22:16 capture=on(0.04s) onAir=off
[timecode] 17:48:23:16 capture=on(0.01s) onAir=off
[timecode] 17:48:24:16 capture=on(0.01s) onAir=off
[timecode] 17:48:25:17 capture=on(0.01s) onAir=off
[timecode] 17:48:26:17 capture=on(0.03s) onAir=off
[timecode] 17:48:27:17 capture=on(0.00s) onAir=off
[timecode] 17:48:28:17 capture=on(0.01s) onAir=off
[timecode] 17:48:29:17 capture=on(0.01s) onAir=off
[timecode] 17:48:30:18 capture=on(0.01s) onAir=off
[timecode] 17:48:31:18 capture=on(0.02s) onAir=off
[timecode] 17:48:32:18 capture=on(0.03s) onAir=off
[timecode] 17:48:33:18 capture=on(0.00s) onAir=off
[timecode] 17:48:34:18 capture=on(0.01s) onAir=off
[timecode] 17:48:35:18 capture=on(0.01s) onAir=off
[timecode] 17:48:36:18 capture=on(0.01s) onAir=off
[timecode] 17:48:37:18 capture=on(0.01s) onAir=off
[timecode] 17:48:38:18 capture=on(0.01s) onAir=off
[timecode] 17:48:39:18 capture=on(0.01s) onAir=off
[timecode] 17:48:40:18 capture=on(0.01s) onAir=off
[timecode] 17:48:41:18 capture=on(0.01s) onAir=off
[timecode] 17:48:42:19 capture=on(0.02s) onAir=off
[timecode] 17:48:43:19 capture=on(0.03s) onAir=off
[timecode] 17:48:44:19 capture=on(0.00s) onAir=off
[timecode] 17:48:45:19 capture=on(0.01s) onAir=off
[timecode] 17:48:46:19 capture=on(0.01s) onAir=off
[timecode] 17:48:47:19 capture=on(0.01s) onAir=off
[timecode] 17:48:48:19 capture=on(0.00s) onAir=off
[timecode] 17:48:49:19 capture=on(0.01s) onAir=off
[timecode] 17:48:50:19 capture=on(0.01s) onAir=off
[timecode] 17:48:51:19 capture=on(0.01s) onAir=off
[timecode] 17:48:52:19 capture=on(0.01s) onAir=off
[timecode] 17:48:53:19 capture=on(0.01s) onAir=off
[timecode] 17:48:54:20 capture=on(0.02s) onAir=off
[timecode] 17:48:55:20 capture=on(0.02s) onAir=off
[timecode] 17:48:56:20 capture=on(0.02s) onAir=off
[timecode] 17:48:57:20 capture=on(0.02s) onAir=off
[timecode] 17:48:58:20 capture=on(0.03s) onAir=off
[timecode] 17:48:59:20 capture=on(0.04s) onAir=off
[timecode] 17:49:00:20 capture=on(0.00s) onAir=off
[timecode] 17:49:01:20 capture=on(0.01s) onAir=off
[timecode] 17:49:02:20 capture=on(0.00s) onAir=off
[timecode] 17:49:03:20 capture=on(0.01s) onAir=off
[timecode] 17:49:04:20 capture=on(0.01s) onAir=off
[timecode] 17:49:05:20 capture=on(0.01s) onAir=off
[timecode] 17:49:06:20 capture=on(0.01s) onAir=off
[timecode] 17:49:07:20 capture=on(0.01s) onAir=off
[timecode] 17:49:08:21 capture=on(0.01s) onAir=off
[timecode] 17:49:09:21 capture=on(0.01s) onAir=off
[timecode] 17:49:10:20 capture=on(0.01s) onAir=off
[timecode] 17:49:11:21 capture=on(0.01s) onAir=off
[timecode] 17:49:12:21 capture=on(0.02s) onAir=off
[timecode] 17:49:13:21 capture=on(0.03s) onAir=off
[timecode] 17:49:14:21 capture=on(0.03s) onAir=off
[timecode] 17:49:15:21 capture=on(0.00s) onAir=off
[timecode] 17:49:16:21 capture=on(0.01s) onAir=off
[timecode] 17:49:17:22 capture=on(0.01s) onAir=off
[timecode] 17:49:18:22 capture=on(0.01s) onAir=off
[timecode] 17:49:19:22 capture=on(0.01s) onAir=off
[timecode] 17:49:20:22 capture=on(0.01s) onAir=off
[timecode] 17:49:21:22 capture=on(0.01s) onAir=off
[timecode] 17:49:22:22 capture=on(0.02s) onAir=off
[timecode] 17:49:23:22 capture=on(0.02s) onAir=off
[timecode] 17:49:24:22 capture=on(0.03s) onAir=off
[timecode] 17:49:25:22 capture=on(0.00s) onAir=off
[timecode] 17:49:26:23 capture=on(0.01s) onAir=off
[timecode] 17:49:27:23 capture=on(0.01s) onAir=off
[timecode] 17:49:28:23 capture=on(0.01s) onAir=off
[timecode] 17:49:29:23 capture=on(0.01s) onAir=off
[timecode] 17:49:30:23 capture=on(0.02s) onAir=off
[timecode] 17:49:31:23 capture=on(0.02s) onAir=off
[timecode] 17:49:32:23 capture=on(0.02s) onAir=off
[timecode] 17:49:33:23 capture=on(0.03s) onAir=off
[timecode] 17:49:34:23 capture=on(0.03s) onAir=off
[timecode] 17:49:35:23 capture=on(0.00s) onAir=off
[timecode] 17:49:36:23 capture=on(0.00s) onAir=off
[timecode] 17:49:37:24 capture=on(0.01s) onAir=off
[timecode] 17:49:38:24 capture=on(0.01s) onAir=off
[timecode] 17:49:39:24 capture=on(0.01s) onAir=off
[timecode] 17:49:40:24 capture=on(0.01s) onAir=off
[timecode] 17:49:41:24 capture=on(0.01s) onAir=off
[timecode] 17:49:42:24 capture=on(0.01s) onAir=off
[timecode] 17:49:43:24 capture=on(0.01s) onAir=off
[timecode] 17:49:44:24 capture=on(0.01s) onAir=off
[timecode] 17:49:45:24 capture=on(0.01s) onAir=off
[timecode] 17:49:46:24 capture=on(0.01s) onAir=off
[timecode] 17:49:47:24 capture=on(0.01s) onAir=off
[timecode] 17:49:48:24 capture=on(0.02s) onAir=off
[timecode] 17:49:49:24 capture=on(0.04s) onAir=off
[timecode] 17:49:50:24 capture=on(0.04s) onAir=off
[timecode] 17:49:51:24 capture=on(0.00s) onAir=off
[timecode] 17:49:53:00 capture=on(0.01s) onAir=off
[timecode] 17:49:54:00 capture=on(0.01s) onAir=off
[timecode] 17:49:55:00 capture=on(0.01s) onAir=off
[timecode] 17:49:56:00 capture=on(0.01s) onAir=off
[timecode] 17:49:57:00 capture=on(0.01s) onAir=off
[timecode] 17:49:58:00 capture=on(0.02s) onAir=off
[timecode] 17:49:59:00 capture=on(0.02s) onAir=off
[timecode] 17:50:00:00 capture=on(0.03s) onAir=off
[timecode] 17:50:01:00 capture=on(0.03s) onAir=off
[timecode] 17:50:02:00 capture=on(0.04s) onAir=off
[timecode] 17:50:03:01 capture=on(0.01s) onAir=off
[timecode] 17:50:04:01 capture=on(0.01s) onAir=off
[timecode] 17:50:05:01 capture=on(0.01s) onAir=off
[timecode] 17:50:06:01 capture=on(0.01s) onAir=off
[timecode] 17:50:07:01 capture=on(0.01s) onAir=off
[timecode] 17:50:08:01 capture=on(0.01s) onAir=off
[timecode] 17:50:09:01 capture=on(0.01s) onAir=off
[timecode] 17:50:10:01 capture=on(0.01s) onAir=off
[timecode] 17:50:11:01 capture=on(0.02s) onAir=off
[timecode] 17:50:12:01 capture=on(0.03s) onAir=off
[timecode] 17:50:13:01 capture=on(0.00s) onAir=off
[timecode] 17:50:14:02 capture=on(0.01s) onAir=off
[timecode] 17:50:15:02 capture=on(0.01s) onAir=off
[timecode] 17:50:16:02 capture=on(0.01s) onAir=off
[timecode] 17:50:17:02 capture=on(0.01s) onAir=off
[timecode] 17:50:18:02 capture=on(0.01s) onAir=off
[timecode] 17:50:19:02 capture=on(0.02s) onAir=off
[timecode] 17:50:20:02 capture=on(0.03s) onAir=off
[timecode] 17:50:21:02 capture=on(0.03s) onAir=off
[timecode] 17:50:22:02 capture=on(0.00s) onAir=off
[timecode] 17:50:23:03 capture=on(0.01s) onAir=off
[timecode] 17:50:24:03 capture=on(0.00s) onAir=off
[timecode] 17:50:25:03 capture=on(0.01s) onAir=off
[timecode] 17:50:26:03 capture=on(0.01s) onAir=off
[timecode] 17:50:27:03 capture=on(0.02s) onAir=off
[timecode] 17:50:28:03 capture=on(0.03s) onAir=off
[timecode] 17:50:29:04 capture=on(0.00s) onAir=off
[timecode] 17:50:30:04 capture=on(0.00s) onAir=off
[timecode] 17:50:31:04 capture=on(0.01s) onAir=off
[timecode] 17:50:32:04 capture=on(0.01s) onAir=off
[timecode] 17:50:33:04 capture=on(0.01s) onAir=off
[timecode] 17:50:34:04 capture=on(0.01s) onAir=off
[timecode] 17:50:35:04 capture=on(0.01s) onAir=off
[timecode] 17:50:36:04 capture=on(0.01s) onAir=off
[timecode] 17:50:37:04 capture=on(0.01s) onAir=off
[timecode] 17:50:38:04 capture=on(0.01s) onAir=off
[timecode] 17:50:39:04 capture=on(0.02s) onAir=off
[timecode] 17:50:40:04 capture=on(0.03s) onAir=off
[timecode] 17:50:41:04 capture=on(0.03s) onAir=off
[timecode] 17:50:42:04 capture=on(0.03s) onAir=off
[timecode] 17:50:43:05 capture=on(0.00s) onAir=off
[timecode] 17:50:44:05 capture=on(0.01s) onAir=off
[timecode] 17:50:45:05 capture=on(0.01s) onAir=off
[timecode] 17:50:46:05 capture=on(0.01s) onAir=off
[timecode] 17:50:47:05 capture=on(0.01s) onAir=off
[timecode] 17:50:48:05 capture=on(0.01s) onAir=off
[timecode] 17:50:49:05 capture=on(0.01s) onAir=off
[timecode] 17:50:50:05 capture=on(0.01s) onAir=off
[timecode] 17:50:51:05 capture=on(0.02s) onAir=off
[timecode] 17:50:52:05 capture=on(0.03s) onAir=off
[timecode] 17:50:53:05 capture=on(0.03s) onAir=off
[timecode] 17:50:54:06 capture=on(0.00s) onAir=off
[timecode] 17:50:55:06 capture=on(0.00s) onAir=off
[timecode] 17:50:56:06 capture=on(0.01s) onAir=off
[timecode] 17:50:57:06 capture=on(0.02s) onAir=off
[timecode] 17:50:58:06 capture=on(0.02s) onAir=off
[timecode] 17:50:59:06 capture=on(0.03s) onAir=off
[timecode] 17:51:00:07 capture=on(0.00s) onAir=off
[timecode] 17:51:01:07 capture=on(0.00s) onAir=off
[timecode] 17:51:02:07 capture=on(0.00s) onAir=off
[timecode] 17:51:03:07 capture=on(0.01s) onAir=off
[timecode] 17:51:04:07 capture=on(0.01s) onAir=off
[timecode] 17:51:05:07 capture=on(0.01s) onAir=off
[timecode] 17:51:06:07 capture=on(0.01s) onAir=off
[timecode] 17:51:07:07 capture=on(0.01s) onAir=off
[timecode] 17:51:08:07 capture=on(0.01s) onAir=off
[timecode] 17:51:09:07 capture=on(0.01s) onAir=off
[timecode] 17:51:10:07 capture=on(0.02s) onAir=off
[timecode] 17:51:11:07 capture=on(0.02s) onAir=off
[timecode] 17:51:12:07 capture=on(0.03s) onAir=off
[timecode] 17:51:13:08 capture=on(0.00s) onAir=off
[timecode] 17:51:14:08 capture=on(0.01s) onAir=off
[timecode] 17:51:15:08 capture=on(0.02s) onAir=off
[timecode] 17:51:16:08 capture=on(0.03s) onAir=off
[timecode] 17:51:17:08 capture=on(0.03s) onAir=off
[timecode] 17:51:18:08 capture=on(0.03s) onAir=off
[timecode] 17:51:19:09 capture=on(0.00s) onAir=off
[timecode] 17:51:20:09 capture=on(0.00s) onAir=off
[timecode] 17:51:21:09 capture=on(0.00s) onAir=off
[timecode] 17:51:22:09 capture=on(0.01s) onAir=off
[timecode] 17:51:23:09 capture=on(0.02s) onAir=off
[timecode] 17:51:24:09 capture=on(0.03s) onAir=off
[timecode] 17:51:25:10 capture=on(0.00s) onAir=off
[timecode] 17:51:26:10 capture=on(0.01s) onAir=off
[timecode] 17:51:27:10 capture=on(0.01s) onAir=off
[timecode] 17:51:28:10 capture=on(0.01s) onAir=off
[timecode] 17:51:29:10 capture=on(0.01s) onAir=off
[timecode] 17:51:30:10 capture=on(0.01s) onAir=off
[timecode] 17:51:31:10 capture=on(0.01s) onAir=off
[timecode] 17:51:32:10 capture=on(0.01s) onAir=off
[timecode] 17:51:33:10 capture=on(0.01s) onAir=off
[timecode] 17:51:34:10 capture=on(0.02s) onAir=off
[timecode] 17:51:35:10 capture=on(0.03s) onAir=off
[timecode] 17:51:36:11 capture=on(0.04s) onAir=off
[timecode] 17:51:37:11 capture=on(0.00s) onAir=off
[timecode] 17:51:38:11 capture=on(0.01s) onAir=off
[timecode] 17:51:39:11 capture=on(0.01s) onAir=off
[timecode] 17:51:40:11 capture=on(0.01s) onAir=off
[timecode] 17:51:41:11 capture=on(0.03s) onAir=off
[timecode] 17:51:42:11 capture=on(0.04s) onAir=off
[timecode] 17:51:43:12 capture=on(0.04s) onAir=off
[timecode] 17:51:44:12 capture=on(0.01s) onAir=off
[timecode] 17:51:45:12 capture=on(0.01s) onAir=off
[timecode] 17:51:46:12 capture=on(0.01s) onAir=off
[timecode] 17:51:47:12 capture=on(0.01s) onAir=off
[timecode] 17:51:48:12 capture=on(0.02s) onAir=off
[timecode] 17:51:49:12 capture=on(0.03s) onAir=off
[timecode] 17:51:50:13 capture=on(0.00s) onAir=off
[timecode] 17:51:51:13 capture=on(0.00s) onAir=off
[timecode] 17:51:52:13 capture=on(0.01s) onAir=off
[timecode] 17:51:53:13 capture=on(0.01s) onAir=off
[timecode] 17:51:54:13 capture=on(0.01s) onAir=off
[timecode] 17:51:55:13 capture=on(0.01s) onAir=off
[timecode] 17:51:56:13 capture=on(0.01s) onAir=off
[timecode] 17:51:57:13 capture=on(0.01s) onAir=off
[timecode] 17:51:58:13 capture=on(0.01s) onAir=off
[timecode] 17:51:59:13 capture=on(0.01s) onAir=off
[timecode] 17:52:00:13 capture=on(0.01s) onAir=off
[timecode] 17:52:01:13 capture=on(0.01s) onAir=off
[timecode] 17:52:02:13 capture=on(0.01s) onAir=off
[timecode] 17:52:03:13 capture=on(0.01s) onAir=off
[timecode] 17:52:04:13 capture=on(0.01s) onAir=off
[timecode] 17:52:05:13 capture=on(0.01s) onAir=off
[timecode] 17:52:06:13 capture=on(0.02s) onAir=off
[timecode] 17:52:07:13 capture=on(0.02s) onAir=off
[timecode] 17:52:08:13 capture=on(0.02s) onAir=off
[timecode] 17:52:09:13 capture=on(0.03s) onAir=off
[timecode] 17:52:10:13 capture=on(0.03s) onAir=off
[timecode] 17:52:11:14 capture=on(0.04s) onAir=off
[timecode] 17:52:12:14 capture=on(0.01s) onAir=off
[timecode] 17:52:13:14 capture=on(0.01s) onAir=off
[timecode] 17:52:14:14 capture=on(0.01s) onAir=off
[timecode] 17:52:15:14 capture=on(0.01s) onAir=off
[timecode] 17:52:16:14 capture=on(0.01s) onAir=off
[timecode] 17:52:17:14 capture=on(0.01s) onAir=off
[timecode] 17:52:18:14 capture=on(0.01s) onAir=off
[timecode] 17:52:19:14 capture=on(0.01s) onAir=off
[timecode] 17:52:20:14 capture=on(0.01s) onAir=off
[timecode] 17:52:21:14 capture=on(0.01s) onAir=off
[timecode] 17:52:22:14 capture=on(0.01s) onAir=off
[timecode] 17:52:23:14 capture=on(0.02s) onAir=off
[timecode] 17:52:24:14 capture=on(0.03s) onAir=off
[timecode] 17:52:25:15 capture=on(0.00s) onAir=off
[timecode] 17:52:26:15 capture=on(0.00s) onAir=off
[timecode] 17:52:27:15 capture=on(0.00s) onAir=off
[timecode] 17:52:28:15 capture=on(0.00s) onAir=off
[timecode] 17:52:29:15 capture=on(0.00s) onAir=off
[timecode] 17:52:30:15 capture=on(0.01s) onAir=off
[timecode] 17:52:31:15 capture=on(0.02s) onAir=off
[timecode] 17:52:32:15 capture=on(0.03s) onAir=off
[timecode] 17:52:33:16 capture=on(0.03s) onAir=off
[timecode] 17:52:34:16 capture=on(0.03s) onAir=off
[timecode] 17:52:35:16 capture=on(0.00s) onAir=off
[timecode] 17:52:36:16 capture=on(0.01s) onAir=off
[timecode] 17:52:37:16 capture=on(0.02s) onAir=off
[timecode] 17:52:38:16 capture=on(0.03s) onAir=off
[timecode] 17:52:39:17 capture=on(0.00s) onAir=off
[timecode] 17:52:40:17 capture=on(0.00s) onAir=off
[timecode] 17:52:41:17 capture=on(0.00s) onAir=off
[timecode] 17:52:42:17 capture=on(0.00s) onAir=off
[timecode] 17:52:43:17 capture=on(0.01s) onAir=off
[timecode] 17:52:44:17 capture=on(0.01s) onAir=off
[timecode] 17:52:45:17 capture=on(0.02s) onAir=off
[timecode] 17:52:46:17 capture=on(0.02s) onAir=off
[timecode] 17:52:47:17 capture=on(0.02s) onAir=off
[timecode] 17:52:48:18 capture=on(0.03s) onAir=off
[timecode] 17:52:49:18 capture=on(0.00s) onAir=off
[timecode] 17:52:50:18 capture=on(0.00s) onAir=off
[timecode] 17:52:51:18 capture=on(0.00s) onAir=off
[timecode] 17:52:52:18 capture=on(0.01s) onAir=off
[timecode] 17:52:53:18 capture=on(0.01s) onAir=off
[timecode] 17:52:54:18 capture=on(0.02s) onAir=off
[timecode] 17:52:55:18 capture=on(0.02s) onAir=off
[timecode] 17:52:56:19 capture=on(0.03s) onAir=off
[timecode] 17:52:57:19 capture=on(0.03s) onAir=off
[timecode] 17:52:58:19 capture=on(0.00s) onAir=off
[timecode] 17:52:59:19 capture=on(0.00s) onAir=off
[timecode] 17:53:00:19 capture=on(0.02s) onAir=off
[timecode] 17:53:01:20 capture=on(0.04s) onAir=off
[timecode] 17:53:02:20 capture=on(0.00s) onAir=off
[timecode] 17:53:03:20 capture=on(0.00s) onAir=off
[timecode] 17:53:04:20 capture=on(0.01s) onAir=off
[timecode] 17:53:05:20 capture=on(0.01s) onAir=off
[timecode] 17:53:06:20 capture=on(0.02s) onAir=off
[timecode] 17:53:07:21 capture=on(0.03s) onAir=off
[timecode] 17:53:08:21 capture=on(0.00s) onAir=off
[timecode] 17:53:09:21 capture=on(0.00s) onAir=off
[timecode] 17:53:10:21 capture=on(0.00s) onAir=off
[timecode] 17:53:11:21 capture=on(0.00s) onAir=off
[timecode] 17:53:12:21 capture=on(0.00s) onAir=off
[timecode] 17:53:13:21 capture=on(0.00s) onAir=off
[timecode] 17:53:14:21 capture=on(0.00s) onAir=off
[timecode] 17:53:15:21 capture=on(0.00s) onAir=off
[timecode] 17:53:16:21 capture=on(0.00s) onAir=off
[timecode] 17:53:17:21 capture=on(0.00s) onAir=off
[timecode] 17:53:18:21 capture=on(0.00s) onAir=off
[timecode] 17:53:19:21 capture=on(0.00s) onAir=off
[timecode] 17:53:20:21 capture=on(0.00s) onAir=off
[timecode] 17:53:21:21 capture=on(0.01s) onAir=off
[timecode] 17:53:22:21 capture=on(0.02s) onAir=off
[timecode] 17:53:23:21 capture=on(0.03s) onAir=off
[timecode] 17:53:24:22 capture=on(0.00s) onAir=off
[timecode] 17:53:25:22 capture=on(0.00s) onAir=off
[timecode] 17:53:26:22 capture=on(0.01s) onAir=off
[timecode] 17:53:27:22 capture=on(0.01s) onAir=off
[timecode] 17:53:28:22 capture=on(0.01s) onAir=off
[timecode] 17:53:29:22 capture=on(0.01s) onAir=off
[timecode] 17:53:30:22 capture=on(0.02s) onAir=off
[timecode] 17:53:31:22 capture=on(0.02s) onAir=off
[timecode] 17:53:32:22 capture=on(0.02s) onAir=off
[timecode] 17:53:33:22 capture=on(0.03s) onAir=off
[timecode] 17:53:34:23 capture=on(0.03s) onAir=off
[timecode] 17:53:35:23 capture=on(0.04s) onAir=off
[timecode] 17:53:36:23 capture=on(0.01s) onAir=off
[timecode] 17:53:37:23 capture=on(0.01s) onAir=off
[timecode] 17:53:38:23 capture=on(0.01s) onAir=off
[timecode] 17:53:39:23 capture=on(0.01s) onAir=off
[timecode] 17:53:40:23 capture=on(0.01s) onAir=off
[timecode] 17:53:41:23 capture=on(0.01s) onAir=off
[timecode] 17:53:42:23 capture=on(0.01s) onAir=off
[timecode] 17:53:43:23 capture=on(0.01s) onAir=off
[timecode] 17:53:44:23 capture=on(0.01s) onAir=off
[timecode] 17:53:45:23 capture=on(0.02s) onAir=off
[timecode] 17:53:46:24 capture=on(0.04s) onAir=off
[timecode] 17:53:47:24 capture=on(0.00s) onAir=off
[timecode] 17:53:48:24 capture=on(0.00s) onAir=off
[timecode] 17:53:49:24 capture=on(0.01s) onAir=off
[timecode] 17:53:50:24 capture=on(0.01s) onAir=off
[timecode] 17:53:51:24 capture=on(0.01s) onAir=off
[timecode] 17:53:52:24 capture=on(0.01s) onAir=off
[timecode] 17:53:53:24 capture=on(0.01s) onAir=off
[timecode] 17:53:54:24 capture=on(0.01s) onAir=off
[timecode] 17:53:55:24 capture=on(0.02s) onAir=off
[timecode] 17:53:57:00 capture=on(0.03s) onAir=off
[timecode] 17:53:58:00 capture=on(0.01s) onAir=off
[timecode] 17:53:59:00 capture=on(0.01s) onAir=off
[timecode] 17:54:00:00 capture=on(0.01s) onAir=off
[timecode] 17:54:01:00 capture=on(0.01s) onAir=off
[timecode] 17:54:02:00 capture=on(0.02s) onAir=off
[timecode] 17:54:03:01 capture=on(0.03s) onAir=off
[timecode] 17:54:04:01 capture=on(0.03s) onAir=off
[timecode] 17:54:05:01 capture=on(0.03s) onAir=off
[timecode] 17:54:06:01 capture=on(0.04s) onAir=off
[timecode] 17:54:07:01 capture=on(0.04s) onAir=off
[timecode] 17:54:08:01 capture=on(0.04s) onAir=off
[timecode] 17:54:09:01 capture=on(0.01s) onAir=off
[timecode] 17:54:10:01 capture=on(0.01s) onAir=off
[timecode] 17:54:11:01 capture=on(0.02s) onAir=off
[timecode] 17:54:12:02 capture=on(0.03s) onAir=off
[timecode] 17:54:13:02 capture=on(0.03s) onAir=off
[timecode] 17:54:14:02 capture=on(0.00s) onAir=off
[timecode] 17:54:15:02 capture=on(0.01s) onAir=off
[timecode] 17:54:16:02 capture=on(0.01s) onAir=off
[timecode] 17:54:17:02 capture=on(0.01s) onAir=off
[timecode] 17:54:18:02 capture=on(0.01s) onAir=off
[timecode] 17:54:19:02 capture=on(0.01s) onAir=off
[timecode] 17:54:20:02 capture=on(0.01s) onAir=off
[timecode] 17:54:21:02 capture=on(0.01s) onAir=off
[timecode] 17:54:22:02 capture=on(0.01s) onAir=off
[timecode] 17:54:23:02 capture=on(0.01s) onAir=off
[timecode] 17:54:24:02 capture=on(0.01s) onAir=off
[timecode] 17:54:25:02 capture=on(0.01s) onAir=off
[timecode] 17:54:26:02 capture=on(0.01s) onAir=off
[timecode] 17:54:27:02 capture=on(0.01s) onAir=off
[timecode] 17:54:28:02 capture=on(0.01s) onAir=off
[timecode] 17:54:29:02 capture=on(0.02s) onAir=off
[timecode] 17:54:30:03 capture=on(0.03s) onAir=off
[timecode] 17:54:31:03 capture=on(0.00s) onAir=off
[timecode] 17:54:32:03 capture=on(0.00s) onAir=off
[timecode] 17:54:33:03 capture=on(0.01s) onAir=off
[timecode] 17:54:34:03 capture=on(0.01s) onAir=off
[timecode] 17:54:35:03 capture=on(0.01s) onAir=off
[timecode] 17:54:36:03 capture=on(0.02s) onAir=off
[timecode] 17:54:37:04 capture=on(0.03s) onAir=off
[timecode] 17:54:38:04 capture=on(0.03s) onAir=off
[timecode] 17:54:39:04 capture=on(0.00s) onAir=off
[timecode] 17:54:40:04 capture=on(0.01s) onAir=off
[timecode] 17:54:41:04 capture=on(0.01s) onAir=off
[timecode] 17:54:42:04 capture=on(0.01s) onAir=off
[timecode] 17:54:43:04 capture=on(0.01s) onAir=off
[timecode] 17:54:44:04 capture=on(0.02s) onAir=off
[timecode] 17:54:45:05 capture=on(0.03s) onAir=off
[timecode] 17:54:46:05 capture=on(0.00s) onAir=off
[timecode] 17:54:47:05 capture=on(0.01s) onAir=off
[timecode] 17:54:48:05 capture=on(0.01s) onAir=off
[timecode] 17:54:49:05 capture=on(0.01s) onAir=off
[timecode] 17:54:50:05 capture=on(0.01s) onAir=off
[timecode] 17:54:51:05 capture=on(0.01s) onAir=off
[timecode] 17:54:52:05 capture=on(0.02s) onAir=off
[timecode] 17:54:53:05 capture=on(0.01s) onAir=off
[timecode] 17:54:54:05 capture=on(0.02s) onAir=off
[timecode] 17:54:55:05 capture=on(0.02s) onAir=off
[timecode] 17:54:56:05 capture=on(0.02s) onAir=off
[timecode] 17:54:57:05 capture=on(0.02s) onAir=off
[timecode] 17:54:58:06 capture=on(0.03s) onAir=off
[timecode] 17:54:59:06 capture=on(0.03s) onAir=off
[timecode] 17:55:00:06 capture=on(0.00s) onAir=off
[timecode] 17:55:01:06 capture=on(0.01s) onAir=off
[timecode] 17:55:02:06 capture=on(0.01s) onAir=off
[timecode] 17:55:03:06 capture=on(0.01s) onAir=off
[timecode] 17:55:04:06 capture=on(0.01s) onAir=off
[timecode] 17:55:05:06 capture=on(0.01s) onAir=off
[timecode] 17:55:06:07 capture=on(0.03s) onAir=off
[timecode] 17:55:07:07 capture=on(0.04s) onAir=off
[timecode] 17:55:08:07 capture=on(0.01s) onAir=off
[timecode] 17:55:09:07 capture=on(0.01s) onAir=off
[timecode] 17:55:10:07 capture=on(0.01s) onAir=off
[timecode] 17:55:11:08 capture=on(0.02s) onAir=off
[timecode] 17:55:12:08 capture=on(0.03s) onAir=off
[timecode] 17:55:13:08 capture=on(0.00s) onAir=off
[timecode] 17:55:14:08 capture=on(0.01s) onAir=off
[timecode] 17:55:15:08 capture=on(0.01s) onAir=off
[timecode] 17:55:16:08 capture=on(0.01s) onAir=off
[timecode] 17:55:17:08 capture=on(0.01s) onAir=off
[timecode] 17:55:18:08 capture=on(0.02s) onAir=off
[timecode] 17:55:19:08 capture=on(0.02s) onAir=off
[timecode] 17:55:20:09 capture=on(0.03s) onAir=off
[timecode] 17:55:21:09 capture=on(0.04s) onAir=off
[timecode] 17:55:22:09 capture=on(0.01s) onAir=off
[timecode] 17:55:23:09 capture=on(0.01s) onAir=off
[timecode] 17:55:24:09 capture=on(0.01s) onAir=off
[timecode] 17:55:25:09 capture=on(0.02s) onAir=off
[timecode] 17:55:26:09 capture=on(0.02s) onAir=off
[timecode] 17:55:27:10 capture=on(0.03s) onAir=off
[timecode] 17:55:28:10 capture=on(0.00s) onAir=off
[timecode] 17:55:29:10 capture=on(0.00s) onAir=off
[timecode] 17:55:30:10 capture=on(0.00s) onAir=off
[timecode] 17:55:31:10 capture=on(0.01s) onAir=off
[timecode] 17:55:32:10 capture=on(0.01s) onAir=off
[timecode] 17:55:33:10 capture=on(0.02s) onAir=off
[timecode] 17:55:34:11 capture=on(0.02s) onAir=off
[timecode] 17:55:35:11 capture=on(0.03s) onAir=off
[timecode] 17:55:36:11 capture=on(0.04s) onAir=off
[timecode] 17:55:37:11 capture=on(0.00s) onAir=off
[timecode] 17:55:38:11 capture=on(0.01s) onAir=off
[timecode] 17:55:39:11 capture=on(0.01s) onAir=off
[timecode] 17:55:40:11 capture=on(0.01s) onAir=off
[timecode] 17:55:41:11 capture=on(0.01s) onAir=off
[timecode] 17:55:42:11 capture=on(0.02s) onAir=off
[timecode] 17:55:43:11 capture=on(0.02s) onAir=off
[timecode] 17:55:44:12 capture=on(0.03s) onAir=off
[timecode] 17:55:45:12 capture=on(0.03s) onAir=off
[timecode] 17:55:46:12 capture=on(0.04s) onAir=off
[timecode] 17:55:47:12 capture=on(0.00s) onAir=off
[timecode] 17:55:48:12 capture=on(0.01s) onAir=off
[timecode] 17:55:49:12 capture=on(0.00s) onAir=off
[timecode] 17:55:50:12 capture=on(0.01s) onAir=off
[timecode] 17:55:51:12 capture=on(0.01s) onAir=off
[timecode] 17:55:52:12 capture=on(0.01s) onAir=off
[timecode] 17:55:53:12 capture=on(0.02s) onAir=off
[timecode] 17:55:54:13 capture=on(0.03s) onAir=off
[timecode] 17:55:55:13 capture=on(0.03s) onAir=off
[timecode] 17:55:56:13 capture=on(0.00s) onAir=off
[timecode] 17:55:57:13 capture=on(0.01s) onAir=off
[timecode] 17:55:58:13 capture=on(0.01s) onAir=off
[timecode] 17:55:59:13 capture=on(0.02s) onAir=off
[timecode] 17:56:00:14 capture=on(0.02s) onAir=off
[timecode] 17:56:01:14 capture=on(0.03s) onAir=off
[timecode] 17:56:02:14 capture=on(0.00s) onAir=off
[timecode] 17:56:03:14 capture=on(0.01s) onAir=off
[timecode] 17:56:04:14 capture=on(0.00s) onAir=off
[timecode] 17:56:05:14 capture=on(0.02s) onAir=off
[timecode] 17:56:06:15 capture=on(0.02s) onAir=off
[timecode] 17:56:07:15 capture=on(0.00s) onAir=off
[timecode] 17:56:08:15 capture=on(0.00s) onAir=off
[timecode] 17:56:09:15 capture=on(0.00s) onAir=off
[timecode] 17:56:10:15 capture=on(0.01s) onAir=off
[timecode] 17:56:11:15 capture=on(0.01s) onAir=off
[timecode] 17:56:12:15 capture=on(0.01s) onAir=off
[timecode] 17:56:13:15 capture=on(0.01s) onAir=off
[timecode] 17:56:14:15 capture=on(0.01s) onAir=off
[timecode] 17:56:15:15 capture=on(0.01s) onAir=off
[timecode] 17:56:16:16 capture=on(0.02s) onAir=off
[timecode] 17:56:17:16 capture=on(0.02s) onAir=off
[timecode] 17:56:18:16 capture=on(0.03s) onAir=off
[timecode] 17:56:19:16 capture=on(0.00s) onAir=off
[timecode] 17:56:20:16 capture=on(0.01s) onAir=off
[timecode] 17:56:21:16 capture=on(0.01s) onAir=off
[timecode] 17:56:22:16 capture=on(0.00s) onAir=off
[timecode] 17:56:23:16 capture=on(0.01s) onAir=off
[timecode] 17:56:24:16 capture=on(0.01s) onAir=off
[timecode] 17:56:25:17 capture=on(0.02s) onAir=off
[timecode] 17:56:26:17 capture=on(0.03s) onAir=off
[timecode] 17:56:27:17 capture=on(0.03s) onAir=off
[timecode] 17:56:28:17 capture=on(0.00s) onAir=off
[timecode] 17:56:29:17 capture=on(0.00s) onAir=off
[timecode] 17:56:30:17 capture=on(0.01s) onAir=off
[timecode] 17:56:31:17 capture=on(0.00s) onAir=off
[timecode] 17:56:32:17 capture=on(0.01s) onAir=off
[timecode] 17:56:33:17 capture=on(0.01s) onAir=off
[timecode] 17:56:34:17 capture=on(0.01s) onAir=off
[timecode] 17:56:35:18 capture=on(0.02s) onAir=off
[timecode] 17:56:36:18 capture=on(0.02s) onAir=off
[timecode] 17:56:37:18 capture=on(0.03s) onAir=off
[timecode] 17:56:38:18 capture=on(0.04s) onAir=off
[timecode] 17:56:39:18 capture=on(0.04s) onAir=off
[timecode] 17:56:40:18 capture=on(0.00s) onAir=off
[timecode] 17:56:41:18 capture=on(0.00s) onAir=off
[timecode] 17:56:42:18 capture=on(0.01s) onAir=off
[timecode] 17:56:43:18 capture=on(0.01s) onAir=off
[timecode] 17:56:44:18 capture=on(0.01s) onAir=off
[timecode] 17:56:45:18 capture=on(0.01s) onAir=off
[timecode] 17:56:46:19 capture=on(0.02s) onAir=off
[timecode] 17:56:47:19 capture=on(0.03s) onAir=off
[timecode] 17:56:48:19 capture=on(0.04s) onAir=off
[timecode] 17:56:49:19 capture=on(0.00s) onAir=off
[timecode] 17:56:50:19 capture=on(0.01s) onAir=off
[timecode] 17:56:51:19 capture=on(0.01s) onAir=off
[timecode] 17:56:52:19 capture=on(0.01s) onAir=off
[timecode] 17:56:53:19 capture=on(0.01s) onAir=off
[timecode] 17:56:54:20 capture=on(0.02s) onAir=off
[timecode] 17:56:55:20 capture=on(0.03s) onAir=off
[timecode] 17:56:56:20 capture=on(0.03s) onAir=off
[timecode] 17:56:57:20 capture=on(0.00s) onAir=off
[timecode] 17:56:58:20 capture=on(0.01s) onAir=off
[timecode] 17:56:59:20 capture=on(0.01s) onAir=off
[timecode] 17:57:00:21 capture=on(0.02s) onAir=off
[timecode] 17:57:01:21 capture=on(0.02s) onAir=off
[timecode] 17:57:02:21 capture=on(0.03s) onAir=off
[timecode] 17:57:03:21 capture=on(0.03s) onAir=off
[timecode] 17:57:04:21 capture=on(0.03s) onAir=off
[timecode] 17:57:05:21 capture=on(0.03s) onAir=off
[timecode] 17:57:06:21 capture=on(0.04s) onAir=off
[timecode] 17:57:07:21 capture=on(0.00s) onAir=off
[timecode] 17:57:08:21 capture=on(0.01s) onAir=off
[timecode] 17:57:09:21 capture=on(0.01s) onAir=off
[timecode] 17:57:10:21 capture=on(0.01s) onAir=off
[timecode] 17:57:11:21 capture=on(0.01s) onAir=off
[timecode] 17:57:12:21 capture=on(0.01s) onAir=off
[timecode] 17:57:13:21 capture=on(0.01s) onAir=off
[timecode] 17:57:14:21 capture=on(0.01s) onAir=off
[timecode] 17:57:15:21 capture=on(0.01s) onAir=off
[timecode] 17:57:16:22 capture=on(0.02s) onAir=off
[timecode] 17:57:17:22 capture=on(0.03s) onAir=off
[timecode] 17:57:18:22 capture=on(0.03s) onAir=off
[timecode] 17:57:19:22 capture=on(0.03s) onAir=off
[timecode] 17:57:20:22 capture=on(0.00s) onAir=off
[timecode] 17:57:21:23 capture=on(0.02s) onAir=off
[timecode] 17:57:22:23 capture=on(0.03s) onAir=off
[timecode] 17:57:23:23 capture=on(0.03s) onAir=off
[timecode] 17:57:24:23 capture=on(0.03s) onAir=off
[timecode] 17:57:25:23 capture=on(0.03s) onAir=off
[timecode] 17:57:26:23 capture=on(0.00s) onAir=off
[timecode] 17:57:27:23 capture=on(0.00s) onAir=off
[timecode] 17:57:28:23 capture=on(0.01s) onAir=off
[timecode] 17:57:29:23 capture=on(0.01s) onAir=off
[timecode] 17:57:30:24 capture=on(0.03s) onAir=off
[timecode] 17:57:31:24 capture=on(0.00s) onAir=off
[timecode] 17:57:32:24 capture=on(0.00s) onAir=off
[timecode] 17:57:33:24 capture=on(0.00s) onAir=off
[timecode] 17:57:34:24 capture=on(0.00s) onAir=off
[timecode] 17:57:35:24 capture=on(0.00s) onAir=off
[timecode] 17:57:36:24 capture=on(0.00s) onAir=off
[timecode] 17:57:37:24 capture=on(0.01s) onAir=off
[timecode] 17:57:39:00 capture=on(0.02s) onAir=off
[timecode] 17:57:40:00 capture=on(0.04s) onAir=off
[timecode] 17:57:41:00 capture=on(0.00s) onAir=off
[timecode] 17:57:42:00 capture=on(0.00s) onAir=off
[timecode] 17:57:43:00 capture=on(0.01s) onAir=off
[timecode] 17:57:44:00 capture=on(0.01s) onAir=off
[timecode] 17:57:45:01 capture=on(0.02s) onAir=off
[timecode] 17:57:46:01 capture=on(0.03s) onAir=off
[timecode] 17:57:47:01 capture=on(0.00s) onAir=off
[timecode] 17:57:48:01 capture=on(0.00s) onAir=off
[timecode] 17:57:49:01 capture=on(0.01s) onAir=off
[timecode] 17:57:50:01 capture=on(0.01s) onAir=off
[timecode] 17:57:51:02 capture=on(0.02s) onAir=off
[timecode] 17:57:52:02 capture=on(0.03s) onAir=off
[timecode] 17:57:53:02 capture=on(0.00s) onAir=off
[timecode] 17:57:54:02 capture=on(0.00s) onAir=off
[timecode] 17:57:55:02 capture=on(0.00s) onAir=off
[timecode] 17:57:56:02 capture=on(0.01s) onAir=off
[timecode] 17:57:57:03 capture=on(0.01s) onAir=off
[timecode] 17:57:58:03 capture=on(0.03s) onAir=off
[timecode] 17:57:59:03 capture=on(0.03s) onAir=off
[timecode] 17:58:00:03 capture=on(0.03s) onAir=off
[timecode] 17:58:01:03 capture=on(0.00s) onAir=off
[timecode] 17:58:02:03 capture=on(0.00s) onAir=off
[timecode] 17:58:03:03 capture=on(0.00s) onAir=off
[timecode] 17:58:04:03 capture=on(0.00s) onAir=off
[timecode] 17:58:05:03 capture=on(0.00s) onAir=off
[timecode] 17:58:06:03 capture=on(0.00s) onAir=off
[timecode] 17:58:07:03 capture=on(0.00s) onAir=off
[timecode] 17:58:08:03 capture=on(0.00s) onAir=off
[timecode] 17:58:09:03 capture=on(0.00s) onAir=off
[timecode] 17:58:10:04 capture=on(0.02s) onAir=off
[timecode] 17:58:11:04 capture=on(0.03s) onAir=off
[timecode] 17:58:12:04 capture=on(0.03s) onAir=off
[timecode] 17:58:13:04 capture=on(0.03s) onAir=off
[timecode] 17:58:14:04 capture=on(0.00s) onAir=off
[timecode] 17:58:15:04 capture=on(0.00s) onAir=off
[timecode] 17:58:16:04 capture=on(0.00s) onAir=off
[timecode] 17:58:17:04 capture=on(0.00s) onAir=off
[timecode] 17:58:18:04 capture=on(0.00s) onAir=off
[timecode] 17:58:19:05 capture=on(0.01s) onAir=off
[timecode] 17:58:20:05 capture=on(0.01s) onAir=off
[timecode] 17:58:21:05 capture=on(0.01s) onAir=off
[timecode] 17:58:22:05 capture=on(0.02s) onAir=off
[timecode] 17:58:23:05 capture=on(0.02s) onAir=off
[timecode] 17:58:24:05 capture=on(0.03s) onAir=off
[timecode] 17:58:25:05 capture=on(0.00s) onAir=off
[timecode] 17:58:26:06 capture=on(0.01s) onAir=off
[timecode] 17:58:27:06 capture=on(0.03s) onAir=off
[timecode] 17:58:28:06 capture=on(0.00s) onAir=off
[timecode] 17:58:29:06 capture=on(0.00s) onAir=off
[timecode] 17:58:30:06 capture=on(0.00s) onAir=off
[timecode] 17:58:31:07 capture=on(0.01s) onAir=off
[timecode] 17:58:32:07 capture=on(0.01s) onAir=off
[timecode] 17:58:33:07 capture=on(0.02s) onAir=off
[timecode] 17:58:34:07 capture=on(0.02s) onAir=off
[timecode] 17:58:35:07 capture=on(0.04s) onAir=off
[timecode] 17:58:36:07 capture=on(0.00s) onAir=off
[timecode] 17:58:37:07 capture=on(0.01s) onAir=off
[timecode] 17:58:38:08 capture=on(0.02s) onAir=off
[timecode] 17:58:39:08 capture=on(0.03s) onAir=off
[timecode] 17:58:40:08 capture=on(0.00s) onAir=off
[timecode] 17:58:41:08 capture=on(0.00s) onAir=off
[timecode] 17:58:42:08 capture=on(0.00s) onAir=off
[timecode] 17:58:43:08 capture=on(0.00s) onAir=off
[timecode] 17:58:44:08 capture=on(0.00s) onAir=off
[timecode] 17:58:45:08 capture=on(0.00s) onAir=off
[timecode] 17:58:46:08 capture=on(0.00s) onAir=off
[timecode] 17:58:47:08 capture=on(0.00s) onAir=off
[timecode] 17:58:48:08 capture=on(0.00s) onAir=off
[timecode] 17:58:49:08 capture=on(0.00s) onAir=off
[timecode] 17:58:50:08 capture=on(0.01s) onAir=off
[timecode] 17:58:51:09 capture=on(0.02s) onAir=off
[timecode] 17:58:52:09 capture=on(0.02s) onAir=off
[timecode] 17:58:53:09 capture=on(0.03s) onAir=off
[timecode] 17:58:54:09 capture=on(0.03s) onAir=off
[timecode] 17:58:55:09 capture=on(0.00s) onAir=off
[timecode] 17:58:56:09 capture=on(0.00s) onAir=off
[timecode] 17:58:57:09 capture=on(0.00s) onAir=off
[timecode] 17:58:58:09 capture=on(0.00s) onAir=off
[timecode] 17:58:59:09 capture=on(0.00s) onAir=off
[timecode] 17:59:00:09 capture=on(0.01s) onAir=off
[timecode] 17:59:01:10 capture=on(0.01s) onAir=off
[timecode] 17:59:02:10 capture=on(0.02s) onAir=off
[timecode] 17:59:03:10 capture=on(0.02s) onAir=off
[timecode] 17:59:04:10 capture=on(0.02s) onAir=off
[timecode] 17:59:05:10 capture=on(0.00s) onAir=off
[timecode] 17:59:06:10 capture=on(0.00s) onAir=off
[timecode] 17:59:07:10 capture=on(0.00s) onAir=off
[timecode] 17:59:08:10 capture=on(0.00s) onAir=off
[timecode] 17:59:09:10 capture=on(0.00s) onAir=off
[timecode] 17:59:10:10 capture=on(0.00s) onAir=off
[timecode] 17:59:11:11 capture=on(0.01s) onAir=off
[timecode] 17:59:12:11 capture=on(0.03s) onAir=off
[timecode] 17:59:13:11 capture=on(0.03s) onAir=off
[timecode] 17:59:14:11 capture=on(0.00s) onAir=off
[timecode] 17:59:15:11 capture=on(0.00s) onAir=off
[timecode] 17:59:16:11 capture=on(0.00s) onAir=off
[timecode] 17:59:17:11 capture=on(0.01s) onAir=off
[timecode] 17:59:18:12 capture=on(0.01s) onAir=off
[timecode] 17:59:19:12 capture=on(0.01s) onAir=off
[timecode] 17:59:20:12 capture=on(0.01s) onAir=off
[timecode] 17:59:21:12 capture=on(0.01s) onAir=off
[timecode] 17:59:22:12 capture=on(0.01s) onAir=off
[timecode] 17:59:23:12 capture=on(0.02s) onAir=off
[timecode] 17:59:24:12 capture=on(0.02s) onAir=off
[timecode] 17:59:25:12 capture=on(0.02s) onAir=off
[timecode] 17:59:26:12 capture=on(0.03s) onAir=off
[timecode] 17:59:27:12 capture=on(0.04s) onAir=off
[timecode] 17:59:28:13 capture=on(0.01s) onAir=off
[timecode] 17:59:29:13 capture=on(0.01s) onAir=off
[timecode] 17:59:30:13 capture=on(0.01s) onAir=off
[timecode] 17:59:31:13 capture=on(0.01s) onAir=off
[timecode] 17:59:32:13 capture=on(0.01s) onAir=off
[timecode] 17:59:33:13 capture=on(0.03s) onAir=off
[timecode] 17:59:34:13 capture=on(0.04s) onAir=off
[timecode] 17:59:35:13 capture=on(0.00s) onAir=off
[timecode] 17:59:36:14 capture=on(0.01s) onAir=off
[timecode] 17:59:37:14 capture=on(0.01s) onAir=off
[timecode] 17:59:38:14 capture=on(0.01s) onAir=off
[timecode] 17:59:39:14 capture=on(0.03s) onAir=off
[timecode] 17:59:40:14 capture=on(0.04s) onAir=off
[timecode] 17:59:41:15 capture=on(0.01s) onAir=off
[timecode] 17:59:42:15 capture=on(0.01s) onAir=off
[timecode] 17:59:43:15 capture=on(0.01s) onAir=off
[timecode] 17:59:44:15 capture=on(0.01s) onAir=off
[timecode] 17:59:45:15 capture=on(0.01s) onAir=off
[timecode] 17:59:46:15 capture=on(0.01s) onAir=off
[timecode] 17:59:47:15 capture=on(0.01s) onAir=off
[timecode] 17:59:48:15 capture=on(0.01s) onAir=off
[timecode] 17:59:49:15 capture=on(0.01s) onAir=off
[timecode] 17:59:50:15 capture=on(0.01s) onAir=off
[timecode] 17:59:51:15 capture=on(0.01s) onAir=off
[timecode] 17:59:52:15 capture=on(0.02s) onAir=off
[timecode] 17:59:53:15 capture=on(0.03s) onAir=off
[timecode] 17:59:54:15 capture=on(0.03s) onAir=off
[timecode] 17:59:55:15 capture=on(0.04s) onAir=off
[timecode] 17:59:56:16 capture=on(0.01s) onAir=off
[timecode] 17:59:57:16 capture=on(0.01s) onAir=off
[timecode] 17:59:58:16 capture=on(0.01s) onAir=off
[timecode] 17:59:59:16 capture=on(0.01s) onAir=off
[timecode] 18:00:00:16 capture=on(0.02s) onAir=off
[timecode] 18:00:01:16 capture=on(0.03s) onAir=off
[timecode] 18:00:02:16 capture=on(0.03s) onAir=off
[timecode] 18:00:03:16 capture=on(0.04s) onAir=off
[timecode] 18:00:04:16 capture=on(0.04s) onAir=off
[timecode] 18:00:05:17 capture=on(0.01s) onAir=off
[timecode] 18:00:06:17 capture=on(0.01s) onAir=off
[timecode] 18:00:07:17 capture=on(0.01s) onAir=off
[timecode] 18:00:08:17 capture=on(0.01s) onAir=off
[timecode] 18:00:09:17 capture=on(0.02s) onAir=off
[timecode] 18:00:10:17 capture=on(0.03s) onAir=off
[timecode] 18:00:11:17 capture=on(0.03s) onAir=off
[timecode] 18:00:12:17 capture=on(0.04s) onAir=off
[timecode] 18:00:13:17 capture=on(0.03s) onAir=off
[timecode] 18:00:14:18 capture=on(0.00s) onAir=off
[timecode] 18:00:15:18 capture=on(0.01s) onAir=off
[timecode] 18:00:16:18 capture=on(0.01s) onAir=off
[timecode] 18:00:17:18 capture=on(0.01s) onAir=off
[timecode] 18:00:18:18 capture=on(0.01s) onAir=off
[timecode] 18:00:19:18 capture=on(0.01s) onAir=off
[timecode] 18:00:20:18 capture=on(0.02s) onAir=off
[timecode] 18:00:21:18 capture=on(0.03s) onAir=off
[timecode] 18:00:22:18 capture=on(0.04s) onAir=off
[timecode] 18:00:23:19 capture=on(0.01s) onAir=off
[timecode] 18:00:24:19 capture=on(0.01s) onAir=off
[timecode] 18:00:25:19 capture=on(0.02s) onAir=off
[timecode] 18:00:26:19 capture=on(0.04s) onAir=off
[timecode] 18:00:27:20 capture=on(0.00s) onAir=off
[timecode] 18:00:28:20 capture=on(0.01s) onAir=off
[timecode] 18:00:29:20 capture=on(0.01s) onAir=off
[timecode] 18:00:30:20 capture=on(0.02s) onAir=off
[timecode] 18:00:31:20 capture=on(0.03s) onAir=off
[timecode] 18:00:32:20 capture=on(0.03s) onAir=off
[timecode] 18:00:33:20 capture=on(0.03s) onAir=off
[timecode] 18:00:34:21 capture=on(0.01s) onAir=off
[timecode] 18:00:35:21 capture=on(0.01s) onAir=off
[timecode] 18:00:36:21 capture=on(0.01s) onAir=off
[timecode] 18:00:37:21 capture=on(0.01s) onAir=off
[timecode] 18:00:38:21 capture=on(0.01s) onAir=off
[timecode] 18:00:39:21 capture=on(0.01s) onAir=off
[timecode] 18:00:40:21 capture=on(0.01s) onAir=off
[timecode] 18:00:41:21 capture=on(0.02s) onAir=off
[timecode] 18:00:42:21 capture=on(0.02s) onAir=off
[timecode] 18:00:43:21 capture=on(0.02s) onAir=off
[timecode] 18:00:44:21 capture=on(0.02s) onAir=off
[timecode] 18:00:45:21 capture=on(0.04s) onAir=off
[timecode] 18:00:46:22 capture=on(0.01s) onAir=off
[timecode] 18:00:47:22 capture=on(0.01s) onAir=off
[timecode] 18:00:48:22 capture=on(0.01s) onAir=off
[timecode] 18:00:49:22 capture=on(0.01s) onAir=off
[timecode] 18:00:50:22 capture=on(0.01s) onAir=off
[timecode] 18:00:51:22 capture=on(0.01s) onAir=off
[timecode] 18:00:52:22 capture=on(0.03s) onAir=off
[timecode] 18:00:53:23 capture=on(0.00s) onAir=off
[timecode] 18:00:54:23 capture=on(0.01s) onAir=off
[timecode] 18:00:55:23 capture=on(0.01s) onAir=off
[timecode] 18:00:56:23 capture=on(0.01s) onAir=off
[timecode] 18:00:57:23 capture=on(0.01s) onAir=off
[timecode] 18:00:58:23 capture=on(0.02s) onAir=off
[timecode] 18:00:59:23 capture=on(0.03s) onAir=off
[timecode] 18:01:00:23 capture=on(0.03s) onAir=off
[timecode] 18:01:01:24 capture=on(0.00s) onAir=off
[timecode] 18:01:02:24 capture=on(0.01s) onAir=off
[timecode] 18:01:03:24 capture=on(0.01s) onAir=off
[timecode] 18:01:04:24 capture=on(0.01s) onAir=off
[timecode] 18:01:05:24 capture=on(0.02s) onAir=off
[timecode] 18:01:06:24 capture=on(0.03s) onAir=off
[timecode] 18:01:08:00 capture=on(0.00s) onAir=off
[timecode] 18:01:09:00 capture=on(0.01s) onAir=off
[timecode] 18:01:10:00 capture=on(0.01s) onAir=off
[timecode] 18:01:11:00 capture=on(0.01s) onAir=off
[timecode] 18:01:12:00 capture=on(0.01s) onAir=off
[timecode] 18:01:13:00 capture=on(0.02s) onAir=off
[timecode] 18:01:14:00 capture=on(0.03s) onAir=off
[timecode] 18:01:15:00 capture=on(0.03s) onAir=off
[timecode] 18:01:16:00 capture=on(0.03s) onAir=off
[timecode] 18:01:17:01 capture=on(0.00s) onAir=off
[timecode] 18:01:18:01 capture=on(0.01s) onAir=off
[timecode] 18:01:19:01 capture=on(0.01s) onAir=off
[timecode] 18:01:20:01 capture=on(0.03s) onAir=off
[timecode] 18:01:21:01 capture=on(0.02s) onAir=off
[timecode] 18:01:22:01 capture=on(0.03s) onAir=off
[timecode] 18:01:23:02 capture=on(0.00s) onAir=off
[timecode] 18:01:24:02 capture=on(0.01s) onAir=off
[timecode] 18:01:25:02 capture=on(0.01s) onAir=off
[timecode] 18:01:26:02 capture=on(0.01s) onAir=off
[timecode] 18:01:27:02 capture=on(0.01s) onAir=off
[timecode] 18:01:28:02 capture=on(0.01s) onAir=off
[timecode] 18:01:29:02 capture=on(0.03s) onAir=off
[timecode] 18:01:30:02 capture=on(0.03s) onAir=off
[timecode] 18:01:31:02 capture=on(0.04s) onAir=off
[timecode] 18:01:32:03 capture=on(0.00s) onAir=off
[timecode] 18:01:33:03 capture=on(0.00s) onAir=off
[timecode] 18:01:34:03 capture=on(0.01s) onAir=off
[timecode] 18:01:35:03 capture=on(0.01s) onAir=off
[timecode] 18:01:36:03 capture=on(0.01s) onAir=off
[timecode] 18:01:37:03 capture=on(0.01s) onAir=off
[timecode] 18:01:38:03 capture=on(0.01s) onAir=off
[timecode] 18:01:39:03 capture=on(0.02s) onAir=off
[timecode] 18:01:40:03 capture=on(0.02s) onAir=off
[timecode] 18:01:41:03 capture=on(0.03s) onAir=off
[timecode] 18:01:42:04 capture=on(0.00s) onAir=off
[timecode] 18:01:43:04 capture=on(0.01s) onAir=off
[timecode] 18:01:44:04 capture=on(0.01s) onAir=off
[timecode] 18:01:45:04 capture=on(0.01s) onAir=off
[timecode] 18:01:46:04 capture=on(0.01s) onAir=off
[timecode] 18:01:47:04 capture=on(0.01s) onAir=off
[timecode] 18:01:48:04 capture=on(0.01s) onAir=off
[timecode] 18:01:49:04 capture=on(0.01s) onAir=off
[timecode] 18:01:50:04 capture=on(0.02s) onAir=off
[timecode] 18:01:51:04 capture=on(0.02s) onAir=off
[timecode] 18:01:52:04 capture=on(0.02s) onAir=off
[timecode] 18:01:53:04 capture=on(0.03s) onAir=off
[timecode] 18:01:54:04 capture=on(0.03s) onAir=off
[timecode] 18:01:55:04 capture=on(0.04s) onAir=off
[timecode] 18:01:56:05 capture=on(0.04s) onAir=off
[timecode] 18:01:57:05 capture=on(0.04s) onAir=off
[timecode] 18:01:58:05 capture=on(0.01s) onAir=off
[timecode] 18:01:59:05 capture=on(0.02s) onAir=off
[timecode] 18:02:00:05 capture=on(0.02s) onAir=off
[timecode] 18:02:01:05 capture=on(0.02s) onAir=off
[timecode] 18:02:02:05 capture=on(0.03s) onAir=off
[timecode] 18:02:03:05 capture=on(0.03s) onAir=off
[timecode] 18:02:04:05 capture=on(0.03s) onAir=off
[timecode] 18:02:05:05 capture=on(0.03s) onAir=off
[timecode] 18:02:06:06 capture=on(0.00s) onAir=off
[timecode] 18:02:07:06 capture=on(0.01s) onAir=off
[timecode] 18:02:08:06 capture=on(0.01s) onAir=off
[timecode] 18:02:09:06 capture=on(0.01s) onAir=off
[timecode] 18:02:10:06 capture=on(0.03s) onAir=off
[timecode] 18:02:11:06 capture=on(0.03s) onAir=off
[timecode] 18:02:12:06 capture=on(0.03s) onAir=off
[timecode] 18:02:13:07 capture=on(0.00s) onAir=off
[timecode] 18:02:14:07 capture=on(0.00s) onAir=off
[timecode] 18:02:15:07 capture=on(0.01s) onAir=off
[timecode] 18:02:16:07 capture=on(0.01s) onAir=off
[timecode] 18:02:17:07 capture=on(0.01s) onAir=off
[timecode] 18:02:18:07 capture=on(0.01s) onAir=off
[timecode] 18:02:19:07 capture=on(0.01s) onAir=off
[timecode] 18:02:20:07 capture=on(0.01s) onAir=off
[timecode] 18:02:21:07 capture=on(0.01s) onAir=off
[timecode] 18:02:22:07 capture=on(0.01s) onAir=off
[timecode] 18:02:23:07 capture=on(0.02s) onAir=off
[timecode] 18:02:24:07 capture=on(0.03s) onAir=off
[timecode] 18:02:25:08 capture=on(0.04s) onAir=off
[timecode] 18:02:26:08 capture=on(0.01s) onAir=off
[timecode] 18:02:27:08 capture=on(0.01s) onAir=off
[timecode] 18:02:28:08 capture=on(0.01s) onAir=off
[timecode] 18:02:29:08 capture=on(0.01s) onAir=off
[timecode] 18:02:30:08 capture=on(0.01s) onAir=off
[timecode] 18:02:31:08 capture=on(0.01s) onAir=off
[timecode] 18:02:32:08 capture=on(0.02s) onAir=off
[timecode] 18:02:33:08 capture=on(0.03s) onAir=off
[timecode] 18:02:34:08 capture=on(0.03s) onAir=off
[timecode] 18:02:35:09 capture=on(0.00s) onAir=off
[timecode] 18:02:36:09 capture=on(0.01s) onAir=off
[timecode] 18:02:37:09 capture=on(0.01s) onAir=off
[timecode] 18:02:38:09 capture=on(0.01s) onAir=off
[timecode] 18:02:39:09 capture=on(0.01s) onAir=off
[timecode] 18:02:40:09 capture=on(0.02s) onAir=off
[timecode] 18:02:41:09 capture=on(0.03s) onAir=off
[timecode] 18:02:42:10 capture=on(0.00s) onAir=off
[timecode] 18:02:43:10 capture=on(0.01s) onAir=off
[timecode] 18:02:44:10 capture=on(0.02s) onAir=off
[timecode] 18:02:45:11 capture=on(0.04s) onAir=off
[timecode] 18:02:46:11 capture=on(0.01s) onAir=off
[timecode] 18:02:47:11 capture=on(0.01s) onAir=off
[timecode] 18:02:48:11 capture=on(0.01s) onAir=off
[timecode] 18:02:49:11 capture=on(0.02s) onAir=off
[timecode] 18:02:50:11 capture=on(0.03s) onAir=off
[timecode] 18:02:51:11 capture=on(0.03s) onAir=off
[timecode] 18:02:52:12 capture=on(0.00s) onAir=off
[timecode] 18:02:53:12 capture=on(0.01s) onAir=off
[timecode] 18:02:54:12 capture=on(0.01s) onAir=off
[timecode] 18:02:55:12 capture=on(0.01s) onAir=off
[timecode] 18:02:56:12 capture=on(0.02s) onAir=off
[timecode] 18:02:57:13 capture=on(0.03s) onAir=off
[timecode] 18:02:58:13 capture=on(0.04s) onAir=off
[timecode] 18:02:59:13 capture=on(0.04s) onAir=off
[timecode] 18:03:00:13 capture=on(0.00s) onAir=off
[timecode] 18:03:01:13 capture=on(0.01s) onAir=off
[timecode] 18:03:02:13 capture=on(0.01s) onAir=off
[timecode] 18:03:03:13 capture=on(0.01s) onAir=off
[timecode] 18:03:04:13 capture=on(0.01s) onAir=off
[timecode] 18:03:05:13 capture=on(0.02s) onAir=off
[timecode] 18:03:06:13 capture=on(0.02s) onAir=off
[timecode] 18:03:07:13 capture=on(0.03s) onAir=off
[timecode] 18:03:08:14 capture=on(0.04s) onAir=off
[timecode] 18:03:09:14 capture=on(0.00s) onAir=off
[timecode] 18:03:10:14 capture=on(0.01s) onAir=off
[timecode] 18:03:11:14 capture=on(0.01s) onAir=off
[timecode] 18:03:12:14 capture=on(0.01s) onAir=off
[timecode] 18:03:13:14 capture=on(0.01s) onAir=off
[timecode] 18:03:14:14 capture=on(0.02s) onAir=off
[timecode] 18:03:15:14 capture=on(0.02s) onAir=off
[timecode] 18:03:16:14 capture=on(0.03s) onAir=off
[timecode] 18:03:17:15 capture=on(0.00s) onAir=off
[timecode] 18:03:18:15 capture=on(0.01s) onAir=off
[timecode] 18:03:19:15 capture=on(0.01s) onAir=off
[timecode] 18:03:20:15 capture=on(0.01s) onAir=off
[timecode] 18:03:21:15 capture=on(0.01s) onAir=off
[timecode] 18:03:22:15 capture=on(0.01s) onAir=off
[timecode] 18:03:23:15 capture=on(0.01s) onAir=off
[timecode] 18:03:24:15 capture=on(0.01s) onAir=off
[timecode] 18:03:25:15 capture=on(0.02s) onAir=off
[timecode] 18:03:26:16 capture=on(0.03s) onAir=off
[timecode] 18:03:27:16 capture=on(0.00s) onAir=off
[timecode] 18:03:28:16 capture=on(0.00s) onAir=off
[timecode] 18:03:29:16 capture=on(0.00s) onAir=off
[timecode] 18:03:30:16 capture=on(0.00s) onAir=off
[timecode] 18:03:31:16 capture=on(0.01s) onAir=off
[timecode] 18:03:32:16 capture=on(0.00s) onAir=off
[timecode] 18:03:33:16 capture=on(0.01s) onAir=off
[timecode] 18:03:34:16 capture=on(0.01s) onAir=off
[timecode] 18:03:35:16 capture=on(0.01s) onAir=off
[timecode] 18:03:36:16 capture=on(0.01s) onAir=off
[timecode] 18:03:37:16 capture=on(0.02s) onAir=off
[timecode] 18:03:38:17 capture=on(0.03s) onAir=off
[timecode] 18:03:39:17 capture=on(0.03s) onAir=off
[timecode] 18:03:40:17 capture=on(0.04s) onAir=off
[timecode] 18:03:41:17 capture=on(0.00s) onAir=off
[timecode] 18:03:42:17 capture=on(0.00s) onAir=off
[timecode] 18:03:43:17 capture=on(0.00s) onAir=off
[timecode] 18:03:44:17 capture=on(0.00s) onAir=off
[timecode] 18:03:45:17 capture=on(0.00s) onAir=off
[timecode] 18:03:46:17 capture=on(0.00s) onAir=off
[timecode] 18:03:47:17 capture=on(0.00s) onAir=off
[timecode] 18:03:48:17 capture=on(0.00s) onAir=off
[timecode] 18:03:49:17 capture=on(0.00s) onAir=off
[timecode] 18:03:50:17 capture=on(0.01s) onAir=off
[timecode] 18:03:51:17 capture=on(0.01s) onAir=off
[timecode] 18:03:52:17 capture=on(0.01s) onAir=off
[timecode] 18:03:53:17 capture=on(0.02s) onAir=off
[timecode] 18:03:54:17 capture=on(0.03s) onAir=off
[timecode] 18:03:55:18 capture=on(0.03s) onAir=off
[timecode] 18:03:56:18 capture=on(0.00s) onAir=off
[timecode] 18:03:57:18 capture=on(0.01s) onAir=off
[timecode] 18:03:58:18 capture=on(0.01s) onAir=off
[timecode] 18:03:59:18 capture=on(0.02s) onAir=off
[timecode] 18:04:00:19 capture=on(0.03s) onAir=off
[timecode] 18:04:01:19 capture=on(0.03s) onAir=off
[timecode] 18:04:02:19 capture=on(0.00s) onAir=off
[timecode] 18:04:03:19 capture=on(0.00s) onAir=off
[timecode] 18:04:04:19 capture=on(0.00s) onAir=off
[timecode] 18:04:05:19 capture=on(0.00s) onAir=off
[timecode] 18:04:06:19 capture=on(0.00s) onAir=off
[timecode] 18:04:07:19 capture=on(0.00s) onAir=off
[timecode] 18:04:08:19 capture=on(0.00s) onAir=off
[timecode] 18:04:09:19 capture=on(0.00s) onAir=off
[timecode] 18:04:10:19 capture=on(0.00s) onAir=off
[timecode] 18:04:11:19 capture=on(0.02s) onAir=off
[timecode] 18:04:12:19 capture=on(0.03s) onAir=off
[timecode] 18:04:13:20 capture=on(0.03s) onAir=off
[timecode] 18:04:14:20 capture=on(0.00s) onAir=off
[timecode] 18:04:15:20 capture=on(0.00s) onAir=off
[timecode] 18:04:16:20 capture=on(0.00s) onAir=off
[timecode] 18:04:17:20 capture=on(0.00s) onAir=off
[timecode] 18:04:18:20 capture=on(0.00s) onAir=off
[timecode] 18:04:19:20 capture=on(0.00s) onAir=off
[timecode] 18:04:20:20 capture=on(0.00s) onAir=off
[timecode] 18:04:21:20 capture=on(0.02s) onAir=off
[timecode] 18:04:22:21 capture=on(0.03s) onAir=off
[timecode] 18:04:23:21 capture=on(0.03s) onAir=off
[timecode] 18:04:24:21 capture=on(0.00s) onAir=off
[timecode] 18:04:25:21 capture=on(0.00s) onAir=off
[timecode] 18:04:26:21 capture=on(0.01s) onAir=off
[timecode] 18:04:27:21 capture=on(0.01s) onAir=off
[timecode] 18:04:28:21 capture=on(0.03s) onAir=off
[timecode] 18:04:29:22 capture=on(0.03s) onAir=off
[timecode] 18:04:30:22 capture=on(0.00s) onAir=off
[timecode] 18:04:31:22 capture=on(0.01s) onAir=off
[timecode] 18:04:32:22 capture=on(0.01s) onAir=off
[timecode] 18:04:33:22 capture=on(0.01s) onAir=off
[timecode] 18:04:34:22 capture=on(0.01s) onAir=off
[timecode] 18:04:35:22 capture=on(0.01s) onAir=off
[timecode] 18:04:36:22 capture=on(0.01s) onAir=off
[timecode] 18:04:37:22 capture=on(0.02s) onAir=off
[timecode] 18:04:38:22 capture=on(0.02s) onAir=off
[timecode] 18:04:39:23 capture=on(0.03s) onAir=off
[timecode] 18:04:40:23 capture=on(0.04s) onAir=off
[timecode] 18:04:41:23 capture=on(0.04s) onAir=off
[timecode] 18:04:42:23 capture=on(0.00s) onAir=off
[timecode] 18:04:43:23 capture=on(0.01s) onAir=off
[timecode] 18:04:44:23 capture=on(0.01s) onAir=off
[timecode] 18:04:45:23 capture=on(0.01s) onAir=off
[timecode] 18:04:46:23 capture=on(0.02s) onAir=off
[timecode] 18:04:47:24 capture=on(0.03s) onAir=off
[timecode] 18:04:48:24 capture=on(0.03s) onAir=off
[timecode] 18:04:49:24 capture=on(0.04s) onAir=off
[timecode] 18:04:50:24 capture=on(0.00s) onAir=off
[timecode] 18:04:51:24 capture=on(0.00s) onAir=off
[timecode] 18:04:52:24 capture=on(0.01s) onAir=off
[timecode] 18:04:53:24 capture=on(0.01s) onAir=off
[timecode] 18:04:54:24 capture=on(0.01s) onAir=off
[timecode] 18:04:55:24 capture=on(0.01s) onAir=off
[timecode] 18:04:56:24 capture=on(0.01s) onAir=off
[timecode] 18:04:57:24 capture=on(0.01s) onAir=off
[timecode] 18:04:58:24 capture=on(0.01s) onAir=off
[timecode] 18:04:59:24 capture=on(0.01s) onAir=off
[timecode] 18:05:00:24 capture=on(0.02s) onAir=off
[timecode] 18:05:02:00 capture=on(0.03s) onAir=off
[timecode] 18:05:03:00 capture=on(0.04s) onAir=off
[timecode] 18:05:04:00 capture=on(0.01s) onAir=off
[timecode] 18:05:05:00 capture=on(0.01s) onAir=off
[timecode] 18:05:06:00 capture=on(0.01s) onAir=off
[timecode] 18:05:07:00 capture=on(0.01s) onAir=off
[timecode] 18:05:08:00 capture=on(0.00s) onAir=off
[timecode] 18:05:09:00 capture=on(0.01s) onAir=off
[timecode] 18:05:10:00 capture=on(0.02s) onAir=off
[timecode] 18:05:11:00 capture=on(0.02s) onAir=off
[timecode] 18:05:12:01 capture=on(0.03s) onAir=off
[timecode] 18:05:13:01 capture=on(0.03s) onAir=off
[timecode] 18:05:14:01 capture=on(0.00s) onAir=off
[timecode] 18:05:15:01 capture=on(0.01s) onAir=off
[timecode] 18:05:16:01 capture=on(0.01s) onAir=off
[timecode] 18:05:17:01 capture=on(0.02s) onAir=off
[timecode] 18:05:18:01 capture=on(0.02s) onAir=off
[timecode] 18:05:19:01 capture=on(0.02s) onAir=off
[timecode] 18:05:20:02 capture=on(0.03s) onAir=off
[timecode] 18:05:21:02 capture=on(0.00s) onAir=off
[timecode] 18:05:22:02 capture=on(0.01s) onAir=off
[timecode] 18:05:23:02 capture=on(0.01s) onAir=off
[timecode] 18:05:24:02 capture=on(0.01s) onAir=off
[timecode] 18:05:25:02 capture=on(0.01s) onAir=off
[timecode] 18:05:26:02 capture=on(0.01s) onAir=off
[timecode] 18:05:27:02 capture=on(0.01s) onAir=off
[timecode] 18:05:28:02 capture=on(0.01s) onAir=off
[timecode] 18:05:29:03 capture=on(0.02s) onAir=off
[timecode] 18:05:30:03 capture=on(0.04s) onAir=off
[timecode] 18:05:31:03 capture=on(0.00s) onAir=off
[timecode] 18:05:32:03 capture=on(0.01s) onAir=off
[timecode] 18:05:33:03 capture=on(0.01s) onAir=off
[timecode] 18:05:34:03 capture=on(0.01s) onAir=off
[timecode] 18:05:35:04 capture=on(0.02s) onAir=off
[timecode] 18:05:36:04 capture=on(0.03s) onAir=off
[timecode] 18:05:37:04 capture=on(0.04s) onAir=off
[timecode] 18:05:38:04 capture=on(0.04s) onAir=off
[timecode] 18:05:39:04 capture=on(0.00s) onAir=off
[timecode] 18:05:40:04 capture=on(0.01s) onAir=off
[timecode] 18:05:41:04 capture=on(0.01s) onAir=off
[timecode] 18:05:42:04 capture=on(0.01s) onAir=off
[timecode] 18:05:43:04 capture=on(0.01s) onAir=off
[timecode] 18:05:44:05 capture=on(0.02s) onAir=off
[timecode] 18:05:45:05 capture=on(0.03s) onAir=off
[timecode] 18:05:46:05 capture=on(0.03s) onAir=off
[timecode] 18:05:47:05 capture=on(0.00s) onAir=off
[timecode] 18:05:48:05 capture=on(0.01s) onAir=off
[timecode] 18:05:49:05 capture=on(0.01s) onAir=off
[timecode] 18:05:50:05 capture=on(0.01s) onAir=off
[timecode] 18:05:51:05 capture=on(0.01s) onAir=off
[timecode] 18:05:52:05 capture=on(0.01s) onAir=off
[timecode] 18:05:53:05 capture=on(0.01s) onAir=off
[timecode] 18:05:54:05 capture=on(0.01s) onAir=off
[timecode] 18:05:55:05 capture=on(0.02s) onAir=off
[timecode] 18:05:56:06 capture=on(0.03s) onAir=off
[timecode] 18:05:57:06 capture=on(0.03s) onAir=off
[timecode] 18:05:58:06 capture=on(0.04s) onAir=off
[timecode] 18:05:59:06 capture=on(0.00s) onAir=off
[timecode] 18:06:00:06 capture=on(0.01s) onAir=off
[timecode] 18:06:01:06 capture=on(0.01s) onAir=off
[timecode] 18:06:02:06 capture=on(0.01s) onAir=off
[timecode] 18:06:03:06 capture=on(0.01s) onAir=off
[timecode] 18:06:04:06 capture=on(0.01s) onAir=off
[timecode] 18:06:05:06 capture=on(0.01s) onAir=off
[timecode] 18:06:06:06 capture=on(0.01s) onAir=off
[timecode] 18:06:07:07 capture=on(0.02s) onAir=off
[timecode] 18:06:08:07 capture=on(0.03s) onAir=off
[timecode] 18:06:09:07 capture=on(0.04s) onAir=off
[timecode] 18:06:10:07 capture=on(0.00s) onAir=off
[timecode] 18:06:11:07 capture=on(0.01s) onAir=off
[timecode] 18:06:12:07 capture=on(0.01s) onAir=off
[timecode] 18:06:13:07 capture=on(0.01s) onAir=off
[timecode] 18:06:14:08 capture=on(0.03s) onAir=off
[timecode] 18:06:15:08 capture=on(0.00s) onAir=off
[timecode] 18:06:16:08 capture=on(0.00s) onAir=off
[timecode] 18:06:17:08 capture=on(0.01s) onAir=off
[timecode] 18:06:18:08 capture=on(0.01s) onAir=off
[timecode] 18:06:19:09 capture=on(0.02s) onAir=off
[timecode] 18:06:20:09 capture=on(0.02s) onAir=off
[timecode] 18:06:21:09 capture=on(0.02s) onAir=off
[timecode] 18:06:22:09 capture=on(0.04s) onAir=off
[timecode] 18:06:23:09 capture=on(0.00s) onAir=off
[timecode] 18:06:24:09 capture=on(0.00s) onAir=off
[timecode] 18:06:25:09 capture=on(0.01s) onAir=off
[timecode] 18:06:26:09 capture=on(0.01s) onAir=off
[timecode] 18:06:27:09 capture=on(0.01s) onAir=off
[timecode] 18:06:28:09 capture=on(0.01s) onAir=off
[timecode] 18:06:29:10 capture=on(0.02s) onAir=off
[timecode] 18:06:30:10 capture=on(0.03s) onAir=off
[timecode] 18:06:31:10 capture=on(0.03s) onAir=off
[timecode] 18:06:32:10 capture=on(0.00s) onAir=off
[timecode] 18:06:33:10 capture=on(0.00s) onAir=off
[timecode] 18:06:34:10 capture=on(0.01s) onAir=off
[timecode] 18:06:35:11 capture=on(0.02s) onAir=off
[timecode] 18:06:36:11 capture=on(0.03s) onAir=off
[timecode] 18:06:37:11 capture=on(0.03s) onAir=off
[timecode] 18:06:38:11 capture=on(0.04s) onAir=off
[timecode] 18:06:39:11 capture=on(0.00s) onAir=off
[timecode] 18:06:40:11 capture=on(0.00s) onAir=off
[timecode] 18:06:41:11 capture=on(0.01s) onAir=off
[timecode] 18:06:42:11 capture=on(0.01s) onAir=off
[timecode] 18:06:43:11 capture=on(0.01s) onAir=off
[timecode] 18:06:44:11 capture=on(0.01s) onAir=off
[timecode] 18:06:45:11 capture=on(0.01s) onAir=off
[timecode] 18:06:46:12 capture=on(0.02s) onAir=off
[timecode] 18:06:47:12 capture=on(0.03s) onAir=off
[timecode] 18:06:48:12 capture=on(0.03s) onAir=off
[timecode] 18:06:49:12 capture=on(0.03s) onAir=off
[timecode] 18:06:50:12 capture=on(0.00s) onAir=off
[timecode] 18:06:51:12 capture=on(0.00s) onAir=off
[timecode] 18:06:52:12 capture=on(0.01s) onAir=off
[timecode] 18:06:53:12 capture=on(0.01s) onAir=off
[timecode] 18:06:54:12 capture=on(0.02s) onAir=off
[timecode] 18:06:55:13 capture=on(0.02s) onAir=off
[timecode] 18:06:56:13 capture=on(0.04s) onAir=off
[timecode] 18:06:57:13 capture=on(0.00s) onAir=off
[timecode] 18:06:58:13 capture=on(0.01s) onAir=off
[timecode] 18:06:59:13 capture=on(0.01s) onAir=off
[timecode] 18:07:00:13 capture=on(0.01s) onAir=off
[timecode] 18:07:01:14 capture=on(0.02s) onAir=off
[timecode] 18:07:02:14 capture=on(0.03s) onAir=off
[timecode] 18:07:03:14 capture=on(0.04s) onAir=off
[timecode] 18:07:04:14 capture=on(0.01s) onAir=off
[timecode] 18:07:05:14 capture=on(0.01s) onAir=off
[timecode] 18:07:06:14 capture=on(0.01s) onAir=off
[timecode] 18:07:07:14 capture=on(0.01s) onAir=off
[timecode] 18:07:08:15 capture=on(0.02s) onAir=off
[timecode] 18:07:09:15 capture=on(0.02s) onAir=off
[timecode] 18:07:10:15 capture=on(0.03s) onAir=off
[timecode] 18:07:11:15 capture=on(0.03s) onAir=off
[timecode] 18:07:12:15 capture=on(0.03s) onAir=off
[timecode] 18:07:13:15 capture=on(0.00s) onAir=off
[timecode] 18:07:14:15 capture=on(0.01s) onAir=off
[timecode] 18:07:15:15 capture=on(0.01s) onAir=off
[timecode] 18:07:16:15 capture=on(0.01s) onAir=off
[timecode] 18:07:17:15 capture=on(0.01s) onAir=off
[timecode] 18:07:18:16 capture=on(0.02s) onAir=off
[timecode] 18:07:19:16 capture=on(0.03s) onAir=off
[timecode] 18:07:20:16 capture=on(0.04s) onAir=off
[timecode] 18:07:21:16 capture=on(0.00s) onAir=off
[timecode] 18:07:22:16 capture=on(0.01s) onAir=off
[timecode] 18:07:23:16 capture=on(0.01s) onAir=off
[timecode] 18:07:24:17 capture=on(0.01s) onAir=off
[timecode] 18:07:25:17 capture=on(0.02s) onAir=off
[timecode] 18:07:26:17 capture=on(0.02s) onAir=off
[timecode] 18:07:27:17 capture=on(0.03s) onAir=off
[timecode] 18:07:28:17 capture=on(0.04s) onAir=off
[timecode] 18:07:29:17 capture=on(0.01s) onAir=off
[timecode] 18:07:30:17 capture=on(0.01s) onAir=off
[timecode] 18:07:31:17 capture=on(0.01s) onAir=off
[timecode] 18:07:32:17 capture=on(0.01s) onAir=off
[timecode] 18:07:33:17 capture=on(0.01s) onAir=off
[timecode] 18:07:34:17 capture=on(0.01s) onAir=off
[timecode] 18:07:35:17 capture=on(0.01s) onAir=off
[timecode] 18:07:36:17 capture=on(0.01s) onAir=off
[timecode] 18:07:37:17 capture=on(0.01s) onAir=off
[timecode] 18:07:38:18 capture=on(0.02s) onAir=off
[timecode] 18:07:39:18 capture=on(0.03s) onAir=off
[timecode] 18:07:40:18 capture=on(0.04s) onAir=off
[timecode] 18:07:41:18 capture=on(0.01s) onAir=off
[timecode] 18:07:42:18 capture=on(0.01s) onAir=off
[timecode] 18:07:43:18 capture=on(0.01s) onAir=off
[timecode] 18:07:44:19 capture=on(0.02s) onAir=off
[timecode] 18:07:45:19 capture=on(0.03s) onAir=off
[timecode] 18:07:46:19 capture=on(0.03s) onAir=off
[timecode] 18:07:47:19 capture=on(0.01s) onAir=off
[timecode] 18:07:48:19 capture=on(0.01s) onAir=off
[timecode] 18:07:49:19 capture=on(0.01s) onAir=off
[timecode] 18:07:50:19 capture=on(0.01s) onAir=off
[timecode] 18:07:51:19 capture=on(0.01s) onAir=off
[timecode] 18:07:52:19 capture=on(0.01s) onAir=off
[timecode] 18:07:53:20 capture=on(0.02s) onAir=off
[timecode] 18:07:54:20 capture=on(0.04s) onAir=off
[timecode] 18:07:55:20 capture=on(0.04s) onAir=off
[timecode] 18:07:56:20 capture=on(0.01s) onAir=off
[timecode] 18:07:57:20 capture=on(0.01s) onAir=off
[timecode] 18:07:58:20 capture=on(0.01s) onAir=off
[timecode] 18:07:59:20 capture=on(0.01s) onAir=off
[timecode] 18:08:00:20 capture=on(0.01s) onAir=off
[timecode] 18:08:01:21 capture=on(0.02s) onAir=off
[timecode] 18:08:02:21 capture=on(0.03s) onAir=off
[timecode] 18:08:03:21 capture=on(0.03s) onAir=off
[timecode] 18:08:04:21 capture=on(0.00s) onAir=off
[timecode] 18:08:05:21 capture=on(0.00s) onAir=off
[timecode] 18:08:06:21 capture=on(0.01s) onAir=off
[timecode] 18:08:07:21 capture=on(0.01s) onAir=off
[timecode] 18:08:08:21 capture=on(0.01s) onAir=off
[timecode] 18:08:09:22 capture=on(0.01s) onAir=off
[timecode] 18:08:10:22 capture=on(0.01s) onAir=off
[timecode] 18:08:11:22 capture=on(0.02s) onAir=off
[timecode] 18:08:12:22 capture=on(0.02s) onAir=off
[timecode] 18:08:13:22 capture=on(0.04s) onAir=off
[timecode] 18:08:14:22 capture=on(0.00s) onAir=off
[timecode] 18:08:15:22 capture=on(0.01s) onAir=off
[timecode] 18:08:16:22 capture=on(0.01s) onAir=off
[timecode] 18:08:17:22 capture=on(0.01s) onAir=off
[timecode] 18:08:18:22 capture=on(0.01s) onAir=off
[timecode] 18:08:19:22 capture=on(0.01s) onAir=off
[timecode] 18:08:20:23 capture=on(0.02s) onAir=off
[timecode] 18:08:21:23 capture=on(0.03s) onAir=off
[timecode] 18:08:22:23 capture=on(0.00s) onAir=off
[timecode] 18:08:23:23 capture=on(0.01s) onAir=off
[timecode] 18:08:24:23 capture=on(0.01s) onAir=off
[timecode] 18:08:25:23 capture=on(0.01s) onAir=off
[timecode] 18:08:26:23 capture=on(0.00s) onAir=off
[timecode] 18:08:27:24 capture=on(0.02s) onAir=off
[timecode] 18:08:28:24 capture=on(0.03s) onAir=off
[timecode] 18:08:29:24 capture=on(0.00s) onAir=off
[timecode] 18:08:30:24 capture=on(0.00s) onAir=off
[timecode] 18:08:31:24 capture=on(0.00s) onAir=off
[timecode] 18:08:32:24 capture=on(0.00s) onAir=off
[timecode] 18:08:33:24 capture=on(0.00s) onAir=off
[timecode] 18:08:34:24 capture=on(0.01s) onAir=off
[timecode] 18:08:36:00 capture=on(0.02s) onAir=off
[timecode] 18:08:37:00 capture=on(0.02s) onAir=off
[timecode] 18:08:38:00 capture=on(0.02s) onAir=off
[timecode] 18:08:39:00 capture=on(0.03s) onAir=off
[timecode] 18:08:40:00 capture=on(0.03s) onAir=off
[timecode] 18:08:41:00 capture=on(0.00s) onAir=off
[timecode] 18:08:42:00 capture=on(0.01s) onAir=off
[timecode] 18:08:43:00 capture=on(0.00s) onAir=off
[timecode] 18:08:44:00 capture=on(0.01s) onAir=off
[timecode] 18:08:45:01 capture=on(0.02s) onAir=off
[timecode] 18:08:46:01 capture=on(0.02s) onAir=off
[timecode] 18:08:47:01 capture=on(0.03s) onAir=off
[timecode] 18:08:48:01 capture=on(0.00s) onAir=off
[timecode] 18:08:49:01 capture=on(0.00s) onAir=off
[timecode] 18:08:50:01 capture=on(0.00s) onAir=off
[timecode] 18:08:51:01 capture=on(0.00s) onAir=off
[timecode] 18:08:52:02 capture=on(0.02s) onAir=off
[timecode] 18:08:53:02 capture=on(0.02s) onAir=off
[timecode] 18:08:54:02 capture=on(0.03s) onAir=off
[timecode] 18:08:55:02 capture=on(0.03s) onAir=off
[timecode] 18:08:56:02 capture=on(0.00s) onAir=off
[timecode] 18:08:57:02 capture=on(0.00s) onAir=off
[timecode] 18:08:58:03 capture=on(0.01s) onAir=off
[timecode] 18:08:59:03 capture=on(0.02s) onAir=off
[timecode] 18:09:00:03 capture=on(0.03s) onAir=off
[timecode] 18:09:01:03 capture=on(0.04s) onAir=off
[timecode] 18:09:02:03 capture=on(0.00s) onAir=off
[timecode] 18:09:03:04 capture=on(0.01s) onAir=off
[timecode] 18:09:04:04 capture=on(0.02s) onAir=off
[timecode] 18:09:05:04 capture=on(0.02s) onAir=off
[timecode] 18:09:06:04 capture=on(0.03s) onAir=off
[timecode] 18:09:07:04 capture=on(0.00s) onAir=off
[timecode] 18:09:08:04 capture=on(0.00s) onAir=off
[timecode] 18:09:09:04 capture=on(0.00s) onAir=off
[timecode] 18:09:10:04 capture=on(0.01s) onAir=off
[timecode] 18:09:11:04 capture=on(0.01s) onAir=off
[timecode] 18:09:12:05 capture=on(0.01s) onAir=off
[timecode] 18:09:13:05 capture=on(0.02s) onAir=off
[timecode] 18:09:14:05 capture=on(0.03s) onAir=off
[timecode] 18:09:15:05 capture=on(0.03s) onAir=off
[timecode] 18:09:16:05 capture=on(0.00s) onAir=off
[timecode] 18:09:17:05 capture=on(0.00s) onAir=off
[timecode] 18:09:18:05 capture=on(0.00s) onAir=off
[timecode] 18:09:19:05 capture=on(0.00s) onAir=off
[timecode] 18:09:20:05 capture=on(0.00s) onAir=off
[timecode] 18:09:21:05 capture=on(0.00s) onAir=off
[timecode] 18:09:22:05 capture=on(0.01s) onAir=off
[timecode] 18:09:23:06 capture=on(0.01s) onAir=off
[timecode] 18:09:24:06 capture=on(0.02s) onAir=off
[timecode] 18:09:25:06 capture=on(0.02s) onAir=off
[timecode] 18:09:26:06 capture=on(0.04s) onAir=off
[timecode] 18:09:27:06 capture=on(0.01s) onAir=off
[timecode] 18:09:28:07 capture=on(0.01s) onAir=off
[timecode] 18:09:29:07 capture=on(0.02s) onAir=off
[timecode] 18:09:30:07 capture=on(0.02s) onAir=off
[timecode] 18:09:31:07 capture=on(0.03s) onAir=off
[timecode] 18:09:32:07 capture=on(0.04s) onAir=off
[timecode] 18:09:33:07 capture=on(0.04s) onAir=off
[timecode] 18:09:34:08 capture=on(0.01s) onAir=off
[timecode] 18:09:35:08 capture=on(0.01s) onAir=off
[timecode] 18:09:36:08 capture=on(0.01s) onAir=off
[timecode] 18:09:37:08 capture=on(0.02s) onAir=off
[timecode] 18:09:38:08 capture=on(0.03s) onAir=off
[timecode] 18:09:39:08 capture=on(0.00s) onAir=off
[timecode] 18:09:40:09 capture=on(0.01s) onAir=off
[timecode] 18:09:41:09 capture=on(0.01s) onAir=off
[timecode] 18:09:42:09 capture=on(0.01s) onAir=off
[timecode] 18:09:43:09 capture=on(0.01s) onAir=off
[timecode] 18:09:44:09 capture=on(0.01s) onAir=off
[timecode] 18:09:45:09 capture=on(0.03s) onAir=off
[timecode] 18:09:46:09 capture=on(0.04s) onAir=off
[timecode] 18:09:47:09 capture=on(0.04s) onAir=off
[timecode] 18:09:48:09 capture=on(0.04s) onAir=off
[timecode] 18:09:49:10 capture=on(0.01s) onAir=off
[timecode] 18:09:50:10 capture=on(0.01s) onAir=off
[timecode] 18:09:51:10 capture=on(0.01s) onAir=off
[timecode] 18:09:52:10 capture=on(0.01s) onAir=off
[timecode] 18:09:53:10 capture=on(0.01s) onAir=off
[timecode] 18:09:54:10 capture=on(0.01s) onAir=off
[timecode] 18:09:55:10 capture=on(0.01s) onAir=off
[timecode] 18:09:56:10 capture=on(0.01s) onAir=off
[timecode] 18:09:57:10 capture=on(0.01s) onAir=off
[timecode] 18:09:58:10 capture=on(0.01s) onAir=off
[timecode] 18:09:59:10 capture=on(0.01s) onAir=off
[timecode] 18:10:00:10 capture=on(0.01s) onAir=off
[timecode] 18:10:01:10 capture=on(0.01s) onAir=off
[timecode] 18:10:02:10 capture=on(0.02s) onAir=off
[timecode] 18:10:03:10 capture=on(0.02s) onAir=off
[timecode] 18:10:04:10 capture=on(0.03s) onAir=off
[timecode] 18:10:05:10 capture=on(0.04s) onAir=off
[timecode] 18:10:06:10 capture=on(0.04s) onAir=off
[timecode] 18:10:07:10 capture=on(0.04s) onAir=off
[timecode] 18:10:08:11 capture=on(0.01s) onAir=off
[timecode] 18:10:09:11 capture=on(0.01s) onAir=off
[timecode] 18:10:10:11 capture=on(0.01s) onAir=off
[timecode] 18:10:11:11 capture=on(0.01s) onAir=off
[timecode] 18:10:12:11 capture=on(0.01s) onAir=off
[timecode] 18:10:13:11 capture=on(0.01s) onAir=off
[timecode] 18:10:14:11 capture=on(0.01s) onAir=off
[timecode] 18:10:15:11 capture=on(0.01s) onAir=off
[timecode] 18:10:16:11 capture=on(0.03s) onAir=off
[timecode] 18:10:17:11 capture=on(0.03s) onAir=off
[timecode] 18:10:18:12 capture=on(0.01s) onAir=off
[timecode] 18:10:19:12 capture=on(0.01s) onAir=off
[timecode] 18:10:20:12 capture=on(0.01s) onAir=off
[timecode] 18:10:21:12 capture=on(0.01s) onAir=off
[timecode] 18:10:22:12 capture=on(0.02s) onAir=off
[timecode] 18:10:23:12 capture=on(0.03s) onAir=off
[timecode] 18:10:24:12 capture=on(0.03s) onAir=off
[timecode] 18:10:25:13 capture=on(0.00s) onAir=off
[timecode] 18:10:26:13 capture=on(0.01s) onAir=off
[timecode] 18:10:27:13 capture=on(0.01s) onAir=off
[timecode] 18:10:28:13 capture=on(0.01s) onAir=off
[timecode] 18:10:29:13 capture=on(0.01s) onAir=off
[timecode] 18:10:30:13 capture=on(0.02s) onAir=off
[timecode] 18:10:31:13 capture=on(0.02s) onAir=off
[timecode] 18:10:32:13 capture=on(0.02s) onAir=off
[timecode] 18:10:33:13 capture=on(0.03s) onAir=off
[timecode] 18:10:34:13 capture=on(0.00s) onAir=off
[timecode] 18:10:35:13 capture=on(0.00s) onAir=off
[timecode] 18:10:36:14 capture=on(0.00s) onAir=off
[timecode] 18:10:37:14 capture=on(0.01s) onAir=off
[timecode] 18:10:38:14 capture=on(0.00s) onAir=off
[timecode] 18:10:39:14 capture=on(0.01s) onAir=off
[timecode] 18:10:40:14 capture=on(0.01s) onAir=off
[timecode] 18:10:41:14 capture=on(0.00s) onAir=off
[timecode] 18:10:42:14 capture=on(0.01s) onAir=off
[timecode] 18:10:43:14 capture=on(0.01s) onAir=off
[timecode] 18:10:44:14 capture=on(0.01s) onAir=off
[timecode] 18:10:45:14 capture=on(0.02s) onAir=off
[timecode] 18:10:46:14 capture=on(0.02s) onAir=off
[timecode] 18:10:47:14 capture=on(0.03s) onAir=off
[timecode] 18:10:48:14 capture=on(0.00s) onAir=off
[timecode] 18:10:49:15 capture=on(0.01s) onAir=off
[timecode] 18:10:50:15 capture=on(0.01s) onAir=off
[timecode] 18:10:51:15 capture=on(0.02s) onAir=off
[timecode] 18:10:52:15 capture=on(0.03s) onAir=off
[timecode] 18:10:53:15 capture=on(0.03s) onAir=off
[timecode] 18:10:54:15 capture=on(0.04s) onAir=off
[timecode] 18:10:55:15 capture=on(0.00s) onAir=off
[timecode] 18:10:56:16 capture=on(0.00s) onAir=off
[timecode] 18:10:57:16 capture=on(0.01s) onAir=off
[timecode] 18:10:58:16 capture=on(0.02s) onAir=off
[timecode] 18:10:59:16 capture=on(0.03s) onAir=off
[timecode] 18:11:00:17 capture=on(0.00s) onAir=off
[timecode] 18:11:01:17 capture=on(0.01s) onAir=off
[timecode] 18:11:02:17 capture=on(0.01s) onAir=off
[timecode] 18:11:03:17 capture=on(0.01s) onAir=off
[timecode] 18:11:04:17 capture=on(0.02s) onAir=off
[timecode] 18:11:05:17 capture=on(0.02s) onAir=off
[timecode] 18:11:06:17 capture=on(0.02s) onAir=off
[timecode] 18:11:07:17 capture=on(0.02s) onAir=off
[timecode] 18:11:08:17 capture=on(0.03s) onAir=off
[timecode] 18:11:09:17 capture=on(0.00s) onAir=off
[timecode] 18:11:10:18 capture=on(0.00s) onAir=off
[timecode] 18:11:11:18 capture=on(0.01s) onAir=off
[timecode] 18:11:12:18 capture=on(0.01s) onAir=off
[timecode] 18:11:13:18 capture=on(0.01s) onAir=off
[timecode] 18:11:14:18 capture=on(0.02s) onAir=off
[timecode] 18:11:15:18 capture=on(0.03s) onAir=off
[timecode] 18:11:16:19 capture=on(0.00s) onAir=off
[timecode] 18:11:17:19 capture=on(0.00s) onAir=off
[timecode] 18:11:18:19 capture=on(0.01s) onAir=off
[timecode] 18:11:19:19 capture=on(0.01s) onAir=off
[timecode] 18:11:20:19 capture=on(0.01s) onAir=off
[timecode] 18:11:21:19 capture=on(0.01s) onAir=off
[timecode] 18:11:22:19 capture=on(0.01s) onAir=off
[timecode] 18:11:23:19 capture=on(0.01s) onAir=off
[timecode] 18:11:24:19 capture=on(0.00s) onAir=off
[timecode] 18:11:25:19 capture=on(0.02s) onAir=off
[timecode] 18:11:26:19 capture=on(0.02s) onAir=off
[timecode] 18:11:27:19 capture=on(0.00s) onAir=off
[timecode] 18:11:28:20 capture=on(0.00s) onAir=off
[timecode] 18:11:29:20 capture=on(0.00s) onAir=off
[timecode] 18:11:30:20 capture=on(0.00s) onAir=off
[timecode] 18:11:31:20 capture=on(0.01s) onAir=off
[timecode] 18:11:32:20 capture=on(0.01s) onAir=off
[timecode] 18:11:33:20 capture=on(0.01s) onAir=off
[timecode] 18:11:34:20 capture=on(0.02s) onAir=off
[timecode] 18:11:35:20 capture=on(0.00s) onAir=off
[timecode] 18:11:36:21 capture=on(0.00s) onAir=off
[timecode] 18:11:37:21 capture=on(0.00s) onAir=off
[timecode] 18:11:38:21 capture=on(0.01s) onAir=off
[timecode] 18:11:39:21 capture=on(0.02s) onAir=off
[timecode] 18:11:40:21 capture=on(0.03s) onAir=off
[timecode] 18:11:41:21 capture=on(0.03s) onAir=off
[timecode] 18:11:42:22 capture=on(0.00s) onAir=off
[timecode] 18:11:43:22 capture=on(0.00s) onAir=off
[timecode] 18:11:44:22 capture=on(0.00s) onAir=off
[timecode] 18:11:45:22 capture=on(0.00s) onAir=off
[timecode] 18:11:46:22 capture=on(0.00s) onAir=off
[timecode] 18:11:47:22 capture=on(0.00s) onAir=off
[timecode] 18:11:48:22 capture=on(0.00s) onAir=off
[timecode] 18:11:49:22 capture=on(0.00s) onAir=off
[timecode] 18:11:50:22 capture=on(0.00s) onAir=off
[timecode] 18:11:51:22 capture=on(0.02s) onAir=off
[timecode] 18:11:52:22 capture=on(0.03s) onAir=off
[timecode] 18:11:53:22 capture=on(0.03s) onAir=off
[timecode] 18:11:54:22 capture=on(0.03s) onAir=off
[timecode] 18:11:55:23 capture=on(0.00s) onAir=off
[timecode] 18:11:56:23 capture=on(0.00s) onAir=off
[timecode] 18:11:57:23 capture=on(0.00s) onAir=off
[timecode] 18:11:58:23 capture=on(0.00s) onAir=off
[timecode] 18:11:59:23 capture=on(0.00s) onAir=off
[timecode] 18:12:00:23 capture=on(0.00s) onAir=off
[timecode] 18:12:01:23 capture=on(0.00s) onAir=off
[timecode] 18:12:02:23 capture=on(0.01s) onAir=off
[timecode] 18:12:03:23 capture=on(0.01s) onAir=off
[timecode] 18:12:04:23 capture=on(0.02s) onAir=off
[timecode] 18:12:05:23 capture=on(0.03s) onAir=off
[timecode] 18:12:06:24 capture=on(0.00s) onAir=off
[timecode] 18:12:07:24 capture=on(0.00s) onAir=off
[timecode] 18:12:08:24 capture=on(0.00s) onAir=off
[timecode] 18:12:09:24 capture=on(0.01s) onAir=off
[timecode] 18:12:10:24 capture=on(0.02s) onAir=off
[timecode] 18:12:11:24 capture=on(0.03s) onAir=off
[timecode] 18:12:13:00 capture=on(0.00s) onAir=off
[timecode] 18:12:14:00 capture=on(0.00s) onAir=off
[timecode] 18:12:15:00 capture=on(0.02s) onAir=off
[timecode] 18:12:16:00 capture=on(0.03s) onAir=off
[timecode] 18:12:17:00 capture=on(0.03s) onAir=off
[timecode] 18:12:18:00 capture=on(0.03s) onAir=off
[timecode] 18:12:19:00 capture=on(0.03s) onAir=off
[timecode] 18:12:20:01 capture=on(0.00s) onAir=off
[timecode] 18:12:21:01 capture=on(0.00s) onAir=off
[timecode] 18:12:22:01 capture=on(0.00s) onAir=off
[timecode] 18:12:23:01 capture=on(0.01s) onAir=off
[timecode] 18:12:24:01 capture=on(0.01s) onAir=off
[timecode] 18:12:25:01 capture=on(0.02s) onAir=off
[timecode] 18:12:26:01 capture=on(0.02s) onAir=off
[timecode] 18:12:27:02 capture=on(0.00s) onAir=off
[timecode] 18:12:28:02 capture=on(0.01s) onAir=off
[timecode] 18:12:29:02 capture=on(0.01s) onAir=off
[timecode] 18:12:30:02 capture=on(0.02s) onAir=off
[timecode] 18:12:31:02 capture=on(0.03s) onAir=off
[timecode] 18:12:32:02 capture=on(0.03s) onAir=off
[timecode] 18:12:33:03 capture=on(0.04s) onAir=off
[timecode] 18:12:34:03 capture=on(0.01s) onAir=off
[timecode] 18:12:35:03 capture=on(0.01s) onAir=off
[timecode] 18:12:36:03 capture=on(0.02s) onAir=off
[timecode] 18:12:37:03 capture=on(0.03s) onAir=off
[timecode] 18:12:38:04 capture=on(0.00s) onAir=off
[timecode] 18:12:39:04 capture=on(0.01s) onAir=off
[timecode] 18:12:40:04 capture=on(0.01s) onAir=off
[timecode] 18:12:41:04 capture=on(0.01s) onAir=off
[timecode] 18:12:42:04 capture=on(0.02s) onAir=off
[timecode] 18:12:43:05 capture=on(0.03s) onAir=off
[timecode] 18:12:44:05 capture=on(0.04s) onAir=off
[timecode] 18:12:45:05 capture=on(0.04s) onAir=off
[timecode] 18:12:46:05 capture=on(0.00s) onAir=off
[timecode] 18:12:47:05 capture=on(0.00s) onAir=off
[timecode] 18:12:48:05 capture=on(0.01s) onAir=off
[timecode] 18:12:49:05 capture=on(0.01s) onAir=off
[timecode] 18:12:50:05 capture=on(0.01s) onAir=off
[timecode] 18:12:51:05 capture=on(0.01s) onAir=off
[timecode] 18:12:52:05 capture=on(0.03s) onAir=off
[timecode] 18:12:53:05 capture=on(0.03s) onAir=off
[timecode] 18:12:54:05 capture=on(0.03s) onAir=off
[timecode] 18:12:55:06 capture=on(0.00s) onAir=off
[timecode] 18:12:56:06 capture=on(0.00s) onAir=off
[timecode] 18:12:57:06 capture=on(0.01s) onAir=off
[timecode] 18:12:58:06 capture=on(0.01s) onAir=off
[timecode] 18:12:59:06 capture=on(0.01s) onAir=off
[timecode] 18:13:00:06 capture=on(0.01s) onAir=off
[timecode] 18:13:01:06 capture=on(0.02s) onAir=off
[timecode] 18:13:02:07 capture=on(0.04s) onAir=off
[timecode] 18:13:03:07 capture=on(0.04s) onAir=off
[timecode] 18:13:04:07 capture=on(0.01s) onAir=off
[timecode] 18:13:05:07 capture=on(0.01s) onAir=off
[timecode] 18:13:06:07 capture=on(0.01s) onAir=off
[timecode] 18:13:07:07 capture=on(0.01s) onAir=off
[timecode] 18:13:08:07 capture=on(0.01s) onAir=off
[timecode] 18:13:09:07 capture=on(0.02s) onAir=off
[timecode] 18:13:10:07 capture=on(0.03s) onAir=off
[timecode] 18:13:11:08 capture=on(0.03s) onAir=off
[timecode] 18:13:12:08 capture=on(0.00s) onAir=off
[timecode] 18:13:13:08 capture=on(0.01s) onAir=off
[timecode] 18:13:14:08 capture=on(0.01s) onAir=off
[timecode] 18:13:15:08 capture=on(0.01s) onAir=off
[timecode] 18:13:16:08 capture=on(0.01s) onAir=off
[timecode] 18:13:17:08 capture=on(0.01s) onAir=off
[timecode] 18:13:18:08 capture=on(0.01s) onAir=off
[timecode] 18:13:19:08 capture=on(0.01s) onAir=off
[timecode] 18:13:20:08 capture=on(0.01s) onAir=off
[timecode] 18:13:21:08 capture=on(0.01s) onAir=off
[timecode] 18:13:22:08 capture=on(0.02s) onAir=off
[timecode] 18:13:23:08 capture=on(0.02s) onAir=off
[timecode] 18:13:24:09 capture=on(0.03s) onAir=off
[timecode] 18:13:25:09 capture=on(0.04s) onAir=off
[timecode] 18:13:26:09 capture=on(0.03s) onAir=off
[timecode] 18:13:27:09 capture=on(0.00s) onAir=off
[timecode] 18:13:28:09 capture=on(0.01s) onAir=off
[timecode] 18:13:29:09 capture=on(0.02s) onAir=off
[timecode] 18:13:30:10 capture=on(0.03s) onAir=off
[timecode] 18:13:31:10 capture=on(0.00s) onAir=off
[timecode] 18:13:32:10 capture=on(0.01s) onAir=off
[timecode] 18:13:33:10 capture=on(0.01s) onAir=off
[timecode] 18:13:34:10 capture=on(0.03s) onAir=off
[timecode] 18:13:35:11 capture=on(0.00s) onAir=off
[timecode] 18:13:36:11 capture=on(0.00s) onAir=off
[timecode] 18:13:37:11 capture=on(0.00s) onAir=off
[timecode] 18:13:38:11 capture=on(0.00s) onAir=off
[timecode] 18:13:39:11 capture=on(0.01s) onAir=off
[timecode] 18:13:40:11 capture=on(0.01s) onAir=off
[timecode] 18:13:41:11 capture=on(0.03s) onAir=off
[timecode] 18:13:42:12 capture=on(0.03s) onAir=off
[timecode] 18:13:43:12 capture=on(0.00s) onAir=off
[timecode] 18:13:44:12 capture=on(0.00s) onAir=off
[timecode] 18:13:45:12 capture=on(0.00s) onAir=off
[timecode] 18:13:46:12 capture=on(0.00s) onAir=off
[timecode] 18:13:47:12 capture=on(0.00s) onAir=off
[timecode] 18:13:48:12 capture=on(0.01s) onAir=off
[timecode] 18:13:49:12 capture=on(0.01s) onAir=off
[timecode] 18:13:50:12 capture=on(0.01s) onAir=off
[timecode] 18:13:51:12 capture=on(0.02s) onAir=off
[timecode] 18:13:52:12 capture=on(0.03s) onAir=off
[timecode] 18:13:53:13 capture=on(0.00s) onAir=off
[timecode] 18:13:54:13 capture=on(0.00s) onAir=off
[timecode] 18:13:55:13 capture=on(0.00s) onAir=off
[timecode] 18:13:56:13 capture=on(0.00s) onAir=off
[timecode] 18:13:57:13 capture=on(0.02s) onAir=off
[timecode] 18:13:58:13 capture=on(0.03s) onAir=off
[timecode] 18:13:59:14 capture=on(0.00s) onAir=off
[timecode] 18:14:00:14 capture=on(0.00s) onAir=off
[timecode] 18:14:01:14 capture=on(0.00s) onAir=off
[timecode] 18:14:02:14 capture=on(0.00s) onAir=off
[timecode] 18:14:03:14 capture=on(0.00s) onAir=off
[timecode] 18:14:04:14 capture=on(0.00s) onAir=off
[timecode] 18:14:05:14 capture=on(0.00s) onAir=off
[timecode] 18:14:06:14 capture=on(0.00s) onAir=off
[timecode] 18:14:07:14 capture=on(0.00s) onAir=off
[timecode] 18:14:08:14 capture=on(0.00s) onAir=off
[timecode] 18:14:09:14 capture=on(0.00s) onAir=off
[timecode] 18:14:10:14 capture=on(0.00s) onAir=off
[timecode] 18:14:11:14 capture=on(0.00s) onAir=off
[timecode] 18:14:12:14 capture=on(0.00s) onAir=off
[timecode] 18:14:13:14 capture=on(0.00s) onAir=off
[timecode] 18:14:14:14 capture=on(0.01s) onAir=off
[timecode] 18:14:15:14 capture=on(0.00s) onAir=off
[timecode] 18:14:16:14 capture=on(0.00s) onAir=off
[timecode] 18:14:17:14 capture=on(0.01s) onAir=off
[timecode] 18:14:18:14 capture=on(0.01s) onAir=off
[timecode] 18:14:19:14 capture=on(0.02s) onAir=off
[timecode] 18:14:20:14 capture=on(0.03s) onAir=off
[timecode] 18:14:21:15 capture=on(0.03s) onAir=off
[timecode] 18:14:22:15 capture=on(0.00s) onAir=off
[timecode] 18:14:23:15 capture=on(0.00s) onAir=off
[timecode] 18:14:24:15 capture=on(0.01s) onAir=off
[timecode] 18:14:25:15 capture=on(0.01s) onAir=off
[timecode] 18:14:26:15 capture=on(0.02s) onAir=off
[timecode] 18:14:27:16 capture=on(0.03s) onAir=off
[timecode] 18:14:28:16 capture=on(0.01s) onAir=off
[timecode] 18:14:29:16 capture=on(0.01s) onAir=off
[timecode] 18:14:30:16 capture=on(0.01s) onAir=off
[timecode] 18:14:31:16 capture=on(0.01s) onAir=off
[timecode] 18:14:32:16 capture=on(0.02s) onAir=off
[timecode] 18:14:33:17 capture=on(0.03s) onAir=off
[timecode] 18:14:34:17 capture=on(0.00s) onAir=off
[timecode] 18:14:35:17 capture=on(0.00s) onAir=off
[timecode] 18:14:36:17 capture=on(0.01s) onAir=off
[timecode] 18:14:37:17 capture=on(0.01s) onAir=off
[timecode] 18:14:38:17 capture=on(0.01s) onAir=off
[timecode] 18:14:39:17 capture=on(0.03s) onAir=off
[timecode] 18:14:40:17 capture=on(0.03s) onAir=off
[timecode] 18:14:41:18 capture=on(0.04s) onAir=off
[timecode] 18:14:42:18 capture=on(0.01s) onAir=off
[timecode] 18:14:43:18 capture=on(0.01s) onAir=off
[timecode] 18:14:44:18 capture=on(0.01s) onAir=off
[timecode] 18:14:45:18 capture=on(0.01s) onAir=off
[timecode] 18:14:46:18 capture=on(0.01s) onAir=off
[timecode] 18:14:47:18 capture=on(0.03s) onAir=off
[timecode] 18:14:48:19 capture=on(0.03s) onAir=off
[timecode] 18:14:49:19 capture=on(0.00s) onAir=off
[timecode] 18:14:50:19 capture=on(0.00s) onAir=off
[timecode] 18:14:51:19 capture=on(0.01s) onAir=off
[timecode] 18:14:52:19 capture=on(0.01s) onAir=off
[timecode] 18:14:53:20 capture=on(0.03s) onAir=off
[timecode] 18:14:54:20 capture=on(0.03s) onAir=off
[timecode] 18:14:55:20 capture=on(0.00s) onAir=off
[timecode] 18:14:56:20 capture=on(0.00s) onAir=off
[timecode] 18:14:57:20 capture=on(0.01s) onAir=off
[timecode] 18:14:58:20 capture=on(0.01s) onAir=off
[timecode] 18:14:59:20 capture=on(0.02s) onAir=off
[timecode] 18:15:00:20 capture=on(0.02s) onAir=off
[timecode] 18:15:01:20 capture=on(0.02s) onAir=off
[timecode] 18:15:02:21 capture=on(0.03s) onAir=off
[timecode] 18:15:03:21 capture=on(0.00s) onAir=off
[timecode] 18:15:04:21 capture=on(0.01s) onAir=off
[timecode] 18:15:05:21 capture=on(0.01s) onAir=off
[timecode] 18:15:06:21 capture=on(0.01s) onAir=off
[timecode] 18:15:07:22 capture=on(0.03s) onAir=off
[timecode] 18:15:08:22 capture=on(0.00s) onAir=off
[timecode] 18:15:09:22 capture=on(0.01s) onAir=off
[timecode] 18:15:10:22 capture=on(0.01s) onAir=off
[timecode] 18:15:11:22 capture=on(0.01s) onAir=off
[timecode] 18:15:12:22 capture=on(0.01s) onAir=off
[timecode] 18:15:13:22 capture=on(0.01s) onAir=off
[timecode] 18:15:14:23 capture=on(0.03s) onAir=off
[timecode] 18:15:15:23 capture=on(0.03s) onAir=off
[timecode] 18:15:16:23 capture=on(0.00s) onAir=off
[timecode] 18:15:17:23 capture=on(0.01s) onAir=off
[timecode] 18:15:18:23 capture=on(0.01s) onAir=off
[timecode] 18:15:19:23 capture=on(0.01s) onAir=off
[timecode] 18:15:20:23 capture=on(0.01s) onAir=off
[timecode] 18:15:21:24 capture=on(0.03s) onAir=off
[timecode] 18:15:22:24 capture=on(0.03s) onAir=off
[timecode] 18:15:23:24 capture=on(0.00s) onAir=off
[timecode] 18:15:24:24 capture=on(0.01s) onAir=off
[timecode] 18:15:25:24 capture=on(0.01s) onAir=off
[timecode] 18:15:26:24 capture=on(0.01s) onAir=off
[timecode] 18:15:27:24 capture=on(0.02s) onAir=off
[timecode] 18:15:29:00 capture=on(0.03s) onAir=off
[timecode] 18:15:30:00 capture=on(0.03s) onAir=off
[timecode] 18:15:31:00 capture=on(0.03s) onAir=off
[timecode] 18:15:32:00 capture=on(0.00s) onAir=off
[timecode] 18:15:33:00 capture=on(0.00s) onAir=off
[timecode] 18:15:34:00 capture=on(0.00s) onAir=off
[timecode] 18:15:35:00 capture=on(0.00s) onAir=off
[timecode] 18:15:36:00 capture=on(0.00s) onAir=off
[timecode] 18:15:37:00 capture=on(0.00s) onAir=off
[timecode] 18:15:38:00 capture=on(0.00s) onAir=off
[timecode] 18:15:39:00 capture=on(0.00s) onAir=off
[timecode] 18:15:40:00 capture=on(0.00s) onAir=off
[timecode] 18:15:41:00 capture=on(0.00s) onAir=off
[timecode] 18:15:42:00 capture=on(0.00s) onAir=off
[timecode] 18:15:43:00 capture=on(0.00s) onAir=off
[timecode] 18:15:44:00 capture=on(0.01s) onAir=off
[timecode] 18:15:45:00 capture=on(0.02s) onAir=off
[timecode] 18:15:46:01 capture=on(0.03s) onAir=off
[timecode] 18:15:47:01 capture=on(0.00s) onAir=off
[timecode] 18:15:48:01 capture=on(0.00s) onAir=off
[timecode] 18:15:49:01 capture=on(0.00s) onAir=off
[timecode] 18:15:50:01 capture=on(0.00s) onAir=off
[timecode] 18:15:51:01 capture=on(0.01s) onAir=off
[timecode] 18:15:52:01 capture=on(0.01s) onAir=off
[timecode] 18:15:53:01 capture=on(0.02s) onAir=off
[timecode] 18:15:54:02 capture=on(0.03s) onAir=off
[timecode] 18:15:55:02 capture=on(0.00s) onAir=off
[timecode] 18:15:56:02 capture=on(0.00s) onAir=off
[timecode] 18:15:57:02 capture=on(0.00s) onAir=off
[timecode] 18:15:58:02 capture=on(0.00s) onAir=off
[timecode] 18:15:59:02 capture=on(0.00s) onAir=off
[timecode] 18:16:00:02 capture=on(0.00s) onAir=off
[timecode] 18:16:01:02 capture=on(0.00s) onAir=off
[timecode] 18:16:02:02 capture=on(0.00s) onAir=off
[timecode] 18:16:03:02 capture=on(0.00s) onAir=off
[timecode] 18:16:04:02 capture=on(0.01s) onAir=off
[timecode] 18:16:05:02 capture=on(0.01s) onAir=off
[timecode] 18:16:06:02 capture=on(0.01s) onAir=off
[timecode] 18:16:07:02 capture=on(0.01s) onAir=off
[timecode] 18:16:08:02 capture=on(0.01s) onAir=off
[timecode] 18:16:09:02 capture=on(0.02s) onAir=off
[timecode] 18:16:10:02 capture=on(0.02s) onAir=off
[timecode] 18:16:11:03 capture=on(0.02s) onAir=off
[timecode] 18:16:12:03 capture=on(0.02s) onAir=off
[timecode] 18:16:13:03 capture=on(0.03s) onAir=off
[timecode] 18:16:14:03 capture=on(0.00s) onAir=off
[timecode] 18:16:15:03 capture=on(0.00s) onAir=off
[timecode] 18:16:16:03 capture=on(0.02s) onAir=off
[timecode] 18:16:17:04 capture=on(0.02s) onAir=off
[timecode] 18:16:18:04 capture=on(0.03s) onAir=off
[timecode] 18:16:19:04 capture=on(0.04s) onAir=off
[timecode] 18:16:20:04 capture=on(0.04s) onAir=off
[timecode] 18:16:21:04 capture=on(0.04s) onAir=off
[timecode] 18:16:22:04 capture=on(0.00s) onAir=off
[timecode] 18:16:23:04 capture=on(0.00s) onAir=off
[timecode] 18:16:24:04 capture=on(0.00s) onAir=off
[timecode] 18:16:25:04 capture=on(0.00s) onAir=off
[timecode] 18:16:26:04 capture=on(0.02s) onAir=off
[timecode] 18:16:27:05 capture=on(0.02s) onAir=off
[timecode] 18:16:28:05 capture=on(0.03s) onAir=off
[timecode] 18:16:29:05 capture=on(0.03s) onAir=off
[timecode] 18:16:30:05 capture=on(0.04s) onAir=off
[timecode] 18:16:31:05 capture=on(0.00s) onAir=off
[timecode] 18:16:32:05 capture=on(0.01s) onAir=off
[timecode] 18:16:33:05 capture=on(0.01s) onAir=off
[timecode] 18:16:34:05 capture=on(0.00s) onAir=off
[timecode] 18:16:35:05 capture=on(0.01s) onAir=off
[timecode] 18:16:36:05 capture=on(0.00s) onAir=off
[timecode] 18:16:37:05 capture=on(0.01s) onAir=off
[timecode] 18:16:38:05 capture=on(0.01s) onAir=off
[timecode] 18:16:39:06 capture=on(0.02s) onAir=off
[timecode] 18:16:40:06 capture=on(0.03s) onAir=off
[timecode] 18:16:41:06 capture=on(0.03s) onAir=off
[timecode] 18:16:42:06 capture=on(0.00s) onAir=off
[timecode] 18:16:43:06 capture=on(0.00s) onAir=off
[timecode] 18:16:44:06 capture=on(0.00s) onAir=off
[timecode] 18:16:45:06 capture=on(0.01s) onAir=off
[timecode] 18:16:46:06 capture=on(0.01s) onAir=off
[timecode] 18:16:47:06 capture=on(0.01s) onAir=off
[timecode] 18:16:48:06 capture=on(0.01s) onAir=off
[timecode] 18:16:49:06 capture=on(0.01s) onAir=off
[timecode] 18:16:50:06 capture=on(0.01s) onAir=off
[timecode] 18:16:51:07 capture=on(0.03s) onAir=off
[timecode] 18:16:52:07 capture=on(0.03s) onAir=off
[timecode] 18:16:53:07 capture=on(0.00s) onAir=off
[timecode] 18:16:54:07 capture=on(0.01s) onAir=off
[timecode] 18:16:55:07 capture=on(0.01s) onAir=off
[timecode] 18:16:56:08 capture=on(0.02s) onAir=off
[timecode] 18:16:57:08 capture=on(0.03s) onAir=off
[timecode] 18:16:58:08 capture=on(0.04s) onAir=off
[timecode] 18:16:59:08 capture=on(0.01s) onAir=off
[timecode] 18:17:00:08 capture=on(0.00s) onAir=off
[timecode] 18:17:01:09 capture=on(0.02s) onAir=off
[timecode] 18:17:02:09 capture=on(0.02s) onAir=off
[timecode] 18:17:03:09 capture=on(0.03s) onAir=off
[timecode] 18:17:04:09 capture=on(0.00s) onAir=off
[timecode] 18:17:05:09 capture=on(0.01s) onAir=off
[timecode] 18:17:06:09 capture=on(0.02s) onAir=off
[timecode] 18:17:07:10 capture=on(0.02s) onAir=off
[timecode] 18:17:08:10 capture=on(0.03s) onAir=off
[timecode] 18:17:09:10 capture=on(0.03s) onAir=off
[timecode] 18:17:10:10 capture=on(0.00s) onAir=off
[timecode] 18:17:11:10 capture=on(0.00s) onAir=off
[timecode] 18:17:12:10 capture=on(0.01s) onAir=off
[timecode] 18:17:13:10 capture=on(0.00s) onAir=off
[timecode] 18:17:14:10 capture=on(0.00s) onAir=off
[timecode] 18:17:15:10 capture=on(0.02s) onAir=off
[timecode] 18:17:16:11 capture=on(0.03s) onAir=off
[timecode] 18:17:17:11 capture=on(0.03s) onAir=off
[timecode] 18:17:18:11 capture=on(0.00s) onAir=off
[timecode] 18:17:19:11 capture=on(0.01s) onAir=off
[timecode] 18:17:20:11 capture=on(0.01s) onAir=off
[timecode] 18:17:21:11 capture=on(0.01s) onAir=off
[timecode] 18:17:22:11 capture=on(0.01s) onAir=off
[timecode] 18:17:23:12 capture=on(0.02s) onAir=off
[timecode] 18:17:24:12 capture=on(0.02s) onAir=off
[timecode] 18:17:25:12 capture=on(0.03s) onAir=off
[timecode] 18:17:26:12 capture=on(0.00s) onAir=off
[timecode] 18:17:27:12 capture=on(0.01s) onAir=off
[timecode] 18:17:28:12 capture=on(0.01s) onAir=off
[timecode] 18:17:29:12 capture=on(0.01s) onAir=off
[timecode] 18:17:30:13 capture=on(0.02s) onAir=off
[timecode] 18:17:31:13 capture=on(0.03s) onAir=off
[timecode] 18:17:32:13 capture=on(0.00s) onAir=off
[timecode] 18:17:33:13 capture=on(0.00s) onAir=off
[timecode] 18:17:34:13 capture=on(0.01s) onAir=off
[timecode] 18:17:35:13 capture=on(0.01s) onAir=off
[timecode] 18:17:36:13 capture=on(0.01s) onAir=off
[timecode] 18:17:37:14 capture=on(0.02s) onAir=off
[timecode] 18:17:38:14 capture=on(0.03s) onAir=off
[timecode] 18:17:39:14 capture=on(0.04s) onAir=off
[timecode] 18:17:40:14 capture=on(0.01s) onAir=off
[timecode] 18:17:41:14 capture=on(0.01s) onAir=off
[timecode] 18:17:42:14 capture=on(0.01s) onAir=off
[timecode] 18:17:43:14 capture=on(0.01s) onAir=off
[timecode] 18:17:44:14 capture=on(0.01s) onAir=off
[timecode] 18:17:45:14 capture=on(0.01s) onAir=off
[timecode] 18:17:46:15 capture=on(0.02s) onAir=off
[timecode] 18:17:47:15 capture=on(0.02s) onAir=off
[timecode] 18:17:48:15 capture=on(0.02s) onAir=off
[timecode] 18:17:49:15 capture=on(0.03s) onAir=off
[timecode] 18:17:50:15 capture=on(0.04s) onAir=off
[timecode] 18:17:51:15 capture=on(0.00s) onAir=off
[timecode] 18:17:52:15 capture=on(0.01s) onAir=off
[timecode] 18:17:53:15 capture=on(0.01s) onAir=off
[timecode] 18:17:54:15 capture=on(0.01s) onAir=off
[timecode] 18:17:55:15 capture=on(0.01s) onAir=off
[timecode] 18:17:56:15 capture=on(0.01s) onAir=off
[timecode] 18:17:57:15 capture=on(0.01s) onAir=off
[timecode] 18:17:58:15 capture=on(0.01s) onAir=off
[timecode] 18:17:59:15 capture=on(0.01s) onAir=off
[timecode] 18:18:00:15 capture=on(0.01s) onAir=off
[timecode] 18:18:01:15 capture=on(0.01s) onAir=off
[timecode] 18:18:02:15 capture=on(0.01s) onAir=off
[timecode] 18:18:03:16 capture=on(0.02s) onAir=off
[timecode] 18:18:04:16 capture=on(0.03s) onAir=off
[timecode] 18:18:05:16 capture=on(0.03s) onAir=off
[timecode] 18:18:06:16 capture=on(0.00s) onAir=off
[timecode] 18:18:07:16 capture=on(0.01s) onAir=off
[timecode] 18:18:08:16 capture=on(0.01s) onAir=off
[timecode] 18:18:09:16 capture=on(0.01s) onAir=off
[timecode] 18:18:10:17 capture=on(0.02s) onAir=off
[timecode] 18:18:11:17 capture=on(0.02s) onAir=off
[timecode] 18:18:12:17 capture=on(0.03s) onAir=off
[timecode] 18:18:13:17 capture=on(0.00s) onAir=off
[timecode] 18:18:14:17 capture=on(0.01s) onAir=off
[timecode] 18:18:15:17 capture=on(0.01s) onAir=off
[timecode] 18:18:16:17 capture=on(0.01s) onAir=off
[timecode] 18:18:17:17 capture=on(0.01s) onAir=off
[timecode] 18:18:18:17 capture=on(0.01s) onAir=off
[timecode] 18:18:19:17 capture=on(0.01s) onAir=off
[timecode] 18:18:20:18 capture=on(0.02s) onAir=off
[timecode] 18:18:21:18 capture=on(0.02s) onAir=off
[timecode] 18:18:22:18 capture=on(0.03s) onAir=off
[timecode] 18:18:23:18 capture=on(0.04s) onAir=off
[timecode] 18:18:24:18 capture=on(0.04s) onAir=off
[timecode] 18:18:25:18 capture=on(0.00s) onAir=off
[timecode] 18:18:26:18 capture=on(0.00s) onAir=off
[timecode] 18:18:27:18 capture=on(0.01s) onAir=off
[timecode] 18:18:28:18 capture=on(0.01s) onAir=off
[timecode] 18:18:29:18 capture=on(0.01s) onAir=off
[timecode] 18:18:30:18 capture=on(0.01s) onAir=off
[timecode] 18:18:31:18 capture=on(0.01s) onAir=off
[timecode] 18:18:32:18 capture=on(0.01s) onAir=off
[timecode] 18:18:33:18 capture=on(0.01s) onAir=off
[timecode] 18:18:34:18 capture=on(0.01s) onAir=off
[timecode] 18:18:35:19 capture=on(0.02s) onAir=off
[timecode] 18:18:36:19 capture=on(0.03s) onAir=off
[timecode] 18:18:37:19 capture=on(0.01s) onAir=off
[timecode] 18:18:38:19 capture=on(0.01s) onAir=off
[timecode] 18:18:39:19 capture=on(0.01s) onAir=off
[timecode] 18:18:40:19 capture=on(0.01s) onAir=off
[timecode] 18:18:41:20 capture=on(0.01s) onAir=off
[timecode] 18:18:42:20 capture=on(0.02s) onAir=off
[timecode] 18:18:43:20 capture=on(0.03s) onAir=off
[timecode] 18:18:44:20 capture=on(0.00s) onAir=off
[timecode] 18:18:45:20 capture=on(0.01s) onAir=off
[timecode] 18:18:46:20 capture=on(0.01s) onAir=off
[timecode] 18:18:47:20 capture=on(0.01s) onAir=off
[timecode] 18:18:48:21 capture=on(0.02s) onAir=off
[timecode] 18:18:49:21 capture=on(0.02s) onAir=off
[timecode] 18:18:50:21 capture=on(0.03s) onAir=off
[timecode] 18:18:51:21 capture=on(0.01s) onAir=off
[timecode] 18:18:52:21 capture=on(0.01s) onAir=off
[timecode] 18:18:53:21 capture=on(0.01s) onAir=off
[timecode] 18:18:54:21 capture=on(0.01s) onAir=off
[timecode] 18:18:55:21 capture=on(0.01s) onAir=off
[timecode] 18:18:56:21 capture=on(0.01s) onAir=off
[timecode] 18:18:57:21 capture=on(0.01s) onAir=off
[timecode] 18:18:58:21 capture=on(0.01s) onAir=off
[timecode] 18:18:59:21 capture=on(0.01s) onAir=off
[timecode] 18:19:00:21 capture=on(0.01s) onAir=off
[timecode] 18:19:01:21 capture=on(0.01s) onAir=off
[timecode] 18:19:02:21 capture=on(0.01s) onAir=off
[timecode] 18:19:03:21 capture=on(0.01s) onAir=off
[timecode] 18:19:04:21 capture=on(0.01s) onAir=off
[timecode] 18:19:05:22 capture=on(0.01s) onAir=off
[timecode] 18:19:06:22 capture=on(0.02s) onAir=off
[timecode] 18:19:07:22 capture=on(0.03s) onAir=off
[timecode] 18:19:08:22 capture=on(0.01s) onAir=off
[timecode] 18:19:09:22 capture=on(0.01s) onAir=off
[timecode] 18:19:10:22 capture=on(0.01s) onAir=off
[timecode] 18:19:11:22 capture=on(0.01s) onAir=off
[timecode] 18:19:12:22 capture=on(0.01s) onAir=off
[timecode] 18:19:13:22 capture=on(0.01s) onAir=off
[timecode] 18:19:14:22 capture=on(0.01s) onAir=off
[timecode] 18:19:15:22 capture=on(0.01s) onAir=off
[timecode] 18:19:16:22 capture=on(0.01s) onAir=off
[timecode] 18:19:17:23 capture=on(0.01s) onAir=off
[timecode] 18:19:18:23 capture=on(0.01s) onAir=off
[timecode] 18:19:19:23 capture=on(0.02s) onAir=off
[timecode] 18:19:20:23 capture=on(0.03s) onAir=off
[timecode] 18:19:21:23 capture=on(0.04s) onAir=off
[timecode] 18:19:22:23 capture=on(0.01s) onAir=off
[timecode] 18:19:23:23 capture=on(0.01s) onAir=off
[timecode] 18:19:24:24 capture=on(0.01s) onAir=off
[timecode] 18:19:25:24 capture=on(0.01s) onAir=off
[timecode] 18:19:26:24 capture=on(0.01s) onAir=off
[timecode] 18:19:27:24 capture=on(0.03s) onAir=off
[timecode] 18:19:28:24 capture=on(0.03s) onAir=off
[timecode] 18:19:29:24 capture=on(0.00s) onAir=off
[timecode] 18:19:30:24 capture=on(0.01s) onAir=off
[timecode] 18:19:31:24 capture=on(0.01s) onAir=off
[timecode] 18:19:33:00 capture=on(0.00s) onAir=off
[timecode] 18:19:34:00 capture=on(0.03s) onAir=off
[timecode] 18:19:35:00 capture=on(0.03s) onAir=off
[timecode] 18:19:36:00 capture=on(0.03s) onAir=off
[timecode] 18:19:37:00 capture=on(0.04s) onAir=off
[timecode] 18:19:38:00 capture=on(0.00s) onAir=off
[timecode] 18:19:39:00 capture=on(0.00s) onAir=off
[timecode] 18:19:40:00 capture=on(0.01s) onAir=off
[timecode] 18:19:41:00 capture=on(0.01s) onAir=off
[timecode] 18:19:42:00 capture=on(0.01s) onAir=off
[timecode] 18:19:43:00 capture=on(0.01s) onAir=off
[timecode] 18:19:44:01 capture=on(0.01s) onAir=off
[timecode] 18:19:45:01 capture=on(0.02s) onAir=off
[timecode] 18:19:46:01 capture=on(0.03s) onAir=off
[timecode] 18:19:47:01 capture=on(0.04s) onAir=off
[timecode] 18:19:48:01 capture=on(0.01s) onAir=off
[timecode] 18:19:49:01 capture=on(0.01s) onAir=off
[timecode] 18:19:50:01 capture=on(0.01s) onAir=off
[timecode] 18:19:51:01 capture=on(0.01s) onAir=off
[timecode] 18:19:52:02 capture=on(0.01s) onAir=off
[timecode] 18:19:53:02 capture=on(0.01s) onAir=off
[timecode] 18:19:54:02 capture=on(0.02s) onAir=off
[timecode] 18:19:55:02 capture=on(0.02s) onAir=off
[timecode] 18:19:56:02 capture=on(0.02s) onAir=off
[timecode] 18:19:57:02 capture=on(0.03s) onAir=off
[timecode] 18:19:58:02 capture=on(0.04s) onAir=off
[timecode] 18:19:59:03 capture=on(0.01s) onAir=off
[timecode] 18:20:00:03 capture=on(0.01s) onAir=off
[timecode] 18:20:01:03 capture=on(0.01s) onAir=off
[timecode] 18:20:02:03 capture=on(0.01s) onAir=off
[timecode] 18:20:03:03 capture=on(0.03s) onAir=off
[timecode] 18:20:04:03 capture=on(0.04s) onAir=off
[timecode] 18:20:05:04 capture=on(0.01s) onAir=off
[timecode] 18:20:06:04 capture=on(0.01s) onAir=off
[timecode] 18:20:07:04 capture=on(0.01s) onAir=off
[timecode] 18:20:08:04 capture=on(0.01s) onAir=off
[timecode] 18:20:09:04 capture=on(0.01s) onAir=off
[timecode] 18:20:10:04 capture=on(0.01s) onAir=off
[timecode] 18:20:11:04 capture=on(0.02s) onAir=off
[timecode] 18:20:12:04 capture=on(0.03s) onAir=off
[timecode] 18:20:13:04 capture=on(0.00s) onAir=off
[timecode] 18:20:14:05 capture=on(0.01s) onAir=off
[timecode] 18:20:15:05 capture=on(0.01s) onAir=off
[timecode] 18:20:16:05 capture=on(0.01s) onAir=off
[timecode] 18:20:17:05 capture=on(0.01s) onAir=off
[timecode] 18:20:18:05 capture=on(0.01s) onAir=off
[timecode] 18:20:19:05 capture=on(0.01s) onAir=off
[timecode] 18:20:20:05 capture=on(0.01s) onAir=off
[timecode] 18:20:21:05 capture=on(0.00s) onAir=off
[timecode] 18:20:22:05 capture=on(0.01s) onAir=off
[timecode] 18:20:23:05 capture=on(0.03s) onAir=off
[timecode] 18:20:24:05 capture=on(0.03s) onAir=off
[timecode] 18:20:25:05 capture=on(0.00s) onAir=off
[timecode] 18:20:26:05 capture=on(0.00s) onAir=off
[timecode] 18:20:27:06 capture=on(0.01s) onAir=off
[timecode] 18:20:28:06 capture=on(0.01s) onAir=off
[timecode] 18:20:29:06 capture=on(0.01s) onAir=off
[timecode] 18:20:30:06 capture=on(0.01s) onAir=off
[timecode] 18:20:31:06 capture=on(0.01s) onAir=off
[timecode] 18:20:32:06 capture=on(0.01s) onAir=off
[timecode] 18:20:33:06 capture=on(0.02s) onAir=off
[timecode] 18:20:34:06 capture=on(0.02s) onAir=off
[timecode] 18:20:35:06 capture=on(0.03s) onAir=off
[timecode] 18:20:36:06 capture=on(0.03s) onAir=off
[timecode] 18:20:37:06 capture=on(0.04s) onAir=off
[timecode] 18:20:38:07 capture=on(0.00s) onAir=off
[timecode] 18:20:39:07 capture=on(0.01s) onAir=off
[timecode] 18:20:40:07 capture=on(0.01s) onAir=off
[timecode] 18:20:41:07 capture=on(0.01s) onAir=off
[timecode] 18:20:42:07 capture=on(0.01s) onAir=off
[timecode] 18:20:43:07 capture=on(0.00s) onAir=off
[timecode] 18:20:44:07 capture=on(0.00s) onAir=off
[timecode] 18:20:45:07 capture=on(0.00s) onAir=off
[timecode] 18:20:46:07 capture=on(0.01s) onAir=off
[timecode] 18:20:47:07 capture=on(0.01s) onAir=off
[timecode] 18:20:48:07 capture=on(0.02s) onAir=off
[timecode] 18:20:49:07 capture=on(0.03s) onAir=off
[timecode] 18:20:50:07 capture=on(0.03s) onAir=off
[timecode] 18:20:51:07 capture=on(0.00s) onAir=off
[timecode] 18:20:52:08 capture=on(0.00s) onAir=off
[timecode] 18:20:53:08 capture=on(0.00s) onAir=off
[timecode] 18:20:54:08 capture=on(0.01s) onAir=off
[timecode] 18:20:55:08 capture=on(0.02s) onAir=off
[timecode] 18:20:56:08 capture=on(0.02s) onAir=off
[timecode] 18:20:57:08 capture=on(0.03s) onAir=off
[timecode] 18:20:58:08 capture=on(0.03s) onAir=off
[timecode] 18:20:59:08 capture=on(0.03s) onAir=off
[timecode] 18:21:00:08 capture=on(0.04s) onAir=off
[timecode] 18:21:01:08 capture=on(0.00s) onAir=off
[timecode] 18:21:02:09 capture=on(0.00s) onAir=off
[timecode] 18:21:03:09 capture=on(0.01s) onAir=off
[timecode] 18:21:04:09 capture=on(0.01s) onAir=off
[timecode] 18:21:05:09 capture=on(0.01s) onAir=off
[timecode] 18:21:06:09 capture=on(0.02s) onAir=off
[timecode] 18:21:07:09 capture=on(0.03s) onAir=off
[timecode] 18:21:08:09 capture=on(0.04s) onAir=off
[timecode] 18:21:09:10 capture=on(0.00s) onAir=off
[timecode] 18:21:10:10 capture=on(0.01s) onAir=off
[timecode] 18:21:11:10 capture=on(0.00s) onAir=off
[timecode] 18:21:12:10 capture=on(0.00s) onAir=off
[timecode] 18:21:13:10 capture=on(0.00s) onAir=off
[timecode] 18:21:14:10 capture=on(0.01s) onAir=off
[timecode] 18:21:15:10 capture=on(0.02s) onAir=off
[timecode] 18:21:16:10 capture=on(0.02s) onAir=off
[timecode] 18:21:17:10 capture=on(0.03s) onAir=off
[timecode] 18:21:18:10 capture=on(0.04s) onAir=off
[timecode] 18:21:19:11 capture=on(0.00s) onAir=off
[timecode] 18:21:20:11 capture=on(0.00s) onAir=off
[timecode] 18:21:21:11 capture=on(0.00s) onAir=off
[timecode] 18:21:22:11 capture=on(0.00s) onAir=off
[timecode] 18:21:23:11 capture=on(0.01s) onAir=off
[timecode] 18:21:24:11 capture=on(0.01s) onAir=off
[timecode] 18:21:25:11 capture=on(0.01s) onAir=off
[timecode] 18:21:26:11 capture=on(0.02s) onAir=off
[timecode] 18:21:27:11 capture=on(0.03s) onAir=off
[timecode] 18:21:28:11 capture=on(0.03s) onAir=off
[timecode] 18:21:29:11 capture=on(0.03s) onAir=off
[timecode] 18:21:30:11 capture=on(0.04s) onAir=off
[timecode] 18:21:31:12 capture=on(0.00s) onAir=off
[timecode] 18:21:32:12 capture=on(0.01s) onAir=off
[timecode] 18:21:33:12 capture=on(0.01s) onAir=off
[timecode] 18:21:34:12 capture=on(0.01s) onAir=off
[timecode] 18:21:35:12 capture=on(0.02s) onAir=off
[timecode] 18:21:36:12 capture=on(0.03s) onAir=off
[timecode] 18:21:37:12 capture=on(0.03s) onAir=off
[timecode] 18:21:38:12 capture=on(0.03s) onAir=off
[timecode] 18:21:39:12 capture=on(0.04s) onAir=off
[timecode] 18:21:40:13 capture=on(0.00s) onAir=off
[timecode] 18:21:41:13 capture=on(0.00s) onAir=off
[timecode] 18:21:42:13 capture=on(0.01s) onAir=off
[timecode] 18:21:43:13 capture=on(0.01s) onAir=off
[timecode] 18:21:44:13 capture=on(0.01s) onAir=off
[timecode] 18:21:45:13 capture=on(0.02s) onAir=off
[timecode] 18:21:46:13 capture=on(0.02s) onAir=off
[timecode] 18:21:47:13 capture=on(0.04s) onAir=off
[timecode] 18:21:48:14 capture=on(0.00s) onAir=off
[timecode] 18:21:49:14 capture=on(0.01s) onAir=off
[timecode] 18:21:50:14 capture=on(0.01s) onAir=off
[timecode] 18:21:51:14 capture=on(0.01s) onAir=off
[timecode] 18:21:52:14 capture=on(0.01s) onAir=off
[timecode] 18:21:53:14 capture=on(0.01s) onAir=off
[timecode] 18:21:54:14 capture=on(0.03s) onAir=off
[timecode] 18:21:55:14 capture=on(0.04s) onAir=off
[timecode] 18:21:56:14 capture=on(0.04s) onAir=off
[timecode] 18:21:57:15 capture=on(0.01s) onAir=off
[timecode] 18:21:58:15 capture=on(0.01s) onAir=off
[timecode] 18:21:59:15 capture=on(0.01s) onAir=off
[timecode] 18:22:00:15 capture=on(0.02s) onAir=off
[timecode] 18:22:01:15 capture=on(0.03s) onAir=off
[timecode] 18:22:02:16 capture=on(0.04s) onAir=off
[timecode] 18:22:03:16 capture=on(0.01s) onAir=off
[timecode] 18:22:04:16 capture=on(0.01s) onAir=off
[timecode] 18:22:05:16 capture=on(0.01s) onAir=off
[timecode] 18:22:06:16 capture=on(0.02s) onAir=off
[timecode] 18:22:07:16 capture=on(0.02s) onAir=off
[timecode] 18:22:08:16 capture=on(0.03s) onAir=off
[timecode] 18:22:09:16 capture=on(0.03s) onAir=off
[timecode] 18:22:10:16 capture=on(0.03s) onAir=off
[timecode] 18:22:11:17 capture=on(0.01s) onAir=off
[timecode] 18:22:12:17 capture=on(0.01s) onAir=off
[timecode] 18:22:13:17 capture=on(0.01s) onAir=off
[timecode] 18:22:14:17 capture=on(0.01s) onAir=off
[timecode] 18:22:15:17 capture=on(0.01s) onAir=off
[timecode] 18:22:16:17 capture=on(0.01s) onAir=off
[timecode] 18:22:17:17 capture=on(0.02s) onAir=off
[timecode] 18:22:18:17 capture=on(0.02s) onAir=off
[timecode] 18:22:19:17 capture=on(0.03s) onAir=off
[timecode] 18:22:20:18 capture=on(0.04s) onAir=off
[timecode] 18:22:21:18 capture=on(0.00s) onAir=off
[timecode] 18:22:22:18 capture=on(0.01s) onAir=off
[timecode] 18:22:23:18 capture=on(0.01s) onAir=off
[timecode] 18:22:24:18 capture=on(0.01s) onAir=off
[timecode] 18:22:25:18 capture=on(0.02s) onAir=off
[timecode] 18:22:26:18 capture=on(0.02s) onAir=off
[timecode] 18:22:27:18 capture=on(0.03s) onAir=off
[timecode] 18:22:28:19 capture=on(0.00s) onAir=off
[timecode] 18:22:29:19 capture=on(0.00s) onAir=off
[timecode] 18:22:30:19 capture=on(0.00s) onAir=off
[timecode] 18:22:31:19 capture=on(0.00s) onAir=off
[timecode] 18:22:32:19 capture=on(0.00s) onAir=off
[timecode] 18:22:33:19 capture=on(0.01s) onAir=off
[timecode] 18:22:34:19 capture=on(0.02s) onAir=off
[timecode] 18:22:35:19 capture=on(0.04s) onAir=off
[timecode] 18:22:36:20 capture=on(0.00s) onAir=off
[timecode] 18:22:37:20 capture=on(0.02s) onAir=off
[timecode] 18:22:38:20 capture=on(0.03s) onAir=off
[timecode] 18:22:39:20 capture=on(0.04s) onAir=off
[timecode] 18:22:40:21 capture=on(0.00s) onAir=off
[timecode] 18:22:41:21 capture=on(0.00s) onAir=off
[timecode] 18:22:42:21 capture=on(0.00s) onAir=off
[timecode] 18:22:43:21 capture=on(0.02s) onAir=off
[timecode] 18:22:44:21 capture=on(0.02s) onAir=off
[timecode] 18:22:45:21 capture=on(0.03s) onAir=off
[timecode] 18:22:46:22 capture=on(0.00s) onAir=off
[timecode] 18:22:47:22 capture=on(0.00s) onAir=off
[timecode] 18:22:48:22 capture=on(0.01s) onAir=off
[timecode] 18:22:49:22 capture=on(0.01s) onAir=off
[timecode] 18:22:50:22 capture=on(0.02s) onAir=off
[timecode] 18:22:51:22 capture=on(0.03s) onAir=off
[timecode] 18:22:52:23 capture=on(0.04s) onAir=off
[timecode] 18:22:53:23 capture=on(0.03s) onAir=off
[timecode] 18:22:54:23 capture=on(0.00s) onAir=off
[timecode] 18:22:55:23 capture=on(0.01s) onAir=off
[timecode] 18:22:56:23 capture=on(0.01s) onAir=off
[timecode] 18:22:57:23 capture=on(0.02s) onAir=off
[timecode] 18:22:58:23 capture=on(0.03s) onAir=off
[timecode] 18:22:59:24 capture=on(0.00s) onAir=off
[timecode] 18:23:00:24 capture=on(0.00s) onAir=off
[timecode] 18:23:01:24 capture=on(0.00s) onAir=off
[timecode] 18:23:02:24 capture=on(0.00s) onAir=off
[timecode] 18:23:03:24 capture=on(0.02s) onAir=off
[timecode] 18:23:04:24 capture=on(0.02s) onAir=off
[timecode] 18:23:05:24 capture=on(0.03s) onAir=off
[timecode] 18:23:07:00 capture=on(0.00s) onAir=off
[timecode] 18:23:08:00 capture=on(0.00s) onAir=off
[timecode] 18:23:09:00 capture=on(0.00s) onAir=off
[timecode] 18:23:10:00 capture=on(0.00s) onAir=off
[timecode] 18:23:11:00 capture=on(0.00s) onAir=off
[timecode] 18:23:12:00 capture=on(0.00s) onAir=off
[timecode] 18:23:13:00 capture=on(0.01s) onAir=off
[timecode] 18:23:14:00 capture=on(0.01s) onAir=off
[timecode] 18:23:15:00 capture=on(0.03s) onAir=off
[timecode] 18:23:16:01 capture=on(0.00s) onAir=off
[timecode] 18:23:17:01 capture=on(0.00s) onAir=off
[timecode] 18:23:18:01 capture=on(0.00s) onAir=off
[timecode] 18:23:19:01 capture=on(0.00s) onAir=off
[timecode] 18:23:20:01 capture=on(0.00s) onAir=off
[timecode] 18:23:21:01 capture=on(0.01s) onAir=off
[timecode] 18:23:22:01 capture=on(0.01s) onAir=off
[timecode] 18:23:23:01 capture=on(0.02s) onAir=off
[timecode] 18:23:24:01 capture=on(0.03s) onAir=off
[timecode] 18:23:25:02 capture=on(0.00s) onAir=off
[timecode] 18:23:26:02 capture=on(0.00s) onAir=off
[timecode] 18:23:27:02 capture=on(0.01s) onAir=off
[timecode] 18:23:28:02 capture=on(0.01s) onAir=off
[timecode] 18:23:29:02 capture=on(0.01s) onAir=off
[timecode] 18:23:30:02 capture=on(0.01s) onAir=off
[timecode] 18:23:31:02 capture=on(0.03s) onAir=off
[timecode] 18:23:32:02 capture=on(0.03s) onAir=off
[timecode] 18:23:33:03 capture=on(0.04s) onAir=off
[timecode] 18:23:34:03 capture=on(0.01s) onAir=off
[timecode] 18:23:35:03 capture=on(0.01s) onAir=off
[timecode] 18:23:36:03 capture=on(0.03s) onAir=off
[timecode] 18:23:37:03 capture=on(0.03s) onAir=off
[timecode] 18:23:38:04 capture=on(0.00s) onAir=off
[timecode] 18:23:39:04 capture=on(0.01s) onAir=off
[timecode] 18:23:40:04 capture=on(0.02s) onAir=off
[timecode] 18:23:41:05 capture=on(0.03s) onAir=off
[timecode] 18:23:42:05 capture=on(0.01s) onAir=off
[timecode] 18:23:43:05 capture=on(0.01s) onAir=off
[timecode] 18:23:44:05 capture=on(0.01s) onAir=off
[timecode] 18:23:45:05 capture=on(0.02s) onAir=off
[timecode] 18:23:46:05 capture=on(0.02s) onAir=off
[timecode] 18:23:47:06 capture=on(0.03s) onAir=off
[timecode] 18:23:48:06 capture=on(0.03s) onAir=off
[timecode] 18:23:49:06 capture=on(0.00s) onAir=off
[timecode] 18:23:50:06 capture=on(0.01s) onAir=off
[timecode] 18:23:51:06 capture=on(0.01s) onAir=off
[timecode] 18:23:52:06 capture=on(0.02s) onAir=off
[timecode] 18:23:53:06 capture=on(0.02s) onAir=off
[timecode] 18:23:54:07 capture=on(0.03s) onAir=off
[timecode] 18:23:55:07 capture=on(0.03s) onAir=off
[timecode] 18:23:56:07 capture=on(0.04s) onAir=off
[timecode] 18:23:57:07 capture=on(0.04s) onAir=off
[timecode] 18:23:58:07 capture=on(0.00s) onAir=off
[timecode] 18:23:59:07 capture=on(0.01s) onAir=off
[timecode] 18:24:00:07 capture=on(0.01s) onAir=off
[timecode] 18:24:01:07 capture=on(0.01s) onAir=off
[timecode] 18:24:02:07 capture=on(0.01s) onAir=off
[timecode] 18:24:03:07 capture=on(0.01s) onAir=off
[timecode] 18:24:04:07 capture=on(0.01s) onAir=off
[timecode] 18:24:05:07 capture=on(0.01s) onAir=off
[timecode] 18:24:06:07 capture=on(0.02s) onAir=off
[timecode] 18:24:07:08 capture=on(0.03s) onAir=off
[timecode] 18:24:08:08 capture=on(0.00s) onAir=off
[timecode] 18:24:09:08 capture=on(0.00s) onAir=off
[timecode] 18:24:10:08 capture=on(0.00s) onAir=off
[timecode] 18:24:11:08 capture=on(0.01s) onAir=off
[timecode] 18:24:12:08 capture=on(0.01s) onAir=off
[timecode] 18:24:13:08 capture=on(0.01s) onAir=off
[timecode] 18:24:14:08 capture=on(0.01s) onAir=off
[timecode] 18:24:15:08 capture=on(0.03s) onAir=off
[timecode] 18:24:16:09 capture=on(0.03s) onAir=off
[timecode] 18:24:17:09 capture=on(0.00s) onAir=off
[timecode] 18:24:18:09 capture=on(0.01s) onAir=off
[timecode] 18:24:19:09 capture=on(0.01s) onAir=off
[timecode] 18:24:20:09 capture=on(0.01s) onAir=off
[timecode] 18:24:21:09 capture=on(0.01s) onAir=off
[timecode] 18:24:22:09 capture=on(0.01s) onAir=off
[timecode] 18:24:23:09 capture=on(0.01s) onAir=off
[timecode] 18:24:24:09 capture=on(0.02s) onAir=off
[timecode] 18:24:25:09 capture=on(0.03s) onAir=off
[timecode] 18:24:26:09 capture=on(0.03s) onAir=off
[timecode] 18:24:27:10 capture=on(0.04s) onAir=off
[timecode] 18:24:28:10 capture=on(0.01s) onAir=off
[timecode] 18:24:29:10 capture=on(0.01s) onAir=off
[timecode] 18:24:30:10 capture=on(0.01s) onAir=off
[timecode] 18:24:31:10 capture=on(0.01s) onAir=off
[timecode] 18:24:32:10 capture=on(0.01s) onAir=off
[timecode] 18:24:33:10 capture=on(0.01s) onAir=off
[timecode] 18:24:34:10 capture=on(0.02s) onAir=off
[timecode] 18:24:35:10 capture=on(0.03s) onAir=off
[timecode] 18:24:36:11 capture=on(0.00s) onAir=off
[timecode] 18:24:37:11 capture=on(0.01s) onAir=off
[timecode] 18:24:38:11 capture=on(0.01s) onAir=off
[timecode] 18:24:39:11 capture=on(0.02s) onAir=off
[timecode] 18:24:40:11 capture=on(0.03s) onAir=off
[timecode] 18:24:41:12 capture=on(0.04s) onAir=off
[timecode] 18:24:42:12 capture=on(0.01s) onAir=off
[timecode] 18:24:43:12 capture=on(0.01s) onAir=off
[timecode] 18:24:44:12 capture=on(0.01s) onAir=off
[timecode] 18:24:45:12 capture=on(0.01s) onAir=off
[timecode] 18:24:46:12 capture=on(0.01s) onAir=off
[timecode] 18:24:47:12 capture=on(0.02s) onAir=off
[timecode] 18:24:48:13 capture=on(0.03s) onAir=off
[timecode] 18:24:49:13 capture=on(0.04s) onAir=off
[timecode] 18:24:50:13 capture=on(0.00s) onAir=off
[timecode] 18:24:51:13 capture=on(0.00s) onAir=off
[timecode] 18:24:52:13 capture=on(0.01s) onAir=off
[timecode] 18:24:53:13 capture=on(0.01s) onAir=off
[timecode] 18:24:54:13 capture=on(0.01s) onAir=off
[timecode] 18:24:55:13 capture=on(0.02s) onAir=off
[timecode] 18:24:56:13 capture=on(0.02s) onAir=off
[timecode] 18:24:57:14 capture=on(0.04s) onAir=off
[timecode] 18:24:58:14 capture=on(0.04s) onAir=off
[timecode] 18:24:59:14 capture=on(0.01s) onAir=off
[timecode] 18:25:00:14 capture=on(0.01s) onAir=off
[timecode] 18:25:01:14 capture=on(0.01s) onAir=off
[timecode] 18:25:02:14 capture=on(0.01s) onAir=off
[timecode] 18:25:03:14 capture=on(0.02s) onAir=off
[timecode] 18:25:04:14 capture=on(0.02s) onAir=off
[timecode] 18:25:05:15 capture=on(0.04s) onAir=off
[timecode] 18:25:06:15 capture=on(0.04s) onAir=off
[timecode] 18:25:07:15 capture=on(0.01s) onAir=off
[timecode] 18:25:08:15 capture=on(0.01s) onAir=off
[timecode] 18:25:09:15 capture=on(0.01s) onAir=off
[timecode] 18:25:10:15 capture=on(0.01s) onAir=off
[timecode] 18:25:11:15 capture=on(0.01s) onAir=off
[timecode] 18:25:12:15 capture=on(0.01s) onAir=off
[timecode] 18:25:13:15 capture=on(0.02s) onAir=off
[timecode] 18:25:14:15 capture=on(0.02s) onAir=off
[timecode] 18:25:15:16 capture=on(0.03s) onAir=off
[timecode] 18:25:16:16 capture=on(0.03s) onAir=off
[timecode] 18:25:17:16 capture=on(0.00s) onAir=off
[timecode] 18:25:18:16 capture=on(0.01s) onAir=off
[timecode] 18:25:19:16 capture=on(0.01s) onAir=off
[timecode] 18:25:20:16 capture=on(0.01s) onAir=off
[timecode] 18:25:21:16 capture=on(0.01s) onAir=off
[timecode] 18:25:22:16 capture=on(0.01s) onAir=off
[timecode] 18:25:23:16 capture=on(0.00s) onAir=off
[timecode] 18:25:24:16 capture=on(0.01s) onAir=off
[timecode] 18:25:25:16 capture=on(0.02s) onAir=off
[timecode] 18:25:26:16 capture=on(0.02s) onAir=off
[timecode] 18:25:27:17 capture=on(0.03s) onAir=off
[timecode] 18:25:28:17 capture=on(0.00s) onAir=off
[timecode] 18:25:29:17 capture=on(0.01s) onAir=off
[timecode] 18:25:30:17 capture=on(0.01s) onAir=off
[timecode] 18:25:31:17 capture=on(0.02s) onAir=off
[timecode] 18:25:32:17 capture=on(0.02s) onAir=off
[timecode] 18:25:33:18 capture=on(0.03s) onAir=off
[timecode] 18:25:34:18 capture=on(0.04s) onAir=off
[timecode] 18:25:35:18 capture=on(0.01s) onAir=off
[timecode] 18:25:36:18 capture=on(0.01s) onAir=off
[timecode] 18:25:37:18 capture=on(0.01s) onAir=off
[timecode] 18:25:38:18 capture=on(0.01s) onAir=off
[timecode] 18:25:39:18 capture=on(0.01s) onAir=off
[timecode] 18:25:40:18 capture=on(0.02s) onAir=off
[timecode] 18:25:41:19 capture=on(0.03s) onAir=off
[timecode] 18:25:42:19 capture=on(0.00s) onAir=off
[timecode] 18:25:43:19 capture=on(0.01s) onAir=off
[timecode] 18:25:44:19 capture=on(0.01s) onAir=off
[timecode] 18:25:45:19 capture=on(0.01s) onAir=off
[timecode] 18:25:46:19 capture=on(0.02s) onAir=off
[timecode] 18:25:47:20 capture=on(0.03s) onAir=off
[timecode] 18:25:48:20 capture=on(0.03s) onAir=off
[timecode] 18:25:49:20 capture=on(0.01s) onAir=off
[timecode] 18:25:50:20 capture=on(0.01s) onAir=off
[timecode] 18:25:51:20 capture=on(0.01s) onAir=off
[timecode] 18:25:52:20 capture=on(0.01s) onAir=off
[timecode] 18:25:53:20 capture=on(0.01s) onAir=off
[timecode] 18:25:54:20 capture=on(0.01s) onAir=off
[timecode] 18:25:55:20 capture=on(0.01s) onAir=off
[timecode] 18:25:56:20 capture=on(0.02s) onAir=off
[timecode] 18:25:57:20 capture=on(0.02s) onAir=off
[timecode] 18:25:58:20 capture=on(0.02s) onAir=off
[timecode] 18:25:59:21 capture=on(0.03s) onAir=off
[timecode] 18:26:00:21 capture=on(0.04s) onAir=off
[timecode] 18:26:01:21 capture=on(0.00s) onAir=off
[timecode] 18:26:02:21 capture=on(0.01s) onAir=off
[timecode] 18:26:03:21 capture=on(0.01s) onAir=off
[timecode] 18:26:04:21 capture=on(0.01s) onAir=off
[timecode] 18:26:05:21 capture=on(0.02s) onAir=off
[timecode] 18:26:06:22 capture=on(0.02s) onAir=off
[timecode] 18:26:07:22 capture=on(0.03s) onAir=off
[timecode] 18:26:08:22 capture=on(0.03s) onAir=off
[timecode] 18:26:09:22 capture=on(0.03s) onAir=off
[timecode] 18:26:10:22 capture=on(0.00s) onAir=off
[timecode] 18:26:11:22 capture=on(0.01s) onAir=off
[timecode] 18:26:12:22 capture=on(0.01s) onAir=off
[timecode] 18:26:13:22 capture=on(0.01s) onAir=off
[timecode] 18:26:14:22 capture=on(0.01s) onAir=off
[timecode] 18:26:15:22 capture=on(0.00s) onAir=off
[timecode] 18:26:16:22 capture=on(0.02s) onAir=off
[timecode] 18:26:17:23 capture=on(0.02s) onAir=off
[timecode] 18:26:18:23 capture=on(0.02s) onAir=off
[timecode] 18:26:19:23 capture=on(0.03s) onAir=off
[timecode] 18:26:20:23 capture=on(0.03s) onAir=off
[timecode] 18:26:21:23 capture=on(0.00s) onAir=off
[timecode] 18:26:22:23 capture=on(0.00s) onAir=off
[timecode] 18:26:23:23 capture=on(0.01s) onAir=off
[timecode] 18:26:24:23 capture=on(0.01s) onAir=off
[timecode] 18:26:25:23 capture=on(0.01s) onAir=off
[timecode] 18:26:26:23 capture=on(0.00s) onAir=off
[timecode] 18:26:27:23 capture=on(0.00s) onAir=off
[timecode] 18:26:28:23 capture=on(0.00s) onAir=off
[timecode] 18:26:29:23 capture=on(0.00s) onAir=off
[timecode] 18:26:30:23 capture=on(0.00s) onAir=off
[timecode] 18:26:31:23 capture=on(0.01s) onAir=off
[timecode] 18:26:32:24 capture=on(0.02s) onAir=off
[timecode] 18:26:33:24 capture=on(0.03s) onAir=off
[timecode] 18:26:34:24 capture=on(0.03s) onAir=off
[timecode] 18:26:35:24 capture=on(0.00s) onAir=off
[timecode] 18:26:36:24 capture=on(0.00s) onAir=off
[timecode] 18:26:37:24 capture=on(0.00s) onAir=off
[timecode] 18:26:38:24 capture=on(0.00s) onAir=off
[timecode] 18:26:39:24 capture=on(0.00s) onAir=off
[timecode] 18:26:40:24 capture=on(0.00s) onAir=off
[timecode] 18:26:41:24 capture=on(0.00s) onAir=off
[timecode] 18:26:42:24 capture=on(0.01s) onAir=off
[timecode] 18:26:44:00 capture=on(0.02s) onAir=off
[timecode] 18:26:45:00 capture=on(0.03s) onAir=off
[timecode] 18:26:46:00 capture=on(0.03s) onAir=off
[timecode] 18:26:47:00 capture=on(0.00s) onAir=off
[timecode] 18:26:48:00 capture=on(0.01s) onAir=off
[timecode] 18:26:49:00 capture=on(0.01s) onAir=off
[timecode] 18:26:50:00 capture=on(0.02s) onAir=off
[timecode] 18:26:51:00 capture=on(0.02s) onAir=off
[timecode] 18:26:52:01 capture=on(0.02s) onAir=off
[timecode] 18:26:53:01 capture=on(0.03s) onAir=off
[timecode] 18:26:54:01 capture=on(0.03s) onAir=off
[timecode] 18:26:55:01 capture=on(0.00s) onAir=off
[timecode] 18:26:56:01 capture=on(0.00s) onAir=off
[timecode] 18:26:57:01 capture=on(0.00s) onAir=off
[timecode] 18:26:58:01 capture=on(0.01s) onAir=off
[timecode] 18:26:59:01 capture=on(0.02s) onAir=off
[timecode] 18:27:00:02 capture=on(0.02s) onAir=off
[timecode] 18:27:01:02 capture=on(0.00s) onAir=off
[timecode] 18:27:02:02 capture=on(0.00s) onAir=off
[timecode] 18:27:03:02 capture=on(0.00s) onAir=off
[timecode] 18:27:04:02 capture=on(0.00s) onAir=off
[timecode] 18:27:05:02 capture=on(0.00s) onAir=off
[timecode] 18:27:06:02 capture=on(0.00s) onAir=off
[timecode] 18:27:07:02 capture=on(0.00s) onAir=off
[timecode] 18:27:08:02 capture=on(0.00s) onAir=off
[timecode] 18:27:09:02 capture=on(0.00s) onAir=off
[timecode] 18:27:10:02 capture=on(0.00s) onAir=off
[timecode] 18:27:11:02 capture=on(0.01s) onAir=off
[timecode] 18:27:12:02 capture=on(0.01s) onAir=off
[timecode] 18:27:13:03 capture=on(0.03s) onAir=off
[timecode] 18:27:14:03 capture=on(0.00s) onAir=off
[timecode] 18:27:15:03 capture=on(0.00s) onAir=off
[timecode] 18:27:16:03 capture=on(0.01s) onAir=off
[timecode] 18:27:17:03 capture=on(0.01s) onAir=off
[timecode] 18:27:18:04 capture=on(0.02s) onAir=off
[timecode] 18:27:19:04 capture=on(0.02s) onAir=off
[timecode] 18:27:20:04 capture=on(0.03s) onAir=off
[timecode] 18:27:21:04 capture=on(0.03s) onAir=off
[timecode] 18:27:22:04 capture=on(0.00s) onAir=off
[timecode] 18:27:23:04 capture=on(0.00s) onAir=off
[timecode] 18:27:24:04 capture=on(0.01s) onAir=off
[timecode] 18:27:25:05 capture=on(0.02s) onAir=off
[timecode] 18:27:26:05 capture=on(0.03s) onAir=off
[timecode] 18:27:27:05 capture=on(0.04s) onAir=off
[timecode] 18:27:28:05 capture=on(0.00s) onAir=off
[timecode] 18:27:29:05 capture=on(0.00s) onAir=off
[timecode] 18:27:30:05 capture=on(0.00s) onAir=off
[timecode] 18:27:31:05 capture=on(0.00s) onAir=off
[timecode] 18:27:32:05 capture=on(0.00s) onAir=off
[timecode] 18:27:33:05 capture=on(0.00s) onAir=off
[timecode] 18:27:34:05 capture=on(0.00s) onAir=off
[timecode] 18:27:35:05 capture=on(0.00s) onAir=off
[timecode] 18:27:36:05 capture=on(0.00s) onAir=off
[timecode] 18:27:37:05 capture=on(0.00s) onAir=off
[timecode] 18:27:38:05 capture=on(0.00s) onAir=off
[timecode] 18:27:39:05 capture=on(0.00s) onAir=off
[timecode] 18:27:40:05 capture=on(0.00s) onAir=off
[timecode] 18:27:41:05 capture=on(0.00s) onAir=off
[timecode] 18:27:42:05 capture=on(0.00s) onAir=off
[timecode] 18:27:43:05 capture=on(0.00s) onAir=off
[timecode] 18:27:44:05 capture=on(0.01s) onAir=off
[timecode] 18:27:45:05 capture=on(0.01s) onAir=off
[timecode] 18:27:46:06 capture=on(0.02s) onAir=off
[timecode] 18:27:47:06 capture=on(0.03s) onAir=off
[timecode] 18:27:48:06 capture=on(0.00s) onAir=off
[timecode] 18:27:49:06 capture=on(0.01s) onAir=off
[timecode] 18:27:50:06 capture=on(0.01s) onAir=off
[timecode] 18:27:51:07 capture=on(0.02s) onAir=off
[timecode] 18:27:52:07 capture=on(0.02s) onAir=off
[timecode] 18:27:53:07 capture=on(0.03s) onAir=off
[timecode] 18:27:54:07 capture=on(0.00s) onAir=off
[timecode] 18:27:55:07 capture=on(0.00s) onAir=off
[timecode] 18:27:56:07 capture=on(0.00s) onAir=off
[timecode] 18:27:57:07 capture=on(0.00s) onAir=off
[timecode] 18:27:58:07 capture=on(0.00s) onAir=off
[timecode] 18:27:59:07 capture=on(0.00s) onAir=off
[timecode] 18:28:00:07 capture=on(0.00s) onAir=off
[timecode] 18:28:01:07 capture=on(0.01s) onAir=off
[timecode] 18:28:02:08 capture=on(0.02s) onAir=off
[timecode] 18:28:03:08 capture=on(0.03s) onAir=off
[timecode] 18:28:04:08 capture=on(0.00s) onAir=off
[timecode] 18:28:05:08 capture=on(0.00s) onAir=off
[timecode] 18:28:06:08 capture=on(0.00s) onAir=off
[timecode] 18:28:07:08 capture=on(0.00s) onAir=off
[timecode] 18:28:08:08 capture=on(0.00s) onAir=off
[timecode] 18:28:09:08 capture=on(0.00s) onAir=off
[timecode] 18:28:10:08 capture=on(0.01s) onAir=off
[timecode] 18:28:11:08 capture=on(0.01s) onAir=off
[timecode] 18:28:12:09 capture=on(0.02s) onAir=off
[timecode] 18:28:13:09 capture=on(0.02s) onAir=off
[timecode] 18:28:14:09 capture=on(0.03s) onAir=off
[timecode] 18:28:15:09 capture=on(0.00s) onAir=off
[timecode] 18:28:16:09 capture=on(0.00s) onAir=off
[timecode] 18:28:17:09 capture=on(0.00s) onAir=off
[timecode] 18:28:18:09 capture=on(0.00s) onAir=off
[timecode] 18:28:19:10 capture=on(0.02s) onAir=off
[timecode] 18:28:20:10 capture=on(0.02s) onAir=off
[timecode] 18:28:21:10 capture=on(0.02s) onAir=off
[timecode] 18:28:22:10 capture=on(0.03s) onAir=off
[timecode] 18:28:23:10 capture=on(0.04s) onAir=off
[timecode] 18:28:24:10 capture=on(0.04s) onAir=off
[timecode] 18:28:25:10 capture=on(0.00s) onAir=off
[timecode] 18:28:26:10 capture=on(0.00s) onAir=off
[timecode] 18:28:27:10 capture=on(0.01s) onAir=off
[timecode] 18:28:28:11 capture=on(0.02s) onAir=off
[timecode] 18:28:29:11 capture=on(0.02s) onAir=off
[timecode] 18:28:30:11 capture=on(0.02s) onAir=off
[timecode] 18:28:31:11 capture=on(0.02s) onAir=off
[timecode] 18:28:32:11 capture=on(0.03s) onAir=off
[timecode] 18:28:33:11 capture=on(0.03s) onAir=off
[timecode] 18:28:34:11 capture=on(0.00s) onAir=off
[timecode] 18:28:35:11 capture=on(0.01s) onAir=off
[timecode] 18:28:36:11 capture=on(0.00s) onAir=off
[timecode] 18:28:37:12 capture=on(0.02s) onAir=off
[timecode] 18:28:38:12 capture=on(0.02s) onAir=off
[timecode] 18:28:39:12 capture=on(0.02s) onAir=off
[timecode] 18:28:40:12 capture=on(0.03s) onAir=off
[timecode] 18:28:41:12 capture=on(0.00s) onAir=off
[timecode] 18:28:42:12 capture=on(0.00s) onAir=off
[timecode] 18:28:43:12 capture=on(0.00s) onAir=off
[timecode] 18:28:44:12 capture=on(0.01s) onAir=off
[timecode] 18:28:45:13 capture=on(0.01s) onAir=off
[timecode] 18:28:46:13 capture=on(0.02s) onAir=off
[timecode] 18:28:47:13 capture=on(0.03s) onAir=off
[timecode] 18:28:48:13 capture=on(0.00s) onAir=off
[timecode] 18:28:49:13 capture=on(0.00s) onAir=off
[timecode] 18:28:50:13 capture=on(0.00s) onAir=off
[timecode] 18:28:51:13 capture=on(0.00s) onAir=off
[timecode] 18:28:52:13 capture=on(0.00s) onAir=off
[timecode] 18:28:53:13 capture=on(0.01s) onAir=off
[timecode] 18:28:54:14 capture=on(0.01s) onAir=off
[timecode] 18:28:55:14 capture=on(0.02s) onAir=off
[timecode] 18:28:56:14 capture=on(0.02s) onAir=off
[timecode] 18:28:57:14 capture=on(0.03s) onAir=off
[timecode] 18:28:58:14 capture=on(0.03s) onAir=off
[timecode] 18:28:59:14 capture=on(0.03s) onAir=off
[timecode] 18:29:00:14 capture=on(0.00s) onAir=off
[timecode] 18:29:01:14 capture=on(0.00s) onAir=off
[timecode] 18:29:02:14 capture=on(0.01s) onAir=off
[timecode] 18:29:03:14 capture=on(0.00s) onAir=off
[timecode] 18:29:04:14 capture=on(0.01s) onAir=off
[timecode] 18:29:05:14 capture=on(0.01s) onAir=off
[timecode] 18:29:06:15 capture=on(0.01s) onAir=off
[timecode] 18:29:07:15 capture=on(0.02s) onAir=off
[timecode] 18:29:08:15 capture=on(0.03s) onAir=off
[timecode] 18:29:09:15 capture=on(0.00s) onAir=off
[timecode] 18:29:10:15 capture=on(0.00s) onAir=off
[timecode] 18:29:11:15 capture=on(0.01s) onAir=off
[timecode] 18:29:12:15 capture=on(0.01s) onAir=off
[timecode] 18:29:13:16 capture=on(0.02s) onAir=off
[timecode] 18:29:14:16 capture=on(0.02s) onAir=off
[timecode] 18:29:15:16 capture=on(0.02s) onAir=off
[timecode] 18:29:16:16 capture=on(0.02s) onAir=off
[timecode] 18:29:17:16 capture=on(0.03s) onAir=off
[timecode] 18:29:18:16 capture=on(0.03s) onAir=off
[timecode] 18:29:19:16 capture=on(0.00s) onAir=off
[timecode] 18:29:20:16 capture=on(0.00s) onAir=off
[timecode] 18:29:21:16 capture=on(0.00s) onAir=off
[timecode] 18:29:22:16 capture=on(0.00s) onAir=off
[timecode] 18:29:23:17 capture=on(0.01s) onAir=off
[timecode] 18:29:24:17 capture=on(0.01s) onAir=off
[timecode] 18:29:25:17 capture=on(0.02s) onAir=off
[timecode] 18:29:26:17 capture=on(0.03s) onAir=off
[timecode] 18:29:27:17 capture=on(0.04s) onAir=off
[timecode] 18:29:28:17 capture=on(0.00s) onAir=off
[timecode] 18:29:29:17 capture=on(0.01s) onAir=off
[timecode] 18:29:30:18 capture=on(0.01s) onAir=off
[timecode] 18:29:31:18 capture=on(0.03s) onAir=off
[timecode] 18:29:32:18 capture=on(0.04s) onAir=off
[timecode] 18:29:33:18 capture=on(0.00s) onAir=off
[timecode] 18:29:34:18 capture=on(0.00s) onAir=off
[timecode] 18:29:35:18 capture=on(0.01s) onAir=off
[timecode] 18:29:36:18 capture=on(0.01s) onAir=off
[timecode] 18:29:37:18 capture=on(0.01s) onAir=off
[timecode] 18:29:38:18 capture=on(0.01s) onAir=off
[timecode] 18:29:39:18 capture=on(0.01s) onAir=off
[timecode] 18:29:40:18 capture=on(0.01s) onAir=off
[timecode] 18:29:41:18 capture=on(0.01s) onAir=off
[timecode] 18:29:42:18 capture=on(0.01s) onAir=off
[timecode] 18:29:43:18 capture=on(0.00s) onAir=off
[timecode] 18:29:44:18 capture=on(0.01s) onAir=off
[timecode] 18:29:45:19 capture=on(0.01s) onAir=off
[timecode] 18:29:46:19 capture=on(0.02s) onAir=off
[timecode] 18:29:47:19 capture=on(0.02s) onAir=off
[timecode] 18:29:48:19 capture=on(0.00s) onAir=off
[timecode] 18:29:49:19 capture=on(0.00s) onAir=off
[timecode] 18:29:50:19 capture=on(0.01s) onAir=off
[timecode] 18:29:51:20 capture=on(0.01s) onAir=off
[timecode] 18:29:52:20 capture=on(0.03s) onAir=off
[timecode] 18:29:53:20 capture=on(0.03s) onAir=off
[timecode] 18:29:54:20 capture=on(0.03s) onAir=off
[timecode] 18:29:55:20 capture=on(0.04s) onAir=off
[timecode] 18:29:56:20 capture=on(0.04s) onAir=off
[timecode] 18:29:57:20 capture=on(0.01s) onAir=off
[timecode] 18:29:58:20 capture=on(0.01s) onAir=off
[timecode] 18:29:59:20 capture=on(0.00s) onAir=off
[timecode] 18:30:00:20 capture=on(0.00s) onAir=off
[timecode] 18:30:01:20 capture=on(0.00s) onAir=off
[timecode] 18:30:02:20 capture=on(0.01s) onAir=off
[timecode] 18:30:03:20 capture=on(0.01s) onAir=off
[timecode] 18:30:04:21 capture=on(0.02s) onAir=off
[timecode] 18:30:05:21 capture=on(0.01s) onAir=off
[timecode] 18:30:06:21 capture=on(0.03s) onAir=off
[timecode] 18:30:07:21 capture=on(0.03s) onAir=off
[timecode] 18:30:08:21 capture=on(0.01s) onAir=off
[timecode] 18:30:09:21 capture=on(0.00s) onAir=off
[timecode] 18:30:10:21 capture=on(0.01s) onAir=off
[timecode] 18:30:11:21 capture=on(0.01s) onAir=off
[timecode] 18:30:12:22 capture=on(0.01s) onAir=off
[timecode] 18:30:13:21 capture=on(0.01s) onAir=off
[timecode] 18:30:14:22 capture=on(0.01s) onAir=off
[timecode] 18:30:15:22 capture=on(0.01s) onAir=off
[timecode] 18:30:16:22 capture=on(0.02s) onAir=off
[timecode] 18:30:17:22 capture=on(0.04s) onAir=off
[timecode] 18:30:18:22 capture=on(0.04s) onAir=off
[timecode] 18:30:19:22 capture=on(0.00s) onAir=off
[timecode] 18:30:20:23 capture=on(0.01s) onAir=off
[timecode] 18:30:21:23 capture=on(0.01s) onAir=off
[timecode] 18:30:22:23 capture=on(0.01s) onAir=off
[timecode] 18:30:23:23 capture=on(0.02s) onAir=off
[timecode] 18:30:24:23 capture=on(0.03s) onAir=off
[timecode] 18:30:25:23 capture=on(0.01s) onAir=off
[timecode] 18:30:26:24 capture=on(0.01s) onAir=off
[timecode] 18:30:27:24 capture=on(0.01s) onAir=off
[timecode] 18:30:28:24 capture=on(0.01s) onAir=off
[timecode] 18:30:29:24 capture=on(0.01s) onAir=off
[timecode] 18:30:30:24 capture=on(0.01s) onAir=off
[timecode] 18:30:31:24 capture=on(0.02s) onAir=off
[timecode] 18:30:32:24 capture=on(0.03s) onAir=off
[timecode] 18:30:33:24 capture=on(0.04s) onAir=off
[timecode] 18:30:35:00 capture=on(0.01s) onAir=off
[timecode] 18:30:36:00 capture=on(0.02s) onAir=off
[timecode] 18:30:37:00 capture=on(0.02s) onAir=off
[timecode] 18:30:38:00 capture=on(0.03s) onAir=off
[timecode] 18:30:39:00 capture=on(0.03s) onAir=off
[timecode] 18:30:40:00 capture=on(0.00s) onAir=off
[timecode] 18:30:41:01 capture=on(0.01s) onAir=off
[timecode] 18:30:42:01 capture=on(0.01s) onAir=off
[timecode] 18:30:43:01 capture=on(0.02s) onAir=off
[timecode] 18:30:44:01 capture=on(0.02s) onAir=off
[timecode] 18:30:45:01 capture=on(0.03s) onAir=off
[timecode] 18:30:46:01 capture=on(0.03s) onAir=off
[timecode] 18:30:47:01 capture=on(0.04s) onAir=off
[timecode] 18:30:48:02 capture=on(0.01s) onAir=off
[timecode] 18:30:49:02 capture=on(0.01s) onAir=off
[timecode] 18:30:50:02 capture=on(0.01s) onAir=off
[timecode] 18:30:51:02 capture=on(0.02s) onAir=off
[timecode] 18:30:52:02 capture=on(0.03s) onAir=off
[timecode] 18:30:53:02 capture=on(0.03s) onAir=off
[timecode] 18:30:54:03 capture=on(0.01s) onAir=off
[timecode] 18:30:55:03 capture=on(0.01s) onAir=off
[timecode] 18:30:56:03 capture=on(0.01s) onAir=off
[timecode] 18:30:57:03 capture=on(0.01s) onAir=off
[timecode] 18:30:58:03 capture=on(0.01s) onAir=off
[timecode] 18:30:59:03 capture=on(0.01s) onAir=off
[timecode] 18:31:00:03 capture=on(0.01s) onAir=off
[timecode] 18:31:01:03 capture=on(0.02s) onAir=off
[timecode] 18:31:02:03 capture=on(0.02s) onAir=off
[timecode] 18:31:03:03 capture=on(0.04s) onAir=off
[timecode] 18:31:04:04 capture=on(0.01s) onAir=off
[timecode] 18:31:05:04 capture=on(0.00s) onAir=off
[timecode] 18:31:06:04 capture=on(0.02s) onAir=off
[timecode] 18:31:07:04 capture=on(0.03s) onAir=off
[timecode] 18:31:08:04 capture=on(0.03s) onAir=off
[timecode] 18:31:09:05 capture=on(0.00s) onAir=off
[timecode] 18:31:10:05 capture=on(0.01s) onAir=off
[timecode] 18:31:11:05 capture=on(0.01s) onAir=off
[timecode] 18:31:12:05 capture=on(0.01s) onAir=off
[timecode] 18:31:13:05 capture=on(0.01s) onAir=off
[timecode] 18:31:14:05 capture=on(0.02s) onAir=off
[timecode] 18:31:15:05 capture=on(0.03s) onAir=off
[timecode] 18:31:16:05 capture=on(0.03s) onAir=off
[timecode] 18:31:17:05 capture=on(0.04s) onAir=off
[timecode] 18:31:18:05 capture=on(0.00s) onAir=off
[timecode] 18:31:19:05 capture=on(0.00s) onAir=off
[timecode] 18:31:20:06 capture=on(0.01s) onAir=off
[timecode] 18:31:21:06 capture=on(0.01s) onAir=off
[timecode] 18:31:22:06 capture=on(0.01s) onAir=off
[timecode] 18:31:23:06 capture=on(0.02s) onAir=off
[timecode] 18:31:24:06 capture=on(0.03s) onAir=off
[timecode] 18:31:25:06 capture=on(0.00s) onAir=off
[timecode] 18:31:26:07 capture=on(0.00s) onAir=off
[timecode] 18:31:27:07 capture=on(0.01s) onAir=off
[timecode] 18:31:28:07 capture=on(0.01s) onAir=off
[timecode] 18:31:29:07 capture=on(0.01s) onAir=off
[timecode] 18:31:30:07 capture=on(0.01s) onAir=off
[timecode] 18:31:31:07 capture=on(0.01s) onAir=off
[timecode] 18:31:32:07 capture=on(0.01s) onAir=off
[timecode] 18:31:33:07 capture=on(0.01s) onAir=off
[timecode] 18:31:34:07 capture=on(0.02s) onAir=off
[timecode] 18:31:35:07 capture=on(0.02s) onAir=off
[timecode] 18:31:36:07 capture=on(0.03s) onAir=off
[timecode] 18:31:37:07 capture=on(0.04s) onAir=off
[timecode] 18:31:38:08 capture=on(0.00s) onAir=off
[timecode] 18:31:39:08 capture=on(0.01s) onAir=off
[timecode] 18:31:40:08 capture=on(0.01s) onAir=off
[timecode] 18:31:41:08 capture=on(0.01s) onAir=off
[timecode] 18:31:42:08 capture=on(0.01s) onAir=off
[timecode] 18:31:43:08 capture=on(0.01s) onAir=off
[timecode] 18:31:44:08 capture=on(0.01s) onAir=off
[timecode] 18:31:45:08 capture=on(0.02s) onAir=off
[timecode] 18:31:46:08 capture=on(0.03s) onAir=off
[timecode] 18:31:47:09 capture=on(0.00s) onAir=off
[timecode] 18:31:48:09 capture=on(0.01s) onAir=off
[timecode] 18:31:49:09 capture=on(0.02s) onAir=off
[timecode] 18:31:50:09 capture=on(0.03s) onAir=off
[timecode] 18:31:51:09 capture=on(0.03s) onAir=off
[timecode] 18:31:52:09 capture=on(0.04s) onAir=off
[timecode] 18:31:53:09 capture=on(0.04s) onAir=off
[timecode] 18:31:54:10 capture=on(0.00s) onAir=off
[timecode] 18:31:55:10 capture=on(0.01s) onAir=off
[timecode] 18:31:56:10 capture=on(0.01s) onAir=off
[timecode] 18:31:57:10 capture=on(0.01s) onAir=off
[timecode] 18:31:58:10 capture=on(0.01s) onAir=off
[timecode] 18:31:59:10 capture=on(0.01s) onAir=off
[timecode] 18:32:00:10 capture=on(0.01s) onAir=off
[timecode] 18:32:01:10 capture=on(0.02s) onAir=off
[timecode] 18:32:02:10 capture=on(0.03s) onAir=off
[timecode] 18:32:03:10 capture=on(0.03s) onAir=off
[timecode] 18:32:04:10 capture=on(0.03s) onAir=off
[timecode] 18:32:05:11 capture=on(0.00s) onAir=off
[timecode] 18:32:06:11 capture=on(0.00s) onAir=off
[timecode] 18:32:07:11 capture=on(0.01s) onAir=off
[timecode] 18:32:08:11 capture=on(0.01s) onAir=off
[timecode] 18:32:09:11 capture=on(0.01s) onAir=off
[timecode] 18:32:10:11 capture=on(0.02s) onAir=off
[timecode] 18:32:11:11 capture=on(0.03s) onAir=off
[timecode] 18:32:12:11 capture=on(0.03s) onAir=off
[timecode] 18:32:13:11 capture=on(0.04s) onAir=off
[timecode] 18:32:14:12 capture=on(0.00s) onAir=off
[timecode] 18:32:15:12 capture=on(0.01s) onAir=off
[timecode] 18:32:16:12 capture=on(0.01s) onAir=off
[timecode] 18:32:17:12 capture=on(0.02s) onAir=off
[timecode] 18:32:18:12 capture=on(0.02s) onAir=off
[timecode] 18:32:19:12 capture=on(0.02s) onAir=off
[timecode] 18:32:20:12 capture=on(0.03s) onAir=off
[timecode] 18:32:21:13 capture=on(0.00s) onAir=off
[timecode] 18:32:22:13 capture=on(0.00s) onAir=off
[timecode] 18:32:23:13 capture=on(0.01s) onAir=off
[timecode] 18:32:24:13 capture=on(0.01s) onAir=off
[timecode] 18:32:25:13 capture=on(0.01s) onAir=off
[timecode] 18:32:26:13 capture=on(0.02s) onAir=off
[timecode] 18:32:27:13 capture=on(0.02s) onAir=off
[timecode] 18:32:28:13 capture=on(0.03s) onAir=off
[timecode] 18:32:29:13 capture=on(0.03s) onAir=off
[timecode] 18:32:30:14 capture=on(0.00s) onAir=off
[timecode] 18:32:31:14 capture=on(0.01s) onAir=off
[timecode] 18:32:32:14 capture=on(0.01s) onAir=off
[timecode] 18:32:33:14 capture=on(0.02s) onAir=off
[timecode] 18:32:34:14 capture=on(0.02s) onAir=off
[timecode] 18:32:35:14 capture=on(0.03s) onAir=off
[timecode] 18:32:36:14 capture=on(0.03s) onAir=off
[timecode] 18:32:37:14 capture=on(0.03s) onAir=off
[timecode] 18:32:38:15 capture=on(0.00s) onAir=off
[timecode] 18:32:39:15 capture=on(0.00s) onAir=off
[timecode] 18:32:40:15 capture=on(0.00s) onAir=off
[timecode] 18:32:41:15 capture=on(0.00s) onAir=off
[timecode] 18:32:42:15 capture=on(0.00s) onAir=off
[timecode] 18:32:43:15 capture=on(0.02s) onAir=off
[timecode] 18:32:44:15 capture=on(0.02s) onAir=off
[timecode] 18:32:45:15 capture=on(0.03s) onAir=off
[timecode] 18:32:46:16 capture=on(0.00s) onAir=off
[timecode] 18:32:47:16 capture=on(0.00s) onAir=off
[timecode] 18:32:48:16 capture=on(0.00s) onAir=off
[timecode] 18:32:49:16 capture=on(0.00s) onAir=off
[timecode] 18:32:50:16 capture=on(0.01s) onAir=off
[timecode] 18:32:51:16 capture=on(0.02s) onAir=off
[timecode] 18:32:52:16 capture=on(0.02s) onAir=off
[timecode] 18:32:53:16 capture=on(0.03s) onAir=off
[timecode] 18:32:54:16 capture=on(0.03s) onAir=off
[timecode] 18:32:55:16 capture=on(0.04s) onAir=off
[timecode] 18:32:56:17 capture=on(0.00s) onAir=off
[timecode] 18:32:57:17 capture=on(0.00s) onAir=off
[timecode] 18:32:58:17 capture=on(0.01s) onAir=off
[timecode] 18:32:59:17 capture=on(0.02s) onAir=off
[timecode] 18:33:00:17 capture=on(0.03s) onAir=off
[timecode] 18:33:01:18 capture=on(0.00s) onAir=off
[timecode] 18:33:02:18 capture=on(0.01s) onAir=off
[timecode] 18:33:03:18 capture=on(0.01s) onAir=off
[timecode] 18:33:04:18 capture=on(0.02s) onAir=off
[timecode] 18:33:05:18 capture=on(0.03s) onAir=off
[timecode] 18:33:06:19 capture=on(0.00s) onAir=off
[timecode] 18:33:07:19 capture=on(0.00s) onAir=off
[timecode] 18:33:08:19 capture=on(0.00s) onAir=off
[timecode] 18:33:09:19 capture=on(0.00s) onAir=off
[timecode] 18:33:10:19 capture=on(0.01s) onAir=off
[timecode] 18:33:11:19 capture=on(0.01s) onAir=off
[timecode] 18:33:12:19 capture=on(0.01s) onAir=off
[timecode] 18:33:13:19 capture=on(0.01s) onAir=off
[timecode] 18:33:14:19 capture=on(0.01s) onAir=off
[timecode] 18:33:15:19 capture=on(0.01s) onAir=off
[timecode] 18:33:16:19 capture=on(0.02s) onAir=off
[timecode] 18:33:17:19 capture=on(0.02s) onAir=off
[timecode] 18:33:18:19 capture=on(0.03s) onAir=off
[timecode] 18:33:19:20 capture=on(0.04s) onAir=off
[timecode] 18:33:20:20 capture=on(0.00s) onAir=off
[timecode] 18:33:21:20 capture=on(0.00s) onAir=off
[timecode] 18:33:22:20 capture=on(0.00s) onAir=off
[timecode] 18:33:23:20 capture=on(0.00s) onAir=off
[timecode] 18:33:24:20 capture=on(0.01s) onAir=off
[timecode] 18:33:25:20 capture=on(0.01s) onAir=off
[timecode] 18:33:26:20 capture=on(0.01s) onAir=off
[timecode] 18:33:27:20 capture=on(0.02s) onAir=off
[timecode] 18:33:28:20 capture=on(0.03s) onAir=off
[timecode] 18:33:29:21 capture=on(0.04s) onAir=off
[timecode] 18:33:30:21 capture=on(0.04s) onAir=off
[timecode] 18:33:31:21 capture=on(0.00s) onAir=off
[timecode] 18:33:32:21 capture=on(0.01s) onAir=off
[timecode] 18:33:33:21 capture=on(0.01s) onAir=off
[timecode] 18:33:34:21 capture=on(0.00s) onAir=off
[timecode] 18:33:35:21 capture=on(0.03s) onAir=off
[timecode] 18:33:36:21 capture=on(0.03s) onAir=off
[timecode] 18:33:37:22 capture=on(0.00s) onAir=off
[timecode] 18:33:38:22 capture=on(0.01s) onAir=off
[timecode] 18:33:39:22 capture=on(0.01s) onAir=off
[timecode] 18:33:40:22 capture=on(0.02s) onAir=off
[timecode] 18:33:41:22 capture=on(0.03s) onAir=off
[timecode] 18:33:42:23 capture=on(0.01s) onAir=off
[timecode] 18:33:43:23 capture=on(0.01s) onAir=off
[timecode] 18:33:44:23 capture=on(0.01s) onAir=off
[timecode] 18:33:45:23 capture=on(0.01s) onAir=off
[timecode] 18:33:46:23 capture=on(0.02s) onAir=off
[timecode] 18:33:47:23 capture=on(0.02s) onAir=off
[timecode] 18:33:48:24 capture=on(0.04s) onAir=off
[timecode] 18:33:49:24 capture=on(0.00s) onAir=off
[timecode] 18:33:50:24 capture=on(0.00s) onAir=off
[timecode] 18:33:51:24 capture=on(0.01s) onAir=off
[timecode] 18:33:52:24 capture=on(0.01s) onAir=off
[timecode] 18:33:53:24 capture=on(0.01s) onAir=off
[timecode] 18:33:54:24 capture=on(0.01s) onAir=off
[timecode] 18:33:55:24 capture=on(0.02s) onAir=off
[timecode] 18:33:56:24 capture=on(0.03s) onAir=off
[timecode] 18:33:58:00 capture=on(0.03s) onAir=off
[timecode] 18:33:59:00 capture=on(0.00s) onAir=off
[timecode] 18:34:00:00 capture=on(0.01s) onAir=off
[timecode] 18:34:01:00 capture=on(0.01s) onAir=off
[timecode] 18:34:02:00 capture=on(0.02s) onAir=off
[timecode] 18:34:03:01 capture=on(0.03s) onAir=off
[timecode] 18:34:04:01 capture=on(0.04s) onAir=off
[timecode] 18:34:05:01 capture=on(0.01s) onAir=off
[timecode] 18:34:06:01 capture=on(0.01s) onAir=off
[timecode] 18:34:07:01 capture=on(0.01s) onAir=off
[timecode] 18:34:08:01 capture=on(0.02s) onAir=off
[timecode] 18:34:09:01 capture=on(0.02s) onAir=off
[timecode] 18:34:10:02 capture=on(0.03s) onAir=off
[timecode] 18:34:11:02 capture=on(0.01s) onAir=off
[timecode] 18:34:12:02 capture=on(0.01s) onAir=off
[timecode] 18:34:13:02 capture=on(0.01s) onAir=off
[timecode] 18:34:14:02 capture=on(0.02s) onAir=off
[timecode] 18:34:15:02 capture=on(0.03s) onAir=off
[timecode] 18:34:16:02 capture=on(0.03s) onAir=off
[timecode] 18:34:17:03 capture=on(0.04s) onAir=off
[timecode] 18:34:18:03 capture=on(0.01s) onAir=off
[timecode] 18:34:19:03 capture=on(0.01s) onAir=off
[timecode] 18:34:20:03 capture=on(0.01s) onAir=off
[timecode] 18:34:21:03 capture=on(0.02s) onAir=off
[timecode] 18:34:22:04 capture=on(0.03s) onAir=off
[timecode] 18:34:23:04 capture=on(0.00s) onAir=off
[timecode] 18:34:24:04 capture=on(0.00s) onAir=off
[timecode] 18:34:25:04 capture=on(0.01s) onAir=off
[timecode] 18:34:26:04 capture=on(0.01s) onAir=off
[timecode] 18:34:27:04 capture=on(0.02s) onAir=off
[timecode] 18:34:28:05 capture=on(0.00s) onAir=off
[timecode] 18:34:29:05 capture=on(0.00s) onAir=off
[timecode] 18:34:30:05 capture=on(0.01s) onAir=off
[timecode] 18:34:31:05 capture=on(0.03s) onAir=off
[timecode] 18:34:32:06 capture=on(0.00s) onAir=off
[timecode] 18:34:33:06 capture=on(0.00s) onAir=off
[timecode] 18:34:34:06 capture=on(0.00s) onAir=off
[timecode] 18:34:35:06 capture=on(0.00s) onAir=off
[timecode] 18:34:36:06 capture=on(0.00s) onAir=off
[timecode] 18:34:37:06 capture=on(0.00s) onAir=off
[timecode] 18:34:38:06 capture=on(0.00s) onAir=off
[timecode] 18:34:39:06 capture=on(0.01s) onAir=off
[timecode] 18:34:40:06 capture=on(0.02s) onAir=off
[timecode] 18:34:41:06 capture=on(0.02s) onAir=off
[timecode] 18:34:42:06 capture=on(0.02s) onAir=off
[timecode] 18:34:43:06 capture=on(0.02s) onAir=off
[timecode] 18:34:44:07 capture=on(0.03s) onAir=off
[timecode] 18:34:45:07 capture=on(0.04s) onAir=off
[timecode] 18:34:46:07 capture=on(0.00s) onAir=off
[timecode] 18:34:47:07 capture=on(0.00s) onAir=off
[timecode] 18:34:48:07 capture=on(0.00s) onAir=off
[timecode] 18:34:49:07 capture=on(0.01s) onAir=off
[timecode] 18:34:50:07 capture=on(0.01s) onAir=off
[timecode] 18:34:51:07 capture=on(0.03s) onAir=off
[timecode] 18:34:52:08 capture=on(0.00s) onAir=off
[timecode] 18:34:53:08 capture=on(0.00s) onAir=off
[timecode] 18:34:54:08 capture=on(0.00s) onAir=off
[timecode] 18:34:55:08 capture=on(0.00s) onAir=off
[timecode] 18:34:56:08 capture=on(0.00s) onAir=off
[timecode] 18:34:57:08 capture=on(0.00s) onAir=off
[timecode] 18:34:58:08 capture=on(0.00s) onAir=off
[timecode] 18:34:59:08 capture=on(0.01s) onAir=off
[timecode] 18:35:00:08 capture=on(0.01s) onAir=off
[timecode] 18:35:01:08 capture=on(0.01s) onAir=off
[timecode] 18:35:02:09 capture=on(0.03s) onAir=off
[timecode] 18:35:03:09 capture=on(0.04s) onAir=off
[timecode] 18:35:04:09 capture=on(0.00s) onAir=off
[timecode] 18:35:05:09 capture=on(0.00s) onAir=off
[timecode] 18:35:06:09 capture=on(0.01s) onAir=off
[timecode] 18:35:07:09 capture=on(0.02s) onAir=off
[timecode] 18:35:08:09 capture=on(0.02s) onAir=off
[timecode] 18:35:09:09 capture=on(0.02s) onAir=off
[timecode] 18:35:10:09 capture=on(0.02s) onAir=off
[timecode] 18:35:11:10 capture=on(0.03s) onAir=off
[timecode] 18:35:12:10 capture=on(0.03s) onAir=off
[timecode] 18:35:13:10 capture=on(0.03s) onAir=off
[timecode] 18:35:14:10 capture=on(0.04s) onAir=off
[timecode] 18:35:15:10 capture=on(0.00s) onAir=off
[timecode] 18:35:16:10 capture=on(0.00s) onAir=off
[timecode] 18:35:17:10 capture=on(0.00s) onAir=off
[timecode] 18:35:18:10 capture=on(0.00s) onAir=off
[timecode] 18:35:19:10 capture=on(0.00s) onAir=off
[timecode] 18:35:20:10 capture=on(0.01s) onAir=off
[timecode] 18:35:21:10 capture=on(0.01s) onAir=off
[timecode] 18:35:22:10 capture=on(0.02s) onAir=off
[timecode] 18:35:23:10 capture=on(0.02s) onAir=off
[timecode] 18:35:24:10 capture=on(0.03s) onAir=off
[timecode] 18:35:25:11 capture=on(0.00s) onAir=off
[timecode] 18:35:26:11 capture=on(0.01s) onAir=off
[timecode] 18:35:27:11 capture=on(0.01s) onAir=off
[timecode] 18:35:28:11 capture=on(0.01s) onAir=off
[timecode] 18:35:29:11 capture=on(0.01s) onAir=off
[timecode] 18:35:30:11 capture=on(0.01s) onAir=off
[timecode] 18:35:31:11 capture=on(0.01s) onAir=off
[timecode] 18:35:32:11 capture=on(0.01s) onAir=off
[timecode] 18:35:33:11 capture=on(0.02s) onAir=off
[timecode] 18:35:34:12 capture=on(0.03s) onAir=off
[timecode] 18:35:35:12 capture=on(0.03s) onAir=off
[timecode] 18:35:36:12 capture=on(0.00s) onAir=off
[timecode] 18:35:37:12 capture=on(0.00s) onAir=off
[timecode] 18:35:38:12 capture=on(0.00s) onAir=off
[timecode] 18:35:39:12 capture=on(0.00s) onAir=off
[timecode] 18:35:40:12 capture=on(0.00s) onAir=off
[timecode] 18:35:41:12 capture=on(0.00s) onAir=off
[timecode] 18:35:42:12 capture=on(0.00s) onAir=off
[timecode] 18:35:43:12 capture=on(0.00s) onAir=off
[timecode] 18:35:44:12 capture=on(0.00s) onAir=off
[timecode] 18:35:45:12 capture=on(0.01s) onAir=off
[timecode] 18:35:46:12 capture=on(0.01s) onAir=off
[timecode] 18:35:47:12 capture=on(0.02s) onAir=off
[timecode] 18:35:48:13 capture=on(0.03s) onAir=off
[timecode] 18:35:49:13 capture=on(0.03s) onAir=off
[timecode] 18:35:50:13 capture=on(0.00s) onAir=off
[timecode] 18:35:51:13 capture=on(0.00s) onAir=off
[timecode] 18:35:52:13 capture=on(0.00s) onAir=off
[timecode] 18:35:53:13 capture=on(0.00s) onAir=off
[timecode] 18:35:54:13 capture=on(0.00s) onAir=off
[timecode] 18:35:55:13 capture=on(0.00s) onAir=off
[timecode] 18:35:56:13 capture=on(0.00s) onAir=off
[timecode] 18:35:57:13 capture=on(0.00s) onAir=off
[timecode] 18:35:58:13 capture=on(0.01s) onAir=off
[timecode] 18:35:59:13 capture=on(0.01s) onAir=off
[timecode] 18:36:00:13 capture=on(0.02s) onAir=off
[timecode] 18:36:01:13 capture=on(0.02s) onAir=off
[timecode] 18:36:02:13 capture=on(0.02s) onAir=off
[timecode] 18:36:03:14 capture=on(0.02s) onAir=off
[timecode] 18:36:04:14 capture=on(0.03s) onAir=off
[timecode] 18:36:05:14 capture=on(0.00s) onAir=off
[timecode] 18:36:06:14 capture=on(0.00s) onAir=off
[timecode] 18:36:07:14 capture=on(0.00s) onAir=off
[timecode] 18:36:08:14 capture=on(0.00s) onAir=off
[timecode] 18:36:09:14 capture=on(0.00s) onAir=off
[timecode] 18:36:10:14 capture=on(0.00s) onAir=off
[timecode] 18:36:11:14 capture=on(0.01s) onAir=off
[timecode] 18:36:12:14 capture=on(0.01s) onAir=off
[timecode] 18:36:13:14 capture=on(0.01s) onAir=off
[timecode] 18:36:14:14 capture=on(0.02s) onAir=off
[timecode] 18:36:15:15 capture=on(0.02s) onAir=off
[timecode] 18:36:16:15 capture=on(0.03s) onAir=off
[timecode] 18:36:17:15 capture=on(0.00s) onAir=off
[timecode] 18:36:18:15 capture=on(0.00s) onAir=off
[timecode] 18:36:19:15 capture=on(0.00s) onAir=off
[timecode] 18:36:20:15 capture=on(0.00s) onAir=off
[timecode] 18:36:21:15 capture=on(0.01s) onAir=off
[timecode] 18:36:22:15 capture=on(0.00s) onAir=off
[timecode] 18:36:23:15 capture=on(0.00s) onAir=off
[timecode] 18:36:24:15 capture=on(0.02s) onAir=off
[timecode] 18:36:25:16 capture=on(0.03s) onAir=off
[timecode] 18:36:26:16 capture=on(0.03s) onAir=off
[timecode] 18:36:27:16 capture=on(0.04s) onAir=off
[timecode] 18:36:28:16 capture=on(0.01s) onAir=off
[timecode] 18:36:29:16 capture=on(0.01s) onAir=off
[timecode] 18:36:30:16 capture=on(0.01s) onAir=off
[timecode] 18:36:31:16 capture=on(0.01s) onAir=off
[timecode] 18:36:32:16 capture=on(0.01s) onAir=off
[timecode] 18:36:33:16 capture=on(0.01s) onAir=off
[timecode] 18:36:34:17 capture=on(0.02s) onAir=off
[timecode] 18:36:35:17 capture=on(0.04s) onAir=off
[timecode] 18:36:36:17 capture=on(0.00s) onAir=off
[timecode] 18:36:37:17 capture=on(0.01s) onAir=off
[timecode] 18:36:38:17 capture=on(0.01s) onAir=off
[timecode] 18:36:39:17 capture=on(0.01s) onAir=off
[timecode] 18:36:40:17 capture=on(0.01s) onAir=off
[timecode] 18:36:41:17 capture=on(0.01s) onAir=off
[timecode] 18:36:42:17 capture=on(0.01s) onAir=off
[timecode] 18:36:43:17 capture=on(0.01s) onAir=off
[timecode] 18:36:44:18 capture=on(0.02s) onAir=off
[timecode] 18:36:45:18 capture=on(0.03s) onAir=off
[timecode] 18:36:46:18 capture=on(0.04s) onAir=off
[timecode] 18:36:47:18 capture=on(0.01s) onAir=off
[timecode] 18:36:48:18 capture=on(0.01s) onAir=off
[timecode] 18:36:49:18 capture=on(0.01s) onAir=off
[timecode] 18:36:50:18 capture=on(0.01s) onAir=off
[timecode] 18:36:51:18 capture=on(0.01s) onAir=off
[timecode] 18:36:52:18 capture=on(0.01s) onAir=off
[timecode] 18:36:53:18 capture=on(0.01s) onAir=off
[timecode] 18:36:54:18 capture=on(0.01s) onAir=off
[timecode] 18:36:55:18 capture=on(0.01s) onAir=off
[timecode] 18:36:56:18 capture=on(0.01s) onAir=off
[timecode] 18:36:57:18 capture=on(0.01s) onAir=off
[timecode] 18:36:58:18 capture=on(0.01s) onAir=off
[timecode] 18:36:59:18 capture=on(0.01s) onAir=off
[timecode] 18:37:00:18 capture=on(0.01s) onAir=off
[timecode] 18:37:01:18 capture=on(0.01s) onAir=off
[timecode] 18:37:02:18 capture=on(0.02s) onAir=off
[timecode] 18:37:03:19 capture=on(0.03s) onAir=off
[timecode] 18:37:04:19 capture=on(0.03s) onAir=off
[timecode] 18:37:05:19 capture=on(0.00s) onAir=off
[timecode] 18:37:06:19 capture=on(0.01s) onAir=off
[timecode] 18:37:07:19 capture=on(0.01s) onAir=off
[timecode] 18:37:08:19 capture=on(0.01s) onAir=off
[timecode] 18:37:09:19 capture=on(0.01s) onAir=off
[timecode] 18:37:10:19 capture=on(0.01s) onAir=off
[timecode] 18:37:11:19 capture=on(0.01s) onAir=off
[timecode] 18:37:12:20 capture=on(0.02s) onAir=off
[timecode] 18:37:13:20 capture=on(0.02s) onAir=off
[timecode] 18:37:14:20 capture=on(0.02s) onAir=off
[timecode] 18:37:15:20 capture=on(0.03s) onAir=off
[timecode] 18:37:16:20 capture=on(0.04s) onAir=off
[timecode] 18:37:17:20 capture=on(0.04s) onAir=off
[timecode] 18:37:18:20 capture=on(0.01s) onAir=off
[timecode] 18:37:19:20 capture=on(0.01s) onAir=off
[timecode] 18:37:20:20 capture=on(0.02s) onAir=off
[timecode] 18:37:21:21 capture=on(0.02s) onAir=off
[timecode] 18:37:22:21 capture=on(0.03s) onAir=off
[timecode] 18:37:23:21 capture=on(0.04s) onAir=off
[timecode] 18:37:24:21 capture=on(0.01s) onAir=off
[timecode] 18:37:25:21 capture=on(0.02s) onAir=off
[timecode] 18:37:26:22 capture=on(0.02s) onAir=off
[timecode] 18:37:27:22 capture=on(0.03s) onAir=off
[timecode] 18:37:28:22 capture=on(0.04s) onAir=off
[timecode] 18:37:29:22 capture=on(0.00s) onAir=off
[timecode] 18:37:30:22 capture=on(0.00s) onAir=off
[timecode] 18:37:31:22 capture=on(0.01s) onAir=off
[timecode] 18:37:32:22 capture=on(0.01s) onAir=off
[timecode] 18:37:33:22 capture=on(0.02s) onAir=off
[timecode] 18:37:34:23 capture=on(0.03s) onAir=off
[timecode] 18:37:35:23 capture=on(0.04s) onAir=off
[timecode] 18:37:36:23 capture=on(0.01s) onAir=off
[timecode] 18:37:37:23 capture=on(0.01s) onAir=off
[timecode] 18:37:38:23 capture=on(0.01s) onAir=off
[timecode] 18:37:39:23 capture=on(0.01s) onAir=off
[timecode] 18:37:40:23 capture=on(0.01s) onAir=off
[timecode] 18:37:41:23 capture=on(0.01s) onAir=off
[timecode] 18:37:42:24 capture=on(0.02s) onAir=off
[timecode] 18:37:43:24 capture=on(0.03s) onAir=off
[timecode] 18:37:44:24 capture=on(0.03s) onAir=off
[timecode] 18:37:45:24 capture=on(0.04s) onAir=off
[timecode] 18:37:46:24 capture=on(0.04s) onAir=off
[timecode] 18:37:47:24 capture=on(0.00s) onAir=off
[timecode] 18:37:48:24 capture=on(0.01s) onAir=off
[timecode] 18:37:49:24 capture=on(0.01s) onAir=off
[timecode] 18:37:50:24 capture=on(0.01s) onAir=off
[timecode] 18:37:52:00 capture=on(0.02s) onAir=off
[timecode] 18:37:53:00 capture=on(0.02s) onAir=off
[timecode] 18:37:54:00 capture=on(0.03s) onAir=off
[timecode] 18:37:55:00 capture=on(0.03s) onAir=off
[timecode] 18:37:56:00 capture=on(0.04s) onAir=off
[timecode] 18:37:57:00 capture=on(0.00s) onAir=off
[timecode] 18:37:58:00 capture=on(0.01s) onAir=off
[timecode] 18:37:59:00 capture=on(0.01s) onAir=off
[timecode] 18:38:00:00 capture=on(0.01s) onAir=off
[timecode] 18:38:01:00 capture=on(0.01s) onAir=off
[timecode] 18:38:02:00 capture=on(0.01s) onAir=off
[timecode] 18:38:03:00 capture=on(0.01s) onAir=off
[timecode] 18:38:04:01 capture=on(0.02s) onAir=off
[timecode] 18:38:05:01 capture=on(0.02s) onAir=off
[timecode] 18:38:06:01 capture=on(0.03s) onAir=off
[timecode] 18:38:07:01 capture=on(0.03s) onAir=off
[timecode] 18:38:08:01 capture=on(0.00s) onAir=off
[timecode] 18:38:09:01 capture=on(0.01s) onAir=off
[timecode] 18:38:10:01 capture=on(0.01s) onAir=off
[timecode] 18:38:11:01 capture=on(0.01s) onAir=off
[timecode] 18:38:12:01 capture=on(0.01s) onAir=off
[timecode] 18:38:13:01 capture=on(0.00s) onAir=off
[timecode] 18:38:14:01 capture=on(0.01s) onAir=off
[timecode] 18:38:15:01 capture=on(0.01s) onAir=off
[timecode] 18:38:16:01 capture=on(0.01s) onAir=off
[timecode] 18:38:17:01 capture=on(0.01s) onAir=off
[timecode] 18:38:18:01 capture=on(0.01s) onAir=off
[timecode] 18:38:19:02 capture=on(0.02s) onAir=off
[timecode] 18:38:20:02 capture=on(0.02s) onAir=off
[timecode] 18:38:21:02 capture=on(0.02s) onAir=off
[timecode] 18:38:22:02 capture=on(0.03s) onAir=off
[timecode] 18:38:23:02 capture=on(0.04s) onAir=off
[timecode] 18:38:24:02 capture=on(0.01s) onAir=off
[timecode] 18:38:25:02 capture=on(0.01s) onAir=off
[timecode] 18:38:26:02 capture=on(0.01s) onAir=off
[timecode] 18:38:27:02 capture=on(0.01s) onAir=off
[timecode] 18:38:28:02 capture=on(0.01s) onAir=off
[timecode] 18:38:29:03 capture=on(0.02s) onAir=off
[timecode] 18:38:30:03 capture=on(0.03s) onAir=off
[timecode] 18:38:31:03 capture=on(0.00s) onAir=off
[timecode] 18:38:32:03 capture=on(0.01s) onAir=off
[timecode] 18:38:33:04 capture=on(0.02s) onAir=off
[timecode] 18:38:34:04 capture=on(0.03s) onAir=off
[timecode] 18:38:35:04 capture=on(0.04s) onAir=off
[timecode] 18:38:36:04 capture=on(0.00s) onAir=off
[timecode] 18:38:37:04 capture=on(0.00s) onAir=off
[timecode] 18:38:38:04 capture=on(0.00s) onAir=off
[timecode] 18:38:39:04 capture=on(0.01s) onAir=off
[timecode] 18:38:40:04 capture=on(0.01s) onAir=off
[timecode] 18:38:41:04 capture=on(0.01s) onAir=off
[timecode] 18:38:42:04 capture=on(0.01s) onAir=off
[timecode] 18:38:43:04 capture=on(0.01s) onAir=off
[timecode] 18:38:44:05 capture=on(0.02s) onAir=off
[timecode] 18:38:45:05 capture=on(0.03s) onAir=off
[timecode] 18:38:46:05 capture=on(0.03s) onAir=off
[timecode] 18:38:47:05 capture=on(0.03s) onAir=off
[timecode] 18:38:48:05 capture=on(0.04s) onAir=off
[timecode] 18:38:49:05 capture=on(0.04s) onAir=off
[timecode] 18:38:50:05 capture=on(0.00s) onAir=off
[timecode] 18:38:51:05 capture=on(0.01s) onAir=off
[timecode] 18:38:52:06 capture=on(0.01s) onAir=off
[timecode] 18:38:53:06 capture=on(0.02s) onAir=off
[timecode] 18:38:54:06 capture=on(0.02s) onAir=off
[timecode] 18:38:55:06 capture=on(0.03s) onAir=off
[timecode] 18:38:56:06 capture=on(0.04s) onAir=off
[timecode] 18:38:57:06 capture=on(0.01s) onAir=off
[timecode] 18:38:58:06 capture=on(0.01s) onAir=off
[timecode] 18:38:59:07 capture=on(0.01s) onAir=off
[timecode] 18:39:00:07 capture=on(0.03s) onAir=off
[timecode] 18:39:01:07 capture=on(0.03s) onAir=off
[timecode] 18:39:02:07 capture=on(0.03s) onAir=off
[timecode] 18:39:03:07 capture=on(0.03s) onAir=off
[timecode] 18:39:04:07 capture=on(0.03s) onAir=off
[timecode] 18:39:05:07 capture=on(0.03s) onAir=off
[timecode] 18:39:06:07 capture=on(0.00s) onAir=off
[timecode] 18:39:07:07 capture=on(0.01s) onAir=off
[timecode] 18:39:08:07 capture=on(0.01s) onAir=off
[timecode] 18:39:09:08 capture=on(0.01s) onAir=off
[timecode] 18:39:10:08 capture=on(0.03s) onAir=off
[timecode] 18:39:11:08 capture=on(0.00s) onAir=off
[timecode] 18:39:12:08 capture=on(0.01s) onAir=off
[timecode] 18:39:13:08 capture=on(0.01s) onAir=off
[timecode] 18:39:14:08 capture=on(0.01s) onAir=off
[timecode] 18:39:15:08 capture=on(0.01s) onAir=off
[timecode] 18:39:16:08 capture=on(0.01s) onAir=off
[timecode] 18:39:17:09 capture=on(0.01s) onAir=off
[timecode] 18:39:18:09 capture=on(0.01s) onAir=off
[timecode] 18:39:19:09 capture=on(0.01s) onAir=off
[timecode] 18:39:20:09 capture=on(0.01s) onAir=off
[timecode] 18:39:21:09 capture=on(0.02s) onAir=off
[timecode] 18:39:22:09 capture=on(0.03s) onAir=off
[timecode] 18:39:23:09 capture=on(0.03s) onAir=off
[timecode] 18:39:24:09 capture=on(0.03s) onAir=off
[timecode] 18:39:25:09 capture=on(0.01s) onAir=off
[timecode] 18:39:26:09 capture=on(0.01s) onAir=off
[timecode] 18:39:27:09 capture=on(0.01s) onAir=off
[timecode] 18:39:28:09 capture=on(0.01s) onAir=off
[timecode] 18:39:29:10 capture=on(0.01s) onAir=off
[timecode] 18:39:30:10 capture=on(0.02s) onAir=off
[timecode] 18:39:31:10 capture=on(0.03s) onAir=off
[timecode] 18:39:32:10 capture=on(0.00s) onAir=off
[timecode] 18:39:33:10 capture=on(0.01s) onAir=off
[timecode] 18:39:34:10 capture=on(0.01s) onAir=off
[timecode] 18:39:35:10 capture=on(0.01s) onAir=off
[timecode] 18:39:36:11 capture=on(0.01s) onAir=off
[timecode] 18:39:37:11 capture=on(0.01s) onAir=off
[timecode] 18:39:38:11 capture=on(0.02s) onAir=off
[timecode] 18:39:39:11 capture=on(0.02s) onAir=off
[timecode] 18:39:40:11 capture=on(0.03s) onAir=off
[timecode] 18:39:41:11 capture=on(0.04s) onAir=off
[timecode] 18:39:42:11 capture=on(0.01s) onAir=off
[timecode] 18:39:43:12 capture=on(0.01s) onAir=off
[timecode] 18:39:44:12 capture=on(0.01s) onAir=off
[timecode] 18:39:45:12 capture=on(0.03s) onAir=off
[timecode] 18:39:46:12 capture=on(0.00s) onAir=off
[timecode] 18:39:47:12 capture=on(0.00s) onAir=off
[timecode] 18:39:48:12 capture=on(0.01s) onAir=off
[timecode] 18:39:49:12 capture=on(0.01s) onAir=off
[timecode] 18:39:50:12 capture=on(0.01s) onAir=off
[timecode] 18:39:51:13 capture=on(0.02s) onAir=off
[timecode] 18:39:52:13 capture=on(0.02s) onAir=off
[timecode] 18:39:53:13 capture=on(0.03s) onAir=off
[timecode] 18:39:54:13 capture=on(0.04s) onAir=off
[timecode] 18:39:55:13 capture=on(0.01s) onAir=off
[timecode] 18:39:56:13 capture=on(0.01s) onAir=off
[timecode] 18:39:57:13 capture=on(0.01s) onAir=off
[timecode] 18:39:58:13 capture=on(0.01s) onAir=off
[timecode] 18:39:59:13 capture=on(0.01s) onAir=off
[timecode] 18:40:00:14 capture=on(0.01s) onAir=off
[timecode] 18:40:01:14 capture=on(0.03s) onAir=off
[timecode] 18:40:02:14 capture=on(0.03s) onAir=off
[timecode] 18:40:03:14 capture=on(0.04s) onAir=off
[timecode] 18:40:04:14 capture=on(0.01s) onAir=off
[timecode] 18:40:05:14 capture=on(0.01s) onAir=off
[timecode] 18:40:06:14 capture=on(0.01s) onAir=off
[timecode] 18:40:07:15 capture=on(0.01s) onAir=off
[timecode] 18:40:08:15 capture=on(0.01s) onAir=off
[timecode] 18:40:09:15 capture=on(0.03s) onAir=off
[timecode] 18:40:10:15 capture=on(0.03s) onAir=off
[timecode] 18:40:11:15 capture=on(0.03s) onAir=off
[timecode] 18:40:12:15 capture=on(0.01s) onAir=off
[timecode] 18:40:13:15 capture=on(0.01s) onAir=off
[timecode] 18:40:14:16 capture=on(0.01s) onAir=off
[timecode] 18:40:15:16 capture=on(0.02s) onAir=off
[timecode] 18:40:16:16 capture=on(0.03s) onAir=off
[timecode] 18:40:17:16 capture=on(0.03s) onAir=off
[timecode] 18:40:18:16 capture=on(0.00s) onAir=off
[timecode] 18:40:19:16 capture=on(0.00s) onAir=off
[timecode] 18:40:20:16 capture=on(0.01s) onAir=off
[timecode] 18:40:21:17 capture=on(0.01s) onAir=off
[timecode] 18:40:22:17 capture=on(0.02s) onAir=off
[timecode] 18:40:23:17 capture=on(0.02s) onAir=off
[timecode] 18:40:24:17 capture=on(0.03s) onAir=off
[timecode] 18:40:25:17 capture=on(0.00s) onAir=off
[timecode] 18:40:26:17 capture=on(0.01s) onAir=off
[timecode] 18:40:27:18 capture=on(0.01s) onAir=off
[timecode] 18:40:28:18 capture=on(0.01s) onAir=off
[timecode] 18:40:29:18 capture=on(0.02s) onAir=off
[timecode] 18:40:30:18 capture=on(0.03s) onAir=off
[timecode] 18:40:31:18 capture=on(0.03s) onAir=off
[timecode] 18:40:32:18 capture=on(0.00s) onAir=off
[timecode] 18:40:33:18 capture=on(0.00s) onAir=off
[timecode] 18:40:34:18 capture=on(0.00s) onAir=off
[timecode] 18:40:35:18 capture=on(0.00s) onAir=off
[timecode] 18:40:36:18 capture=on(0.00s) onAir=off
[timecode] 18:40:37:18 capture=on(0.00s) onAir=off
[timecode] 18:40:38:18 capture=on(0.00s) onAir=off
[timecode] 18:40:39:18 capture=on(0.00s) onAir=off
[timecode] 18:40:40:18 capture=on(0.00s) onAir=off
[timecode] 18:40:41:18 capture=on(0.00s) onAir=off
[timecode] 18:40:42:18 capture=on(0.00s) onAir=off
[timecode] 18:40:43:19 capture=on(0.01s) onAir=off
[timecode] 18:40:44:19 capture=on(0.02s) onAir=off
[timecode] 18:40:45:19 capture=on(0.02s) onAir=off
[timecode] 18:40:46:19 capture=on(0.03s) onAir=off
[timecode] 18:40:47:19 capture=on(0.00s) onAir=off
[timecode] 18:40:48:19 capture=on(0.00s) onAir=off
[timecode] 18:40:49:19 capture=on(0.00s) onAir=off
[timecode] 18:40:50:19 capture=on(0.00s) onAir=off
[timecode] 18:40:51:20 capture=on(0.01s) onAir=off
[timecode] 18:40:52:20 capture=on(0.02s) onAir=off
[timecode] 18:40:53:20 capture=on(0.03s) onAir=off
[timecode] 18:40:54:20 capture=on(0.03s) onAir=off
[timecode] 18:40:55:20 capture=on(0.00s) onAir=off
[timecode] 18:40:56:20 capture=on(0.00s) onAir=off
[timecode] 18:40:57:20 capture=on(0.00s) onAir=off
[timecode] 18:40:58:20 capture=on(0.00s) onAir=off
[timecode] 18:40:59:20 capture=on(0.00s) onAir=off
[timecode] 18:41:00:20 capture=on(0.00s) onAir=off
[timecode] 18:41:01:20 capture=on(0.00s) onAir=off
[timecode] 18:41:02:21 capture=on(0.01s) onAir=off
[timecode] 18:41:03:21 capture=on(0.01s) onAir=off
[timecode] 18:41:04:21 capture=on(0.02s) onAir=off
[timecode] 18:41:05:21 capture=on(0.03s) onAir=off
[timecode] 18:41:06:21 capture=on(0.03s) onAir=off
[timecode] 18:41:07:21 capture=on(0.04s) onAir=off
[timecode] 18:41:08:22 capture=on(0.00s) onAir=off
[timecode] 18:41:09:22 capture=on(0.00s) onAir=off
[timecode] 18:41:10:22 capture=on(0.01s) onAir=off
[timecode] 18:41:11:22 capture=on(0.03s) onAir=off
[timecode] 18:41:12:22 capture=on(0.04s) onAir=off
[timecode] 18:41:13:22 capture=on(0.00s) onAir=off
[timecode] 18:41:14:23 capture=on(0.00s) onAir=off
[timecode] 18:41:15:23 capture=on(0.00s) onAir=off
[timecode] 18:41:16:23 capture=on(0.01s) onAir=off
[timecode] 18:41:17:23 capture=on(0.01s) onAir=off
[timecode] 18:41:18:23 capture=on(0.00s) onAir=off
[timecode] 18:41:19:23 capture=on(0.02s) onAir=off
[timecode] 18:41:20:23 capture=on(0.02s) onAir=off
[timecode] 18:41:21:23 capture=on(0.03s) onAir=off
[timecode] 18:41:22:23 capture=on(0.00s) onAir=off
[timecode] 18:41:23:24 capture=on(0.00s) onAir=off
[timecode] 18:41:24:24 capture=on(0.00s) onAir=off
[timecode] 18:41:25:24 capture=on(0.00s) onAir=off
[timecode] 18:41:26:24 capture=on(0.01s) onAir=off
[timecode] 18:41:27:24 capture=on(0.02s) onAir=off
[timecode] 18:41:28:24 capture=on(0.03s) onAir=off
[timecode] 18:41:29:24 capture=on(0.04s) onAir=off
[timecode] 18:41:31:00 capture=on(0.00s) onAir=off
[timecode] 18:41:32:00 capture=on(0.01s) onAir=off
[timecode] 18:41:33:00 capture=on(0.01s) onAir=off
[timecode] 18:41:34:00 capture=on(0.01s) onAir=off
[timecode] 18:41:35:00 capture=on(0.01s) onAir=off
[timecode] 18:41:36:00 capture=on(0.02s) onAir=off
[timecode] 18:41:37:00 capture=on(0.02s) onAir=off
[timecode] 18:41:38:00 capture=on(0.02s) onAir=off
[timecode] 18:41:39:00 capture=on(0.00s) onAir=off
[timecode] 18:41:40:01 capture=on(0.01s) onAir=off
[timecode] 18:41:41:01 capture=on(0.01s) onAir=off
[timecode] 18:41:42:01 capture=on(0.01s) onAir=off
[timecode] 18:41:43:01 capture=on(0.01s) onAir=off
[timecode] 18:41:44:01 capture=on(0.01s) onAir=off
[timecode] 18:41:45:01 capture=on(0.02s) onAir=off
[timecode] 18:41:46:01 capture=on(0.02s) onAir=off
[timecode] 18:41:47:01 capture=on(0.03s) onAir=off
[timecode] 18:41:48:01 capture=on(0.00s) onAir=off
[timecode] 18:41:49:02 capture=on(0.01s) onAir=off
[timecode] 18:41:50:02 capture=on(0.01s) onAir=off
[timecode] 18:41:51:02 capture=on(0.02s) onAir=off
[timecode] 18:41:52:02 capture=on(0.02s) onAir=off
[timecode] 18:41:53:02 capture=on(0.03s) onAir=off
[timecode] 18:41:54:02 capture=on(0.00s) onAir=off
[timecode] 18:41:55:03 capture=on(0.00s) onAir=off
[timecode] 18:41:56:03 capture=on(0.01s) onAir=off
[timecode] 18:41:57:03 capture=on(0.01s) onAir=off
[timecode] 18:41:58:03 capture=on(0.01s) onAir=off
[timecode] 18:41:59:03 capture=on(0.01s) onAir=off
[timecode] 18:42:00:03 capture=on(0.01s) onAir=off
[timecode] 18:42:01:03 capture=on(0.01s) onAir=off
[timecode] 18:42:02:03 capture=on(0.02s) onAir=off
[timecode] 18:42:03:03 capture=on(0.03s) onAir=off
[timecode] 18:42:04:03 capture=on(0.04s) onAir=off
[timecode] 18:42:05:04 capture=on(0.01s) onAir=off
[timecode] 18:42:06:04 capture=on(0.01s) onAir=off
[timecode] 18:42:07:04 capture=on(0.01s) onAir=off
[timecode] 18:42:08:04 capture=on(0.02s) onAir=off
[timecode] 18:42:09:04 capture=on(0.02s) onAir=off
[timecode] 18:42:10:04 capture=on(0.02s) onAir=off
[timecode] 18:42:11:04 capture=on(0.03s) onAir=off
[timecode] 18:42:12:04 capture=on(0.03s) onAir=off
[timecode] 18:42:13:04 capture=on(0.03s) onAir=off
[timecode] 18:42:14:04 capture=on(0.04s) onAir=off
[timecode] 18:42:15:05 capture=on(0.01s) onAir=off
[timecode] 18:42:16:05 capture=on(0.01s) onAir=off
[timecode] 18:42:17:05 capture=on(0.01s) onAir=off
[timecode] 18:42:18:05 capture=on(0.01s) onAir=off
[timecode] 18:42:19:05 capture=on(0.01s) onAir=off
[timecode] 18:42:20:05 capture=on(0.02s) onAir=off
[timecode] 18:42:21:05 capture=on(0.04s) onAir=off
[timecode] 18:42:22:06 capture=on(0.00s) onAir=off
[timecode] 18:42:23:06 capture=on(0.00s) onAir=off
[timecode] 18:42:24:06 capture=on(0.01s) onAir=off
[timecode] 18:42:25:06 capture=on(0.01s) onAir=off
[timecode] 18:42:26:06 capture=on(0.01s) onAir=off
[timecode] 18:42:27:06 capture=on(0.01s) onAir=off
[timecode] 18:42:28:06 capture=on(0.01s) onAir=off
[timecode] 18:42:29:06 capture=on(0.01s) onAir=off
[timecode] 18:42:30:06 capture=on(0.01s) onAir=off
[timecode] 18:42:31:06 capture=on(0.02s) onAir=off
[timecode] 18:42:32:06 capture=on(0.03s) onAir=off
[timecode] 18:42:33:06 capture=on(0.03s) onAir=off
[timecode] 18:42:34:07 capture=on(0.00s) onAir=off
[timecode] 18:42:35:07 capture=on(0.01s) onAir=off
[timecode] 18:42:36:07 capture=on(0.01s) onAir=off
[timecode] 18:42:37:07 capture=on(0.01s) onAir=off
[timecode] 18:42:38:07 capture=on(0.01s) onAir=off
[timecode] 18:42:39:07 capture=on(0.01s) onAir=off
[timecode] 18:42:40:07 capture=on(0.02s) onAir=off
[timecode] 18:42:41:07 capture=on(0.03s) onAir=off
[timecode] 18:42:42:08 capture=on(0.00s) onAir=off
[timecode] 18:42:43:08 capture=on(0.01s) onAir=off
[timecode] 18:42:44:08 capture=on(0.01s) onAir=off
[timecode] 18:42:45:08 capture=on(0.01s) onAir=off
[timecode] 18:42:46:08 capture=on(0.01s) onAir=off
[timecode] 18:42:47:08 capture=on(0.02s) onAir=off
[timecode] 18:42:48:08 capture=on(0.03s) onAir=off
[timecode] 18:42:49:08 capture=on(0.03s) onAir=off
[timecode] 18:42:50:08 capture=on(0.03s) onAir=off
[timecode] 18:42:51:09 capture=on(0.00s) onAir=off
[timecode] 18:42:52:09 capture=on(0.00s) onAir=off
[timecode] 18:42:53:09 capture=on(0.01s) onAir=off
[timecode] 18:42:54:09 capture=on(0.01s) onAir=off
[timecode] 18:42:55:09 capture=on(0.02s) onAir=off
[timecode] 18:42:56:09 capture=on(0.03s) onAir=off
[timecode] 18:42:57:09 capture=on(0.04s) onAir=off
[timecode] 18:42:58:10 capture=on(0.00s) onAir=off
[timecode] 18:42:59:10 capture=on(0.01s) onAir=off
[timecode] 18:43:00:10 capture=on(0.01s) onAir=off
[timecode] 18:43:01:10 capture=on(0.02s) onAir=off
[timecode] 18:43:02:10 capture=on(0.02s) onAir=off
[timecode] 18:43:03:10 capture=on(0.03s) onAir=off
[timecode] 18:43:04:11 capture=on(0.00s) onAir=off
[timecode] 18:43:05:11 capture=on(0.00s) onAir=off
[timecode] 18:43:06:11 capture=on(0.00s) onAir=off
[timecode] 18:43:07:11 capture=on(0.00s) onAir=off
[timecode] 18:43:08:11 capture=on(0.01s) onAir=off
[timecode] 18:43:09:11 capture=on(0.02s) onAir=off
[timecode] 18:43:10:11 capture=on(0.03s) onAir=off
[timecode] 18:43:11:12 capture=on(0.04s) onAir=off
[timecode] 18:43:12:12 capture=on(0.01s) onAir=off
[timecode] 18:43:13:12 capture=on(0.00s) onAir=off
[timecode] 18:43:14:12 capture=on(0.01s) onAir=off
[timecode] 18:43:15:12 capture=on(0.01s) onAir=off
[timecode] 18:43:16:12 capture=on(0.02s) onAir=off
[timecode] 18:43:17:12 capture=on(0.03s) onAir=off
[timecode] 18:43:18:13 capture=on(0.04s) onAir=off
[timecode] 18:43:19:13 capture=on(0.01s) onAir=off
[timecode] 18:43:20:13 capture=on(0.01s) onAir=off
[timecode] 18:43:21:13 capture=on(0.01s) onAir=off
[timecode] 18:43:22:13 capture=on(0.02s) onAir=off
[timecode] 18:43:23:13 capture=on(0.02s) onAir=off
[timecode] 18:43:24:13 capture=on(0.02s) onAir=off
[timecode] 18:43:25:13 capture=on(0.02s) onAir=off
[timecode] 18:43:26:13 capture=on(0.03s) onAir=off
[timecode] 18:43:27:14 capture=on(0.00s) onAir=off
[timecode] 18:43:28:14 capture=on(0.00s) onAir=off
[timecode] 18:43:29:14 capture=on(0.01s) onAir=off
[timecode] 18:43:30:14 capture=on(0.01s) onAir=off
[timecode] 18:43:31:14 capture=on(0.01s) onAir=off
[timecode] 18:43:32:14 capture=on(0.02s) onAir=off
[timecode] 18:43:33:14 capture=on(0.02s) onAir=off
[timecode] 18:43:34:14 capture=on(0.03s) onAir=off
[timecode] 18:43:35:15 capture=on(0.00s) onAir=off
[timecode] 18:43:36:15 capture=on(0.00s) onAir=off
[timecode] 18:43:37:15 capture=on(0.01s) onAir=off
[timecode] 18:43:38:15 capture=on(0.01s) onAir=off
[timecode] 18:43:39:15 capture=on(0.01s) onAir=off
[timecode] 18:43:40:15 capture=on(0.01s) onAir=off
[timecode] 18:43:41:15 capture=on(0.01s) onAir=off
[timecode] 18:43:42:15 capture=on(0.01s) onAir=off
[timecode] 18:43:43:15 capture=on(0.01s) onAir=off
[timecode] 18:43:44:15 capture=on(0.02s) onAir=off
[timecode] 18:43:45:15 capture=on(0.03s) onAir=off
[timecode] 18:43:46:16 capture=on(0.04s) onAir=off
[timecode] 18:43:47:16 capture=on(0.01s) onAir=off
[timecode] 18:43:48:16 capture=on(0.01s) onAir=off
[timecode] 18:43:49:16 capture=on(0.02s) onAir=off
[timecode] 18:43:50:16 capture=on(0.02s) onAir=off
[timecode] 18:43:51:16 capture=on(0.03s) onAir=off
[timecode] 18:43:52:17 capture=on(0.00s) onAir=off
[timecode] 18:43:53:17 capture=on(0.01s) onAir=off
[timecode] 18:43:54:17 capture=on(0.01s) onAir=off
[timecode] 18:43:55:17 capture=on(0.01s) onAir=off
[timecode] 18:43:56:17 capture=on(0.01s) onAir=off
[timecode] 18:43:57:17 capture=on(0.02s) onAir=off
[timecode] 18:43:58:17 capture=on(0.03s) onAir=off
[timecode] 18:43:59:17 capture=on(0.03s) onAir=off
[timecode] 18:44:00:17 capture=on(0.03s) onAir=off
[timecode] 18:44:01:17 capture=on(0.03s) onAir=off
[timecode] 18:44:02:18 capture=on(0.03s) onAir=off
[timecode] 18:44:03:18 capture=on(0.01s) onAir=off
[timecode] 18:44:04:18 capture=on(0.01s) onAir=off
[timecode] 18:44:05:18 capture=on(0.02s) onAir=off
[timecode] 18:44:06:18 capture=on(0.03s) onAir=off
[timecode] 18:44:07:19 capture=on(0.04s) onAir=off
[timecode] 18:44:08:19 capture=on(0.01s) onAir=off
[timecode] 18:44:09:19 capture=on(0.01s) onAir=off
[timecode] 18:44:10:19 capture=on(0.01s) onAir=off
[timecode] 18:44:11:19 capture=on(0.01s) onAir=off
[timecode] 18:44:12:19 capture=on(0.02s) onAir=off
[timecode] 18:44:13:19 capture=on(0.03s) onAir=off
[timecode] 18:44:14:20 capture=on(0.03s) onAir=off
[timecode] 18:44:15:20 capture=on(0.00s) onAir=off
[timecode] 18:44:16:20 capture=on(0.01s) onAir=off
[timecode] 18:44:17:20 capture=on(0.01s) onAir=off
[timecode] 18:44:18:20 capture=on(0.01s) onAir=off
[timecode] 18:44:19:20 capture=on(0.01s) onAir=off
[timecode] 18:44:20:20 capture=on(0.01s) onAir=off
[timecode] 18:44:21:20 capture=on(0.02s) onAir=off
[timecode] 18:44:22:20 capture=on(0.03s) onAir=off
[timecode] 18:44:23:21 capture=on(0.03s) onAir=off
[timecode] 18:44:24:21 capture=on(0.04s) onAir=off
[timecode] 18:44:25:21 capture=on(0.04s) onAir=off
[timecode] 18:44:26:21 capture=on(0.04s) onAir=off
[timecode] 18:44:27:21 capture=on(0.01s) onAir=off
[timecode] 18:44:28:21 capture=on(0.01s) onAir=off
[timecode] 18:44:29:21 capture=on(0.01s) onAir=off
[timecode] 18:44:30:21 capture=on(0.01s) onAir=off
[timecode] 18:44:31:21 capture=on(0.01s) onAir=off
[timecode] 18:44:32:21 capture=on(0.02s) onAir=off
[timecode] 18:44:33:21 capture=on(0.03s) onAir=off
[timecode] 18:44:34:21 capture=on(0.03s) onAir=off
[timecode] 18:44:35:22 capture=on(0.04s) onAir=off
[timecode] 18:44:36:22 capture=on(0.01s) onAir=off
[timecode] 18:44:37:22 capture=on(0.01s) onAir=off
[timecode] 18:44:38:22 capture=on(0.01s) onAir=off
[timecode] 18:44:39:22 capture=on(0.01s) onAir=off
[timecode] 18:44:40:22 capture=on(0.01s) onAir=off
[timecode] 18:44:41:22 capture=on(0.01s) onAir=off
[timecode] 18:44:42:22 capture=on(0.02s) onAir=off
[timecode] 18:44:43:23 capture=on(0.03s) onAir=off
[timecode] 18:44:44:23 capture=on(0.03s) onAir=off
[timecode] 18:44:45:23 capture=on(0.04s) onAir=off
[timecode] 18:44:46:23 capture=on(0.01s) onAir=off
[timecode] 18:44:47:23 capture=on(0.01s) onAir=off
[timecode] 18:44:48:23 capture=on(0.01s) onAir=off
[timecode] 18:44:49:23 capture=on(0.01s) onAir=off
[timecode] 18:44:50:23 capture=on(0.03s) onAir=off
[timecode] 18:44:51:24 capture=on(0.00s) onAir=off
[timecode] 18:44:52:24 capture=on(0.01s) onAir=off
[timecode] 18:44:53:24 capture=on(0.01s) onAir=off
[timecode] 18:44:54:24 capture=on(0.01s) onAir=off
[timecode] 18:44:55:24 capture=on(0.01s) onAir=off
[timecode] 18:44:56:24 capture=on(0.01s) onAir=off
[timecode] 18:44:57:24 capture=on(0.01s) onAir=off
[timecode] 18:44:58:24 capture=on(0.01s) onAir=off
[timecode] 18:44:59:24 capture=on(0.01s) onAir=off
[timecode] 18:45:00:24 capture=on(0.02s) onAir=off
[timecode] 18:45:01:24 capture=on(0.03s) onAir=off
[timecode] 18:45:03:00 capture=on(0.04s) onAir=off
[timecode] 18:45:04:00 capture=on(0.04s) onAir=off
[timecode] 18:45:05:00 capture=on(0.01s) onAir=off
[timecode] 18:45:06:00 capture=on(0.01s) onAir=off
[timecode] 18:45:07:00 capture=on(0.01s) onAir=off
[timecode] 18:45:08:00 capture=on(0.01s) onAir=off
[timecode] 18:45:09:00 capture=on(0.01s) onAir=off
[timecode] 18:45:10:00 capture=on(0.02s) onAir=off
[timecode] 18:45:11:01 capture=on(0.03s) onAir=off
[timecode] 18:45:12:01 capture=on(0.00s) onAir=off
[timecode] 18:45:13:01 capture=on(0.01s) onAir=off
[timecode] 18:45:14:01 capture=on(0.01s) onAir=off
[timecode] 18:45:15:01 capture=on(0.01s) onAir=off
[timecode] 18:45:16:01 capture=on(0.01s) onAir=off
[timecode] 18:45:17:01 capture=on(0.02s) onAir=off
[timecode] 18:45:18:02 capture=on(0.03s) onAir=off
[timecode] 18:45:19:02 capture=on(0.04s) onAir=off
[timecode] 18:45:20:02 capture=on(0.01s) onAir=off
[timecode] 18:45:21:02 capture=on(0.01s) onAir=off
[timecode] 18:45:22:02 capture=on(0.01s) onAir=off
[timecode] 18:45:23:02 capture=on(0.01s) onAir=off
[timecode] 18:45:24:02 capture=on(0.01s) onAir=off
[timecode] 18:45:25:02 capture=on(0.01s) onAir=off
[timecode] 18:45:26:02 capture=on(0.01s) onAir=off
[timecode] 18:45:27:02 capture=on(0.01s) onAir=off
[timecode] 18:45:28:02 capture=on(0.01s) onAir=off
[timecode] 18:45:29:02 capture=on(0.01s) onAir=off
[timecode] 18:45:30:02 capture=on(0.01s) onAir=off
[timecode] 18:45:31:02 capture=on(0.01s) onAir=off
[timecode] 18:45:32:02 capture=on(0.01s) onAir=off
[timecode] 18:45:33:02 capture=on(0.01s) onAir=off
[timecode] 18:45:34:02 capture=on(0.01s) onAir=off
[timecode] 18:45:35:02 capture=on(0.02s) onAir=off
[timecode] 18:45:36:03 capture=on(0.03s) onAir=off
[timecode] 18:45:37:03 capture=on(0.00s) onAir=off
[timecode] 18:45:38:03 capture=on(0.01s) onAir=off
[timecode] 18:45:39:03 capture=on(0.01s) onAir=off
[timecode] 18:45:40:03 capture=on(0.02s) onAir=off
[timecode] 18:45:41:04 capture=on(0.04s) onAir=off
[timecode] 18:45:42:04 capture=on(0.00s) onAir=off
[timecode] 18:45:43:04 capture=on(0.01s) onAir=off
[timecode] 18:45:44:04 capture=on(0.01s) onAir=off
[timecode] 18:45:45:04 capture=on(0.01s) onAir=off
[timecode] 18:45:46:04 capture=on(0.02s) onAir=off
[timecode] 18:45:47:05 capture=on(0.03s) onAir=off
[timecode] 18:45:48:05 capture=on(0.03s) onAir=off
[timecode] 18:45:49:05 capture=on(0.04s) onAir=off
[timecode] 18:45:50:05 capture=on(0.00s) onAir=off
[timecode] 18:45:51:05 capture=on(0.01s) onAir=off
[timecode] 18:45:52:05 capture=on(0.01s) onAir=off
[timecode] 18:45:53:05 capture=on(0.01s) onAir=off
[timecode] 18:45:54:05 capture=on(0.02s) onAir=off
[timecode] 18:45:55:06 capture=on(0.03s) onAir=off
[timecode] 18:45:56:06 capture=on(0.00s) onAir=off
[timecode] 18:45:57:06 capture=on(0.01s) onAir=off
[timecode] 18:45:58:06 capture=on(0.01s) onAir=off
[timecode] 18:45:59:06 capture=on(0.02s) onAir=off
[timecode] 18:46:00:06 capture=on(0.02s) onAir=off
[timecode] 18:46:01:06 capture=on(0.02s) onAir=off
[timecode] 18:46:02:07 capture=on(0.03s) onAir=off
[timecode] 18:46:03:07 capture=on(0.03s) onAir=off
[timecode] 18:46:04:07 capture=on(0.00s) onAir=off
[timecode] 18:46:05:07 capture=on(0.00s) onAir=off
[timecode] 18:46:06:07 capture=on(0.00s) onAir=off
[timecode] 18:46:07:07 capture=on(0.00s) onAir=off
[timecode] 18:46:08:07 capture=on(0.01s) onAir=off
[timecode] 18:46:09:07 capture=on(0.01s) onAir=off
[timecode] 18:46:10:07 capture=on(0.01s) onAir=off
[timecode] 18:46:11:07 capture=on(0.01s) onAir=off
[timecode] 18:46:12:07 capture=on(0.01s) onAir=off
[timecode] 18:46:13:07 capture=on(0.02s) onAir=off
[timecode] 18:46:14:07 capture=on(0.02s) onAir=off
[timecode] 18:46:15:08 capture=on(0.03s) onAir=off
[timecode] 18:46:16:08 capture=on(0.04s) onAir=off
[timecode] 18:46:17:08 capture=on(0.04s) onAir=off
[timecode] 18:46:18:08 capture=on(0.01s) onAir=off
[timecode] 18:46:19:08 capture=on(0.01s) onAir=off
[timecode] 18:46:20:08 capture=on(0.01s) onAir=off
[timecode] 18:46:21:08 capture=on(0.01s) onAir=off
[timecode] 18:46:22:08 capture=on(0.01s) onAir=off
[timecode] 18:46:23:08 capture=on(0.02s) onAir=off
[timecode] 18:46:24:09 capture=on(0.03s) onAir=off
[timecode] 18:46:25:09 capture=on(0.03s) onAir=off
[timecode] 18:46:26:09 capture=on(0.04s) onAir=off
[timecode] 18:46:27:09 capture=on(0.00s) onAir=off
[timecode] 18:46:28:09 capture=on(0.01s) onAir=off
[timecode] 18:46:29:09 capture=on(0.02s) onAir=off
[timecode] 18:46:30:09 capture=on(0.02s) onAir=off
[timecode] 18:46:31:10 capture=on(0.03s) onAir=off
[timecode] 18:46:32:10 capture=on(0.04s) onAir=off
[timecode] 18:46:33:10 capture=on(0.01s) onAir=off
[timecode] 18:46:34:10 capture=on(0.01s) onAir=off
[timecode] 18:46:35:10 capture=on(0.02s) onAir=off
[timecode] 18:46:36:11 capture=on(0.04s) onAir=off
[timecode] 18:46:37:11 capture=on(0.01s) onAir=off
[timecode] 18:46:38:11 capture=on(0.01s) onAir=off
[timecode] 18:46:39:12 capture=on(0.03s) onAir=off
[timecode] 18:46:40:12 capture=on(0.03s) onAir=off
[timecode] 18:46:41:12 capture=on(0.00s) onAir=off
[timecode] 18:46:42:12 capture=on(0.00s) onAir=off
[timecode] 18:46:43:12 capture=on(0.01s) onAir=off
[timecode] 18:46:44:12 capture=on(0.01s) onAir=off
[timecode] 18:46:45:12 capture=on(0.01s) onAir=off
[timecode] 18:46:46:12 capture=on(0.01s) onAir=off
[timecode] 18:46:47:12 capture=on(0.01s) onAir=off
[timecode] 18:46:48:12 capture=on(0.01s) onAir=off
[timecode] 18:46:49:12 capture=on(0.01s) onAir=off
[timecode] 18:46:50:12 capture=on(0.01s) onAir=off
[timecode] 18:46:51:12 capture=on(0.01s) onAir=off
[timecode] 18:46:52:12 capture=on(0.02s) onAir=off
[timecode] 18:46:53:13 capture=on(0.03s) onAir=off
[timecode] 18:46:54:13 capture=on(0.03s) onAir=off
[timecode] 18:46:55:13 capture=on(0.04s) onAir=off
[timecode] 18:46:56:13 capture=on(0.04s) onAir=off
[timecode] 18:46:57:13 capture=on(0.01s) onAir=off
[timecode] 18:46:58:13 capture=on(0.01s) onAir=off
[timecode] 18:46:59:13 capture=on(0.01s) onAir=off
[timecode] 18:47:00:13 capture=on(0.01s) onAir=off
[timecode] 18:47:01:13 capture=on(0.01s) onAir=off
[timecode] 18:47:02:14 capture=on(0.02s) onAir=off
[timecode] 18:47:03:14 capture=on(0.03s) onAir=off
[timecode] 18:47:04:14 capture=on(0.03s) onAir=off
[timecode] 18:47:05:14 capture=on(0.01s) onAir=off
[timecode] 18:47:06:14 capture=on(0.01s) onAir=off
[timecode] 18:47:07:14 capture=on(0.01s) onAir=off
[timecode] 18:47:08:14 capture=on(0.01s) onAir=off
[timecode] 18:47:09:14 capture=on(0.01s) onAir=off
[timecode] 18:47:10:14 capture=on(0.01s) onAir=off
[timecode] 18:47:11:14 capture=on(0.01s) onAir=off
[timecode] 18:47:12:14 capture=on(0.01s) onAir=off
[timecode] 18:47:13:14 capture=on(0.01s) onAir=off
[timecode] 18:47:14:14 capture=on(0.01s) onAir=off
[timecode] 18:47:15:14 capture=on(0.00s) onAir=off
[timecode] 18:47:16:14 capture=on(0.02s) onAir=off
[timecode] 18:47:17:14 capture=on(0.02s) onAir=off
[timecode] 18:47:18:15 capture=on(0.02s) onAir=off
[timecode] 18:47:19:15 capture=on(0.03s) onAir=off
[timecode] 18:47:20:15 capture=on(0.03s) onAir=off
[timecode] 18:47:21:15 capture=on(0.04s) onAir=off
[timecode] 18:47:22:15 capture=on(0.00s) onAir=off
[timecode] 18:47:23:15 capture=on(0.01s) onAir=off
[timecode] 18:47:24:15 capture=on(0.01s) onAir=off
[timecode] 18:47:25:15 capture=on(0.01s) onAir=off
[timecode] 18:47:26:15 capture=on(0.01s) onAir=off
[timecode] 18:47:27:15 capture=on(0.01s) onAir=off
[timecode] 18:47:28:15 capture=on(0.02s) onAir=off
[timecode] 18:47:29:16 capture=on(0.02s) onAir=off
[timecode] 18:47:30:16 capture=on(0.02s) onAir=off
[timecode] 18:47:31:16 capture=on(0.03s) onAir=off
[timecode] 18:47:32:16 capture=on(0.04s) onAir=off
[timecode] 18:47:33:16 capture=on(0.00s) onAir=off
[timecode] 18:47:34:16 capture=on(0.01s) onAir=off
[timecode] 18:47:35:16 capture=on(0.01s) onAir=off
[timecode] 18:47:36:16 capture=on(0.01s) onAir=off
[timecode] 18:47:37:16 capture=on(0.01s) onAir=off
[timecode] 18:47:38:16 capture=on(0.01s) onAir=off
[timecode] 18:47:39:16 capture=on(0.02s) onAir=off
[timecode] 18:47:40:17 capture=on(0.03s) onAir=off
[timecode] 18:47:41:17 capture=on(0.03s) onAir=off
[timecode] 18:47:42:17 capture=on(0.00s) onAir=off
[timecode] 18:47:43:17 capture=on(0.01s) onAir=off
[timecode] 18:47:44:17 capture=on(0.01s) onAir=off
[timecode] 18:47:45:17 capture=on(0.01s) onAir=off
[timecode] 18:47:46:17 capture=on(0.01s) onAir=off
[timecode] 18:47:47:17 capture=on(0.01s) onAir=off
[timecode] 18:47:48:17 capture=on(0.01s) onAir=off
[timecode] 18:47:49:17 capture=on(0.01s) onAir=off
[timecode] 18:47:50:17 capture=on(0.01s) onAir=off
[timecode] 18:47:51:17 capture=on(0.01s) onAir=off
[timecode] 18:47:52:17 capture=on(0.01s) onAir=off
[timecode] 18:47:53:18 capture=on(0.02s) onAir=off
[timecode] 18:47:54:18 capture=on(0.03s) onAir=off
[timecode] 18:47:55:18 capture=on(0.00s) onAir=off
[timecode] 18:47:56:18 capture=on(0.00s) onAir=off
[timecode] 18:47:57:18 capture=on(0.01s) onAir=off
[timecode] 18:47:58:18 capture=on(0.01s) onAir=off
[timecode] 18:47:59:18 capture=on(0.01s) onAir=off
[timecode] 18:48:00:18 capture=on(0.01s) onAir=off
[timecode] 18:48:01:18 capture=on(0.01s) onAir=off
[timecode] 18:48:02:18 capture=on(0.01s) onAir=off
[timecode] 18:48:03:18 capture=on(0.01s) onAir=off
[timecode] 18:48:04:18 capture=on(0.01s) onAir=off
[timecode] 18:48:05:18 capture=on(0.01s) onAir=off
[timecode] 18:48:06:19 capture=on(0.02s) onAir=off
[timecode] 18:48:07:19 capture=on(0.03s) onAir=off
[timecode] 18:48:08:19 capture=on(0.04s) onAir=off
[timecode] 18:48:09:19 capture=on(0.00s) onAir=off
[timecode] 18:48:10:19 capture=on(0.01s) onAir=off
[timecode] 18:48:11:19 capture=on(0.01s) onAir=off
[timecode] 18:48:12:19 capture=on(0.01s) onAir=off
[timecode] 18:48:13:19 capture=on(0.01s) onAir=off
[timecode] 18:48:14:19 capture=on(0.01s) onAir=off
[timecode] 18:48:15:19 capture=on(0.01s) onAir=off
[timecode] 18:48:16:20 capture=on(0.02s) onAir=off
[timecode] 18:48:17:20 capture=on(0.03s) onAir=off
[timecode] 18:48:18:20 capture=on(0.03s) onAir=off
[timecode] 18:48:19:20 capture=on(0.03s) onAir=off
[timecode] 18:48:20:20 capture=on(0.04s) onAir=off
[timecode] 18:48:21:20 capture=on(0.00s) onAir=off
[timecode] 18:48:22:20 capture=on(0.00s) onAir=off
[timecode] 18:48:23:20 capture=on(0.00s) onAir=off
[timecode] 18:48:24:20 capture=on(0.01s) onAir=off
[timecode] 18:48:25:21 capture=on(0.02s) onAir=off
[timecode] 18:48:26:21 capture=on(0.02s) onAir=off
[timecode] 18:48:27:21 capture=on(0.02s) onAir=off
[timecode] 18:48:28:21 capture=on(0.03s) onAir=off
[timecode] 18:48:29:21 capture=on(0.03s) onAir=off
[timecode] 18:48:30:21 capture=on(0.01s) onAir=off
[timecode] 18:48:31:21 capture=on(0.01s) onAir=off
[timecode] 18:48:32:22 capture=on(0.02s) onAir=off
[timecode] 18:48:33:22 capture=on(0.03s) onAir=off
[timecode] 18:48:34:22 capture=on(0.00s) onAir=off
[timecode] 18:48:35:22 capture=on(0.00s) onAir=off
[timecode] 18:48:36:22 capture=on(0.01s) onAir=off
[timecode] 18:48:37:22 capture=on(0.01s) onAir=off
[timecode] 18:48:38:22 capture=on(0.01s) onAir=off
[timecode] 18:48:39:22 capture=on(0.01s) onAir=off
[timecode] 18:48:40:22 capture=on(0.01s) onAir=off
[timecode] 18:48:41:22 capture=on(0.01s) onAir=off
[timecode] 18:48:42:22 capture=on(0.01s) onAir=off
[timecode] 18:48:43:22 capture=on(0.01s) onAir=off
[timecode] 18:48:44:22 capture=on(0.01s) onAir=off
[timecode] 18:48:45:22 capture=on(0.01s) onAir=off
[timecode] 18:48:46:22 capture=on(0.01s) onAir=off
[timecode] 18:48:47:23 capture=on(0.02s) onAir=off
[timecode] 18:48:48:23 capture=on(0.04s) onAir=off
[timecode] 18:48:49:23 capture=on(0.01s) onAir=off
[timecode] 18:48:50:23 capture=on(0.01s) onAir=off
[timecode] 18:48:51:23 capture=on(0.01s) onAir=off
[timecode] 18:48:52:23 capture=on(0.00s) onAir=off
[timecode] 18:48:53:24 capture=on(0.01s) onAir=off
[timecode] 18:48:54:24 capture=on(0.02s) onAir=off
[timecode] 18:48:55:24 capture=on(0.03s) onAir=off
[timecode] 18:48:56:24 capture=on(0.01s) onAir=off
[timecode] 18:48:57:24 capture=on(0.00s) onAir=off
[timecode] 18:48:58:24 capture=on(0.01s) onAir=off
[timecode] 18:48:59:24 capture=on(0.01s) onAir=off
[timecode] 18:49:01:00 capture=on(0.02s) onAir=off
[timecode] 18:49:02:00 capture=on(0.03s) onAir=off
[timecode] 18:49:03:00 capture=on(0.03s) onAir=off
[timecode] 18:49:04:00 capture=on(0.04s) onAir=off
[timecode] 18:49:05:00 capture=on(0.00s) onAir=off
[timecode] 18:49:06:00 capture=on(0.01s) onAir=off
[timecode] 18:49:07:00 capture=on(0.01s) onAir=off
[timecode] 18:49:08:01 capture=on(0.01s) onAir=off
[timecode] 18:49:09:01 capture=on(0.03s) onAir=off
[timecode] 18:49:10:01 capture=on(0.04s) onAir=off
[timecode] 18:49:11:01 capture=on(0.01s) onAir=off
[timecode] 18:49:12:01 capture=on(0.01s) onAir=off
[timecode] 18:49:13:01 capture=on(0.01s) onAir=off
[timecode] 18:49:14:02 capture=on(0.02s) onAir=off
[timecode] 18:49:15:02 capture=on(0.03s) onAir=off
[timecode] 18:49:16:02 capture=on(0.04s) onAir=off
[timecode] 18:49:17:02 capture=on(0.01s) onAir=off
[timecode] 18:49:18:02 capture=on(0.01s) onAir=off
[timecode] 18:49:19:02 capture=on(0.01s) onAir=off
[timecode] 18:49:20:02 capture=on(0.01s) onAir=off
[timecode] 18:49:21:02 capture=on(0.01s) onAir=off
[timecode] 18:49:22:02 capture=on(0.01s) onAir=off
[timecode] 18:49:23:02 capture=on(0.01s) onAir=off
[timecode] 18:49:24:03 capture=on(0.02s) onAir=off
[timecode] 18:49:25:03 capture=on(0.03s) onAir=off
[timecode] 18:49:26:03 capture=on(0.00s) onAir=off
[timecode] 18:49:27:03 capture=on(0.00s) onAir=off
[timecode] 18:49:28:03 capture=on(0.01s) onAir=off
[timecode] 18:49:29:03 capture=on(0.01s) onAir=off
[timecode] 18:49:30:03 capture=on(0.01s) onAir=off
[timecode] 18:49:31:03 capture=on(0.01s) onAir=off
[timecode] 18:49:32:03 capture=on(0.01s) onAir=off
[timecode] 18:49:33:04 capture=on(0.02s) onAir=off
[timecode] 18:49:34:04 capture=on(0.03s) onAir=off
[timecode] 18:49:35:04 capture=on(0.04s) onAir=off
[timecode] 18:49:36:04 capture=on(0.00s) onAir=off
[timecode] 18:49:37:04 capture=on(0.01s) onAir=off
[timecode] 18:49:38:04 capture=on(0.01s) onAir=off
[timecode] 18:49:39:04 capture=on(0.01s) onAir=off
[timecode] 18:49:40:04 capture=on(0.01s) onAir=off
[timecode] 18:49:41:04 capture=on(0.01s) onAir=off
[timecode] 18:49:42:05 capture=on(0.02s) onAir=off
[timecode] 18:49:43:05 capture=on(0.03s) onAir=off
[timecode] 18:49:44:05 capture=on(0.03s) onAir=off
[timecode] 18:49:45:05 capture=on(0.00s) onAir=off
[timecode] 18:49:46:05 capture=on(0.00s) onAir=off
[timecode] 18:49:47:05 capture=on(0.01s) onAir=off
[timecode] 18:49:48:05 capture=on(0.01s) onAir=off
[timecode] 18:49:49:05 capture=on(0.01s) onAir=off
[timecode] 18:49:50:06 capture=on(0.02s) onAir=off
[timecode] 18:49:51:06 capture=on(0.03s) onAir=off
[timecode] 18:49:52:06 capture=on(0.04s) onAir=off
[timecode] 18:49:53:06 capture=on(0.01s) onAir=off
[timecode] 18:49:54:06 capture=on(0.01s) onAir=off
[timecode] 18:49:55:06 capture=on(0.01s) onAir=off
[timecode] 18:49:56:06 capture=on(0.01s) onAir=off
[timecode] 18:49:57:06 capture=on(0.01s) onAir=off
[timecode] 18:49:58:06 capture=on(0.01s) onAir=off
[timecode] 18:49:59:07 capture=on(0.01s) onAir=off
[timecode] 18:50:00:07 capture=on(0.02s) onAir=off
[timecode] 18:50:01:07 capture=on(0.03s) onAir=off
[timecode] 18:50:02:07 capture=on(0.04s) onAir=off
[timecode] 18:50:03:07 capture=on(0.01s) onAir=off
[timecode] 18:50:04:07 capture=on(0.01s) onAir=off
[timecode] 18:50:05:08 capture=on(0.02s) onAir=off
[timecode] 18:50:06:08 capture=on(0.02s) onAir=off
[timecode] 18:50:07:08 capture=on(0.02s) onAir=off
[timecode] 18:50:08:08 capture=on(0.02s) onAir=off
[timecode] 18:50:09:08 capture=on(0.02s) onAir=off
[timecode] 18:50:10:08 capture=on(0.03s) onAir=off
[timecode] 18:50:11:08 capture=on(0.00s) onAir=off
[timecode] 18:50:12:08 capture=on(0.01s) onAir=off
[timecode] 18:50:13:08 capture=on(0.01s) onAir=off
[timecode] 18:50:14:09 capture=on(0.01s) onAir=off
[timecode] 18:50:15:09 capture=on(0.01s) onAir=off
[timecode] 18:50:16:09 capture=on(0.01s) onAir=off
[timecode] 18:50:17:09 capture=on(0.01s) onAir=off
[timecode] 18:50:18:09 capture=on(0.01s) onAir=off
[timecode] 18:50:19:09 capture=on(0.01s) onAir=off
[timecode] 18:50:20:09 capture=on(0.03s) onAir=off
[timecode] 18:50:21:09 capture=on(0.03s) onAir=off
[timecode] 18:50:22:09 capture=on(0.03s) onAir=off
[timecode] 18:50:23:09 capture=on(0.04s) onAir=off
[timecode] 18:50:24:09 capture=on(0.01s) onAir=off
[timecode] 18:50:25:09 capture=on(0.01s) onAir=off
[timecode] 18:50:26:10 capture=on(0.01s) onAir=off
[timecode] 18:50:27:10 capture=on(0.01s) onAir=off
[timecode] 18:50:28:10 capture=on(0.01s) onAir=off
[timecode] 18:50:29:10 capture=on(0.02s) onAir=off
[timecode] 18:50:30:10 capture=on(0.02s) onAir=off
[timecode] 18:50:31:10 capture=on(0.03s) onAir=off
[timecode] 18:50:32:10 capture=on(0.00s) onAir=off
[timecode] 18:50:33:10 capture=on(0.00s) onAir=off
[timecode] 18:50:34:11 capture=on(0.01s) onAir=off
[timecode] 18:50:35:11 capture=on(0.01s) onAir=off
[timecode] 18:50:36:11 capture=on(0.02s) onAir=off
[timecode] 18:50:37:11 capture=on(0.03s) onAir=off
[timecode] 18:50:38:11 capture=on(0.00s) onAir=off
[timecode] 18:50:39:11 capture=on(0.00s) onAir=off
[timecode] 18:50:40:11 capture=on(0.00s) onAir=off
[timecode] 18:50:41:11 capture=on(0.00s) onAir=off
[timecode] 18:50:42:11 capture=on(0.00s) onAir=off
[timecode] 18:50:43:11 capture=on(0.00s) onAir=off
[timecode] 18:50:44:11 capture=on(0.01s) onAir=off
[timecode] 18:50:45:12 capture=on(0.01s) onAir=off
[timecode] 18:50:46:12 capture=on(0.02s) onAir=off
[timecode] 18:50:47:12 capture=on(0.03s) onAir=off
[timecode] 18:50:48:12 capture=on(0.03s) onAir=off
[timecode] 18:50:49:12 capture=on(0.03s) onAir=off
[timecode] 18:50:50:12 capture=on(0.00s) onAir=off
[timecode] 18:50:51:12 capture=on(0.00s) onAir=off
[timecode] 18:50:52:12 capture=on(0.00s) onAir=off
[timecode] 18:50:53:12 capture=on(0.00s) onAir=off
[timecode] 18:50:54:12 capture=on(0.00s) onAir=off
[timecode] 18:50:55:13 capture=on(0.01s) onAir=off
[timecode] 18:50:56:13 capture=on(0.01s) onAir=off
[timecode] 18:50:57:13 capture=on(0.01s) onAir=off
[timecode] 18:50:58:13 capture=on(0.01s) onAir=off
[timecode] 18:50:59:13 capture=on(0.02s) onAir=off
[timecode] 18:51:00:13 capture=on(0.03s) onAir=off
[timecode] 18:51:01:13 capture=on(0.03s) onAir=off
[timecode] 18:51:02:13 capture=on(0.04s) onAir=off
[timecode] 18:51:03:13 capture=on(0.00s) onAir=off
[timecode] 18:51:04:13 capture=on(0.00s) onAir=off
[timecode] 18:51:05:13 capture=on(0.00s) onAir=off
[timecode] 18:51:06:13 capture=on(0.00s) onAir=off
[timecode] 18:51:07:14 capture=on(0.01s) onAir=off
[timecode] 18:51:08:14 capture=on(0.02s) onAir=off
[timecode] 18:51:09:14 capture=on(0.03s) onAir=off
[timecode] 18:51:10:14 capture=on(0.03s) onAir=off
[timecode] 18:51:11:14 capture=on(0.00s) onAir=off
[timecode] 18:51:12:14 capture=on(0.00s) onAir=off
[timecode] 18:51:13:14 capture=on(0.00s) onAir=off
[timecode] 18:51:14:14 capture=on(0.00s) onAir=off
[timecode] 18:51:15:14 capture=on(0.00s) onAir=off
[timecode] 18:51:16:15 capture=on(0.01s) onAir=off
[timecode] 18:51:17:15 capture=on(0.02s) onAir=off
[timecode] 18:51:18:15 capture=on(0.03s) onAir=off
[timecode] 18:51:19:15 capture=on(0.03s) onAir=off
[timecode] 18:51:20:15 capture=on(0.00s) onAir=off
[timecode] 18:51:21:15 capture=on(0.00s) onAir=off
[timecode] 18:51:22:15 capture=on(0.00s) onAir=off
[timecode] 18:51:23:15 capture=on(0.00s) onAir=off
[timecode] 18:51:24:15 capture=on(0.00s) onAir=off
[timecode] 18:51:25:15 capture=on(0.00s) onAir=off
[timecode] 18:51:26:16 capture=on(0.00s) onAir=off
[timecode] 18:51:27:16 capture=on(0.01s) onAir=off
[timecode] 18:51:28:16 capture=on(0.02s) onAir=off
[timecode] 18:51:29:16 capture=on(0.02s) onAir=off
[timecode] 18:51:30:16 capture=on(0.03s) onAir=off
[timecode] 18:51:31:16 capture=on(0.03s) onAir=off
[timecode] 18:51:32:16 capture=on(0.00s) onAir=off
[timecode] 18:51:33:17 capture=on(0.01s) onAir=off
[timecode] 18:51:34:17 capture=on(0.01s) onAir=off
[timecode] 18:51:35:17 capture=on(0.01s) onAir=off
[timecode] 18:51:36:17 capture=on(0.01s) onAir=off
[timecode] 18:51:37:17 capture=on(0.01s) onAir=off
[timecode] 18:51:38:17 capture=on(0.01s) onAir=off
[timecode] 18:51:39:17 capture=on(0.02s) onAir=off
[timecode] 18:51:40:17 capture=on(0.03s) onAir=off
[timecode] 18:51:41:18 capture=on(0.01s) onAir=off
[timecode] 18:51:42:18 capture=on(0.01s) onAir=off
[timecode] 18:51:43:18 capture=on(0.02s) onAir=off
[timecode] 18:51:44:18 capture=on(0.02s) onAir=off
[timecode] 18:51:45:18 capture=on(0.03s) onAir=off
[timecode] 18:51:46:18 capture=on(0.00s) onAir=off
[timecode] 18:51:47:19 capture=on(0.01s) onAir=off
[timecode] 18:51:48:19 capture=on(0.01s) onAir=off
[timecode] 18:51:49:19 capture=on(0.01s) onAir=off
[timecode] 18:51:50:19 capture=on(0.01s) onAir=off
[timecode] 18:51:51:19 capture=on(0.01s) onAir=off
[timecode] 18:51:52:19 capture=on(0.01s) onAir=off
[timecode] 18:51:53:19 capture=on(0.01s) onAir=off
[timecode] 18:51:54:19 capture=on(0.01s) onAir=off
[timecode] 18:51:55:19 capture=on(0.01s) onAir=off
[timecode] 18:51:56:19 capture=on(0.01s) onAir=off
[timecode] 18:51:57:19 capture=on(0.01s) onAir=off
[timecode] 18:51:58:19 capture=on(0.02s) onAir=off
[timecode] 18:51:59:19 capture=on(0.02s) onAir=off
[timecode] 18:52:00:19 capture=on(0.03s) onAir=off
[timecode] 18:52:01:19 capture=on(0.03s) onAir=off
[timecode] 18:52:02:19 capture=on(0.03s) onAir=off
[timecode] 18:52:03:19 capture=on(0.04s) onAir=off
[timecode] 18:52:04:19 capture=on(0.04s) onAir=off
[timecode] 18:52:05:19 capture=on(0.00s) onAir=off
[timecode] 18:52:06:20 capture=on(0.01s) onAir=off
[timecode] 18:52:07:20 capture=on(0.01s) onAir=off
[timecode] 18:52:08:20 capture=on(0.01s) onAir=off
[timecode] 18:52:09:20 capture=on(0.02s) onAir=off
[timecode] 18:52:10:20 capture=on(0.03s) onAir=off
[timecode] 18:52:11:20 capture=on(0.03s) onAir=off
[timecode] 18:52:12:20 capture=on(0.00s) onAir=off
[timecode] 18:52:13:21 capture=on(0.01s) onAir=off
[timecode] 18:52:14:21 capture=on(0.01s) onAir=off
[timecode] 18:52:15:21 capture=on(0.01s) onAir=off
[timecode] 18:52:16:21 capture=on(0.01s) onAir=off
[timecode] 18:52:17:21 capture=on(0.01s) onAir=off
[timecode] 18:52:18:21 capture=on(0.01s) onAir=off
[timecode] 18:52:19:21 capture=on(0.01s) onAir=off
[timecode] 18:52:20:21 capture=on(0.01s) onAir=off
[timecode] 18:52:21:21 capture=on(0.01s) onAir=off
[timecode] 18:52:22:21 capture=on(0.01s) onAir=off
[timecode] 18:52:23:21 capture=on(0.02s) onAir=off
[timecode] 18:52:24:21 capture=on(0.03s) onAir=off
[timecode] 18:52:25:21 capture=on(0.04s) onAir=off
[timecode] 18:52:26:21 capture=on(0.00s) onAir=off
[timecode] 18:52:27:22 capture=on(0.00s) onAir=off
[timecode] 18:52:28:22 capture=on(0.01s) onAir=off
[timecode] 18:52:29:22 capture=on(0.01s) onAir=off
[timecode] 18:52:30:22 capture=on(0.01s) onAir=off
[timecode] 18:52:31:22 capture=on(0.01s) onAir=off
[timecode] 18:52:32:22 capture=on(0.02s) onAir=off
[timecode] 18:52:33:22 capture=on(0.03s) onAir=off
[timecode] 18:52:34:22 capture=on(0.03s) onAir=off
[timecode] 18:52:35:22 capture=on(0.03s) onAir=off
[timecode] 18:52:36:23 capture=on(0.01s) onAir=off
[timecode] 18:52:37:23 capture=on(0.01s) onAir=off
[timecode] 18:52:38:23 capture=on(0.01s) onAir=off
[timecode] 18:52:39:23 capture=on(0.01s) onAir=off
[timecode] 18:52:40:23 capture=on(0.01s) onAir=off
[timecode] 18:52:41:23 capture=on(0.01s) onAir=off
[timecode] 18:52:42:23 capture=on(0.02s) onAir=off
[timecode] 18:52:43:23 capture=on(0.03s) onAir=off
[timecode] 18:52:44:23 capture=on(0.03s) onAir=off
[timecode] 18:52:45:23 capture=on(0.04s) onAir=off
[timecode] 18:52:46:24 capture=on(0.00s) onAir=off
[timecode] 18:52:47:24 capture=on(0.01s) onAir=off
[timecode] 18:52:48:24 capture=on(0.01s) onAir=off
[timecode] 18:52:49:24 capture=on(0.01s) onAir=off
[timecode] 18:52:50:24 capture=on(0.01s) onAir=off
[timecode] 18:52:51:24 capture=on(0.01s) onAir=off
[timecode] 18:52:52:24 capture=on(0.01s) onAir=off
[timecode] 18:52:53:24 capture=on(0.01s) onAir=off
[timecode] 18:52:54:24 capture=on(0.01s) onAir=off
[timecode] 18:52:55:24 capture=on(0.01s) onAir=off
[timecode] 18:52:56:24 capture=on(0.01s) onAir=off
[timecode] 18:52:57:24 capture=on(0.01s) onAir=off
[timecode] 18:52:58:24 capture=on(0.02s) onAir=off
[timecode] 18:52:59:24 capture=on(0.03s) onAir=off
[timecode] 18:53:00:24 capture=on(0.04s) onAir=off
[timecode] 18:53:02:00 capture=on(0.04s) onAir=off
[timecode] 18:53:03:00 capture=on(0.00s) onAir=off
[timecode] 18:53:04:00 capture=on(0.01s) onAir=off
[timecode] 18:53:05:00 capture=on(0.01s) onAir=off
[timecode] 18:53:06:00 capture=on(0.01s) onAir=off
[timecode] 18:53:07:00 capture=on(0.03s) onAir=off
[timecode] 18:53:08:00 capture=on(0.03s) onAir=off
[timecode] 18:53:09:01 capture=on(0.04s) onAir=off
[timecode] 18:53:10:01 capture=on(0.01s) onAir=off
[timecode] 18:53:11:01 capture=on(0.00s) onAir=off
[timecode] 18:53:12:01 capture=on(0.02s) onAir=off
[timecode] 18:53:13:01 capture=on(0.02s) onAir=off
[timecode] 18:53:14:01 capture=on(0.03s) onAir=off
[timecode] 18:53:15:02 capture=on(0.00s) onAir=off
[timecode] 18:53:16:02 capture=on(0.01s) onAir=off
[timecode] 18:53:17:02 capture=on(0.01s) onAir=off
[timecode] 18:53:18:02 capture=on(0.01s) onAir=off
[timecode] 18:53:19:02 capture=on(0.01s) onAir=off
[timecode] 18:53:20:02 capture=on(0.01s) onAir=off
[timecode] 18:53:21:02 capture=on(0.02s) onAir=off
[timecode] 18:53:22:02 capture=on(0.03s) onAir=off
[timecode] 18:53:23:02 capture=on(0.03s) onAir=off
[timecode] 18:53:24:03 capture=on(0.01s) onAir=off
[timecode] 18:53:25:03 capture=on(0.01s) onAir=off
[timecode] 18:53:26:03 capture=on(0.01s) onAir=off
[timecode] 18:53:27:03 capture=on(0.02s) onAir=off
[timecode] 18:53:28:03 capture=on(0.03s) onAir=off
[timecode] 18:53:29:03 capture=on(0.03s) onAir=off
[timecode] 18:53:30:04 capture=on(0.00s) onAir=off
[timecode] 18:53:31:04 capture=on(0.01s) onAir=off
[timecode] 18:53:32:04 capture=on(0.01s) onAir=off
[timecode] 18:53:33:04 capture=on(0.01s) onAir=off
[timecode] 18:53:34:04 capture=on(0.01s) onAir=off
[timecode] 18:53:35:04 capture=on(0.01s) onAir=off
[timecode] 18:53:36:04 capture=on(0.02s) onAir=off
[timecode] 18:53:37:04 capture=on(0.02s) onAir=off
[timecode] 18:53:38:04 capture=on(0.02s) onAir=off
[timecode] 18:53:39:04 capture=on(0.02s) onAir=off
[timecode] 18:53:40:04 capture=on(0.03s) onAir=off
[timecode] 18:53:41:04 capture=on(0.03s) onAir=off
[timecode] 18:53:42:04 capture=on(0.03s) onAir=off
[timecode] 18:53:43:05 capture=on(0.04s) onAir=off
[timecode] 18:53:44:05 capture=on(0.00s) onAir=off
[timecode] 18:53:45:05 capture=on(0.01s) onAir=off
[timecode] 18:53:46:05 capture=on(0.01s) onAir=off
[timecode] 18:53:47:05 capture=on(0.02s) onAir=off
[timecode] 18:53:48:05 capture=on(0.02s) onAir=off
[timecode] 18:53:49:06 capture=on(0.03s) onAir=off
[timecode] 18:53:50:06 capture=on(0.04s) onAir=off
[timecode] 18:53:51:06 capture=on(0.01s) onAir=off
[timecode] 18:53:52:06 capture=on(0.01s) onAir=off
[timecode] 18:53:53:06 capture=on(0.01s) onAir=off
[timecode] 18:53:54:06 capture=on(0.02s) onAir=off
[timecode] 18:53:55:06 capture=on(0.03s) onAir=off
[timecode] 18:53:56:07 capture=on(0.04s) onAir=off
[timecode] 18:53:57:07 capture=on(0.00s) onAir=off
[timecode] 18:53:58:07 capture=on(0.01s) onAir=off
[timecode] 18:53:59:07 capture=on(0.01s) onAir=off
[timecode] 18:54:00:07 capture=on(0.01s) onAir=off
[timecode] 18:54:01:07 capture=on(0.01s) onAir=off
[timecode] 18:54:02:07 capture=on(0.01s) onAir=off
[timecode] 18:54:03:07 capture=on(0.02s) onAir=off
[timecode] 18:54:04:07 capture=on(0.02s) onAir=off
[timecode] 18:54:05:07 capture=on(0.02s) onAir=off
[timecode] 18:54:06:07 capture=on(0.03s) onAir=off
[timecode] 18:54:07:07 capture=on(0.03s) onAir=off
[timecode] 18:54:08:08 capture=on(0.04s) onAir=off
[timecode] 18:54:09:08 capture=on(0.00s) onAir=off
[timecode] 18:54:10:08 capture=on(0.00s) onAir=off
[timecode] 18:54:11:08 capture=on(0.01s) onAir=off
[timecode] 18:54:12:08 capture=on(0.01s) onAir=off
[timecode] 18:54:13:08 capture=on(0.01s) onAir=off
[timecode] 18:54:14:08 capture=on(0.01s) onAir=off
[timecode] 18:54:15:08 capture=on(0.02s) onAir=off
[timecode] 18:54:16:08 capture=on(0.02s) onAir=off
[timecode] 18:54:17:08 capture=on(0.03s) onAir=off
[timecode] 18:54:18:09 capture=on(0.04s) onAir=off
[timecode] 18:54:19:09 capture=on(0.01s) onAir=off
[timecode] 18:54:20:09 capture=on(0.01s) onAir=off
[timecode] 18:54:21:09 capture=on(0.01s) onAir=off
[timecode] 18:54:22:09 capture=on(0.01s) onAir=off
[timecode] 18:54:23:09 capture=on(0.01s) onAir=off
[timecode] 18:54:24:09 capture=on(0.01s) onAir=off
[timecode] 18:54:25:09 capture=on(0.01s) onAir=off
[timecode] 18:54:26:09 capture=on(0.02s) onAir=off
[timecode] 18:54:27:09 capture=on(0.02s) onAir=off
[timecode] 18:54:28:10 capture=on(0.04s) onAir=off
[timecode] 18:54:29:10 capture=on(0.01s) onAir=off
[timecode] 18:54:30:10 capture=on(0.01s) onAir=off
[timecode] 18:54:31:10 capture=on(0.01s) onAir=off
[timecode] 18:54:32:10 capture=on(0.01s) onAir=off
[timecode] 18:54:33:10 capture=on(0.01s) onAir=off
[timecode] 18:54:34:10 capture=on(0.01s) onAir=off
[timecode] 18:54:35:10 capture=on(0.01s) onAir=off
[timecode] 18:54:36:10 capture=on(0.02s) onAir=off
[timecode] 18:54:37:10 capture=on(0.02s) onAir=off
[timecode] 18:54:38:10 capture=on(0.01s) onAir=off
[timecode] 18:54:39:10 capture=on(0.02s) onAir=off
[timecode] 18:54:40:10 capture=on(0.02s) onAir=off
[timecode] 18:54:41:10 capture=on(0.03s) onAir=off
[timecode] 18:54:42:11 capture=on(0.04s) onAir=off
[timecode] 18:54:43:11 capture=on(0.01s) onAir=off
[timecode] 18:54:44:11 capture=on(0.01s) onAir=off
[timecode] 18:54:45:11 capture=on(0.01s) onAir=off
[timecode] 18:54:46:11 capture=on(0.02s) onAir=off
[timecode] 18:54:47:11 capture=on(0.03s) onAir=off
[timecode] 18:54:48:12 capture=on(0.00s) onAir=off
[timecode] 18:54:49:12 capture=on(0.01s) onAir=off
[timecode] 18:54:50:12 capture=on(0.01s) onAir=off
[timecode] 18:54:51:12 capture=on(0.02s) onAir=off
[timecode] 18:54:52:12 capture=on(0.03s) onAir=off
[timecode] 18:54:53:13 capture=on(0.04s) onAir=off
[timecode] 18:54:54:13 capture=on(0.01s) onAir=off
[timecode] 18:54:55:13 capture=on(0.01s) onAir=off
[timecode] 18:54:56:13 capture=on(0.01s) onAir=off
[timecode] 18:54:57:13 capture=on(0.01s) onAir=off
[timecode] 18:54:58:13 capture=on(0.03s) onAir=off
[timecode] 18:54:59:14 capture=on(0.04s) onAir=off
[timecode] 18:55:00:14 capture=on(0.01s) onAir=off
[timecode] 18:55:01:14 capture=on(0.01s) onAir=off
[timecode] 18:55:02:14 capture=on(0.01s) onAir=off
[timecode] 18:55:03:14 capture=on(0.01s) onAir=off
[timecode] 18:55:04:14 capture=on(0.01s) onAir=off
[timecode] 18:55:05:14 capture=on(0.01s) onAir=off
[timecode] 18:55:06:14 capture=on(0.01s) onAir=off
[timecode] 18:55:07:14 capture=on(0.01s) onAir=off
[timecode] 18:55:08:14 capture=on(0.03s) onAir=off
[timecode] 18:55:09:15 capture=on(0.04s) onAir=off
[timecode] 18:55:10:15 capture=on(0.00s) onAir=off
[timecode] 18:55:11:15 capture=on(0.01s) onAir=off
[timecode] 18:55:12:15 capture=on(0.01s) onAir=off
[timecode] 18:55:13:15 capture=on(0.02s) onAir=off
[timecode] 18:55:14:15 capture=on(0.03s) onAir=off
[timecode] 18:55:15:16 capture=on(0.03s) onAir=off
[timecode] 18:55:16:16 capture=on(0.00s) onAir=off
[timecode] 18:55:17:16 capture=on(0.00s) onAir=off
[timecode] 18:55:18:16 capture=on(0.00s) onAir=off
[timecode] 18:55:19:16 capture=on(0.01s) onAir=off
[timecode] 18:55:20:16 capture=on(0.01s) onAir=off
[timecode] 18:55:21:16 capture=on(0.01s) onAir=off
[timecode] 18:55:22:16 capture=on(0.02s) onAir=off
[timecode] 18:55:23:16 capture=on(0.02s) onAir=off
[timecode] 18:55:24:16 capture=on(0.03s) onAir=off
[timecode] 18:55:25:17 capture=on(0.04s) onAir=off
[timecode] 18:55:26:17 capture=on(0.01s) onAir=off
[timecode] 18:55:27:17 capture=on(0.01s) onAir=off
[timecode] 18:55:28:17 capture=on(0.01s) onAir=off
[timecode] 18:55:29:17 capture=on(0.03s) onAir=off
[timecode] 18:55:30:18 capture=on(0.04s) onAir=off
[timecode] 18:55:31:18 capture=on(0.00s) onAir=off
[timecode] 18:55:32:18 capture=on(0.01s) onAir=off
[timecode] 18:55:33:18 capture=on(0.01s) onAir=off
[timecode] 18:55:34:18 capture=on(0.01s) onAir=off
[timecode] 18:55:35:18 capture=on(0.01s) onAir=off
[timecode] 18:55:36:18 capture=on(0.01s) onAir=off
[timecode] 18:55:37:18 capture=on(0.01s) onAir=off
[timecode] 18:55:38:18 capture=on(0.02s) onAir=off
[timecode] 18:55:39:18 capture=on(0.02s) onAir=off
[timecode] 18:55:40:19 capture=on(0.03s) onAir=off
[timecode] 18:55:41:19 capture=on(0.00s) onAir=off
[timecode] 18:55:42:19 capture=on(0.01s) onAir=off
[timecode] 18:55:43:19 capture=on(0.01s) onAir=off
[timecode] 18:55:44:19 capture=on(0.02s) onAir=off
[timecode] 18:55:45:19 capture=on(0.02s) onAir=off
[timecode] 18:55:46:19 capture=on(0.02s) onAir=off
[timecode] 18:55:47:20 capture=on(0.03s) onAir=off
[timecode] 18:55:48:20 capture=on(0.00s) onAir=off
[timecode] 18:55:49:20 capture=on(0.00s) onAir=off
[timecode] 18:55:50:20 capture=on(0.01s) onAir=off
[timecode] 18:55:51:20 capture=on(0.01s) onAir=off
[timecode] 18:55:52:20 capture=on(0.01s) onAir=off
[timecode] 18:55:53:20 capture=on(0.02s) onAir=off
[timecode] 18:55:54:21 capture=on(0.02s) onAir=off
[timecode] 18:55:55:21 capture=on(0.03s) onAir=off
[timecode] 18:55:56:21 capture=on(0.01s) onAir=off
[timecode] 18:55:57:21 capture=on(0.01s) onAir=off
[timecode] 18:55:58:21 capture=on(0.01s) onAir=off
[timecode] 18:55:59:21 capture=on(0.01s) onAir=off
[timecode] 18:56:00:21 capture=on(0.01s) onAir=off
[timecode] 18:56:01:21 capture=on(0.01s) onAir=off
[timecode] 18:56:02:21 capture=on(0.01s) onAir=off
[timecode] 18:56:03:21 capture=on(0.02s) onAir=off
[timecode] 18:56:04:21 capture=on(0.02s) onAir=off
[timecode] 18:56:05:21 capture=on(0.02s) onAir=off
[timecode] 18:56:06:22 capture=on(0.03s) onAir=off
[timecode] 18:56:07:22 capture=on(0.00s) onAir=off
[timecode] 18:56:08:22 capture=on(0.01s) onAir=off
[timecode] 18:56:09:22 capture=on(0.01s) onAir=off
[timecode] 18:56:10:22 capture=on(0.01s) onAir=off
[timecode] 18:56:11:22 capture=on(0.01s) onAir=off
[timecode] 18:56:12:22 capture=on(0.01s) onAir=off
[timecode] 18:56:13:22 capture=on(0.01s) onAir=off
[timecode] 18:56:14:22 capture=on(0.01s) onAir=off
[timecode] 18:56:15:23 capture=on(0.03s) onAir=off
[timecode] 18:56:16:23 capture=on(0.03s) onAir=off
[timecode] 18:56:17:23 capture=on(0.00s) onAir=off
[timecode] 18:56:18:23 capture=on(0.01s) onAir=off
[timecode] 18:56:19:23 capture=on(0.01s) onAir=off
[timecode] 18:56:20:23 capture=on(0.01s) onAir=off
[timecode] 18:56:21:23 capture=on(0.01s) onAir=off
[timecode] 18:56:22:24 capture=on(0.03s) onAir=off
[timecode] 18:56:23:24 capture=on(0.03s) onAir=off
[timecode] 18:56:24:24 capture=on(0.00s) onAir=off
[timecode] 18:56:25:24 capture=on(0.01s) onAir=off
[timecode] 18:56:26:24 capture=on(0.01s) onAir=off
[timecode] 18:56:27:24 capture=on(0.01s) onAir=off
[timecode] 18:56:28:24 capture=on(0.01s) onAir=off
[timecode] 18:56:29:24 capture=on(0.02s) onAir=off
[timecode] 18:56:30:24 capture=on(0.02s) onAir=off
[timecode] 18:56:32:00 capture=on(0.03s) onAir=off
[timecode] 18:56:33:00 capture=on(0.03s) onAir=off
[timecode] 18:56:34:00 capture=on(0.00s) onAir=off
[timecode] 18:56:35:00 capture=on(0.00s) onAir=off
[timecode] 18:56:36:00 capture=on(0.01s) onAir=off
[timecode] 18:56:37:00 capture=on(0.01s) onAir=off
[timecode] 18:56:38:00 capture=on(0.01s) onAir=off
[timecode] 18:56:39:00 capture=on(0.01s) onAir=off
[timecode] 18:56:40:00 capture=on(0.01s) onAir=off
[timecode] 18:56:41:00 capture=on(0.01s) onAir=off
[timecode] 18:56:42:00 capture=on(0.01s) onAir=off
[timecode] 18:56:43:00 capture=on(0.01s) onAir=off
[timecode] 18:56:44:00 capture=on(0.01s) onAir=off
[timecode] 18:56:45:00 capture=on(0.01s) onAir=off
[timecode] 18:56:46:01 capture=on(0.03s) onAir=off
[timecode] 18:56:47:01 capture=on(0.03s) onAir=off
[timecode] 18:56:48:01 capture=on(0.03s) onAir=off
[timecode] 18:56:49:01 capture=on(0.00s) onAir=off
[timecode] 18:56:50:01 capture=on(0.01s) onAir=off
[timecode] 18:56:51:01 capture=on(0.01s) onAir=off
[timecode] 18:56:52:01 capture=on(0.01s) onAir=off
[timecode] 18:56:53:01 capture=on(0.01s) onAir=off
[timecode] 18:56:54:01 capture=on(0.01s) onAir=off
[timecode] 18:56:55:01 capture=on(0.02s) onAir=off
[timecode] 18:56:56:01 capture=on(0.02s) onAir=off
[timecode] 18:56:57:02 capture=on(0.03s) onAir=off
[timecode] 18:56:58:02 capture=on(0.03s) onAir=off
[timecode] 18:56:59:02 capture=on(0.03s) onAir=off
[timecode] 18:57:00:02 capture=on(0.04s) onAir=off
[timecode] 18:57:01:02 capture=on(0.04s) onAir=off
[timecode] 18:57:02:02 capture=on(0.04s) onAir=off
[timecode] 18:57:03:02 capture=on(0.00s) onAir=off
[timecode] 18:57:04:02 capture=on(0.01s) onAir=off
[timecode] 18:57:05:02 capture=on(0.01s) onAir=off
[timecode] 18:57:06:02 capture=on(0.01s) onAir=off
[timecode] 18:57:07:02 capture=on(0.01s) onAir=off
[timecode] 18:57:08:03 capture=on(0.03s) onAir=off
[timecode] 18:57:09:03 capture=on(0.03s) onAir=off
[timecode] 18:57:10:03 capture=on(0.04s) onAir=off
[timecode] 18:57:11:03 capture=on(0.00s) onAir=off
[timecode] 18:57:12:03 capture=on(0.01s) onAir=off
[timecode] 18:57:13:03 capture=on(0.01s) onAir=off
[timecode] 18:57:14:04 capture=on(0.03s) onAir=off
[timecode] 18:57:15:04 capture=on(0.03s) onAir=off
[timecode] 18:57:16:04 capture=on(0.03s) onAir=off
[timecode] 18:57:17:04 capture=on(0.03s) onAir=off
[timecode] 18:57:18:04 capture=on(0.04s) onAir=off
[timecode] 18:57:19:04 capture=on(0.01s) onAir=off
[timecode] 18:57:20:04 capture=on(0.01s) onAir=off
[timecode] 18:57:21:04 capture=on(0.01s) onAir=off
[timecode] 18:57:22:04 capture=on(0.01s) onAir=off
[timecode] 18:57:23:04 capture=on(0.02s) onAir=off
[timecode] 18:57:24:05 capture=on(0.03s) onAir=off
[timecode] 18:57:25:05 capture=on(0.03s) onAir=off
[timecode] 18:57:26:05 capture=on(0.04s) onAir=off
[timecode] 18:57:27:05 capture=on(0.00s) onAir=off
[timecode] 18:57:28:05 capture=on(0.00s) onAir=off
[timecode] 18:57:29:05 capture=on(0.00s) onAir=off
[timecode] 18:57:30:05 capture=on(0.01s) onAir=off
[timecode] 18:57:31:05 capture=on(0.02s) onAir=off
[timecode] 18:57:32:06 capture=on(0.02s) onAir=off
[timecode] 18:57:33:06 capture=on(0.03s) onAir=off
[timecode] 18:57:34:06 capture=on(0.00s) onAir=off
[timecode] 18:57:35:06 capture=on(0.00s) onAir=off
[timecode] 18:57:36:06 capture=on(0.01s) onAir=off
[timecode] 18:57:37:07 capture=on(0.02s) onAir=off
[timecode] 18:57:38:07 capture=on(0.02s) onAir=off
[timecode] 18:57:39:07 capture=on(0.03s) onAir=off
[timecode] 18:57:40:07 capture=on(0.04s) onAir=off
[timecode] 18:57:41:07 capture=on(0.00s) onAir=off
[timecode] 18:57:42:07 capture=on(0.00s) onAir=off
[timecode] 18:57:43:07 capture=on(0.00s) onAir=off
[timecode] 18:57:44:07 capture=on(0.00s) onAir=off
[timecode] 18:57:45:07 capture=on(0.00s) onAir=off
[timecode] 18:57:46:07 capture=on(0.00s) onAir=off
[timecode] 18:57:47:07 capture=on(0.00s) onAir=off
[timecode] 18:57:48:07 capture=on(0.00s) onAir=off
[timecode] 18:57:49:07 capture=on(0.01s) onAir=off
[timecode] 18:57:50:08 capture=on(0.02s) onAir=off
[timecode] 18:57:51:08 capture=on(0.03s) onAir=off
[timecode] 18:57:52:08 capture=on(0.00s) onAir=off
[timecode] 18:57:53:08 capture=on(0.00s) onAir=off
[timecode] 18:57:54:08 capture=on(0.00s) onAir=off
[timecode] 18:57:55:08 capture=on(0.01s) onAir=off
[timecode] 18:57:56:09 capture=on(0.02s) onAir=off
[timecode] 18:57:57:09 capture=on(0.03s) onAir=off
[timecode] 18:57:58:09 capture=on(0.00s) onAir=off
[timecode] 18:57:59:09 capture=on(0.00s) onAir=off
[timecode] 18:58:00:09 capture=on(0.00s) onAir=off
[timecode] 18:58:01:09 capture=on(0.00s) onAir=off
[timecode] 18:58:02:09 capture=on(0.00s) onAir=off
[timecode] 18:58:03:09 capture=on(0.01s) onAir=off
[timecode] 18:58:04:10 capture=on(0.02s) onAir=off
[timecode] 18:58:05:10 capture=on(0.02s) onAir=off
[timecode] 18:58:06:10 capture=on(0.00s) onAir=off
[timecode] 18:58:07:10 capture=on(0.00s) onAir=off
[timecode] 18:58:08:10 capture=on(0.00s) onAir=off
[timecode] 18:58:09:10 capture=on(0.00s) onAir=off
[timecode] 18:58:10:10 capture=on(0.00s) onAir=off
[timecode] 18:58:11:10 capture=on(0.02s) onAir=off
[timecode] 18:58:12:11 capture=on(0.02s) onAir=off
[timecode] 18:58:13:11 capture=on(0.03s) onAir=off
[timecode] 18:58:14:11 capture=on(0.04s) onAir=off
[timecode] 18:58:15:11 capture=on(0.04s) onAir=off
[timecode] 18:58:16:11 capture=on(0.01s) onAir=off
[timecode] 18:58:17:12 capture=on(0.02s) onAir=off
[timecode] 18:58:18:12 capture=on(0.03s) onAir=off
[timecode] 18:58:19:12 capture=on(0.03s) onAir=off
[timecode] 18:58:20:12 capture=on(0.03s) onAir=off
[timecode] 18:58:21:12 capture=on(0.00s) onAir=off
[timecode] 18:58:22:12 capture=on(0.00s) onAir=off
[timecode] 18:58:23:13 capture=on(0.02s) onAir=off
[timecode] 18:58:24:13 capture=on(0.03s) onAir=off
[timecode] 18:58:25:13 capture=on(0.03s) onAir=off
[timecode] 18:58:26:13 capture=on(0.00s) onAir=off
[timecode] 18:58:27:13 capture=on(0.00s) onAir=off
[timecode] 18:58:28:13 capture=on(0.00s) onAir=off
[timecode] 18:58:29:13 capture=on(0.00s) onAir=off
[timecode] 18:58:30:13 capture=on(0.00s) onAir=off
[timecode] 18:58:31:13 capture=on(0.01s) onAir=off
[timecode] 18:58:32:13 capture=on(0.01s) onAir=off
[timecode] 18:58:33:14 capture=on(0.03s) onAir=off
[timecode] 18:58:34:14 capture=on(0.00s) onAir=off
[timecode] 18:58:35:14 capture=on(0.00s) onAir=off
[timecode] 18:58:36:14 capture=on(0.00s) onAir=off
[timecode] 18:58:37:14 capture=on(0.00s) onAir=off
[timecode] 18:58:38:14 capture=on(0.00s) onAir=off
[timecode] 18:58:39:14 capture=on(0.00s) onAir=off
[timecode] 18:58:40:14 capture=on(0.00s) onAir=off
[timecode] 18:58:41:14 capture=on(0.01s) onAir=off
[timecode] 18:58:42:14 capture=on(0.01s) onAir=off
[timecode] 18:58:43:15 capture=on(0.02s) onAir=off
[timecode] 18:58:44:15 capture=on(0.02s) onAir=off
[timecode] 18:58:45:15 capture=on(0.03s) onAir=off
[timecode] 18:58:46:15 capture=on(0.00s) onAir=off
[timecode] 18:58:47:15 capture=on(0.00s) onAir=off
[timecode] 18:58:48:15 capture=on(0.00s) onAir=off
[timecode] 18:58:49:15 capture=on(0.00s) onAir=off
[timecode] 18:58:50:15 capture=on(0.00s) onAir=off
[timecode] 18:58:51:15 capture=on(0.01s) onAir=off
[timecode] 18:58:52:16 capture=on(0.03s) onAir=off
[timecode] 18:58:53:16 capture=on(0.00s) onAir=off
[timecode] 18:58:54:16 capture=on(0.00s) onAir=off
[timecode] 18:58:55:16 capture=on(0.00s) onAir=off
[timecode] 18:58:56:16 capture=on(0.01s) onAir=off
[timecode] 18:58:57:16 capture=on(0.01s) onAir=off
[timecode] 18:58:58:17 capture=on(0.02s) onAir=off
[timecode] 18:58:59:17 capture=on(0.03s) onAir=off
[timecode] 18:59:00:17 capture=on(0.03s) onAir=off
[timecode] 18:59:01:17 capture=on(0.03s) onAir=off
[timecode] 18:59:02:17 capture=on(0.00s) onAir=off
[timecode] 18:59:03:17 capture=on(0.00s) onAir=off
[timecode] 18:59:04:17 capture=on(0.01s) onAir=off
[timecode] 18:59:05:18 capture=on(0.02s) onAir=off
[timecode] 18:59:06:18 capture=on(0.03s) onAir=off
[timecode] 18:59:07:18 capture=on(0.03s) onAir=off
[timecode] 18:59:08:18 capture=on(0.00s) onAir=off
[timecode] 18:59:09:18 capture=on(0.00s) onAir=off
[timecode] 18:59:10:18 capture=on(0.00s) onAir=off
[timecode] 18:59:11:18 capture=on(0.00s) onAir=off
[timecode] 18:59:12:18 capture=on(0.00s) onAir=off
[timecode] 18:59:13:18 capture=on(0.00s) onAir=off
[timecode] 18:59:14:18 capture=on(0.01s) onAir=off
[timecode] 18:59:15:19 capture=on(0.02s) onAir=off
[timecode] 18:59:16:19 capture=on(0.03s) onAir=off
[timecode] 18:59:17:19 capture=on(0.04s) onAir=off
[timecode] 18:59:18:19 capture=on(0.00s) onAir=off
[timecode] 18:59:19:19 capture=on(0.00s) onAir=off
[timecode] 18:59:20:19 capture=on(0.00s) onAir=off
[timecode] 18:59:21:19 capture=on(0.00s) onAir=off
[timecode] 18:59:22:19 capture=on(0.01s) onAir=off
[timecode] 18:59:23:19 capture=on(0.01s) onAir=off
[timecode] 18:59:24:20 capture=on(0.02s) onAir=off
[timecode] 18:59:25:20 capture=on(0.03s) onAir=off
[timecode] 18:59:26:20 capture=on(0.03s) onAir=off
[timecode] 18:59:27:20 capture=on(0.01s) onAir=off
[timecode] 18:59:28:20 capture=on(0.01s) onAir=off
[timecode] 18:59:29:20 capture=on(0.01s) onAir=off
[timecode] 18:59:30:20 capture=on(0.01s) onAir=off
[timecode] 18:59:31:20 capture=on(0.01s) onAir=off
[timecode] 18:59:32:20 capture=on(0.01s) onAir=off
[timecode] 18:59:33:21 capture=on(0.01s) onAir=off
[timecode] 18:59:34:21 capture=on(0.03s) onAir=off
[timecode] 18:59:35:21 capture=on(0.03s) onAir=off
[timecode] 18:59:36:21 capture=on(0.04s) onAir=off
[timecode] 18:59:37:21 capture=on(0.01s) onAir=off
[timecode] 18:59:38:21 capture=on(0.01s) onAir=off
[timecode] 18:59:39:21 capture=on(0.01s) onAir=off
[timecode] 18:59:40:21 capture=on(0.01s) onAir=off
[timecode] 18:59:41:22 capture=on(0.01s) onAir=off
[timecode] 18:59:42:22 capture=on(0.02s) onAir=off
[timecode] 18:59:43:22 capture=on(0.02s) onAir=off
[timecode] 18:59:44:22 capture=on(0.03s) onAir=off
[timecode] 18:59:45:22 capture=on(0.00s) onAir=off
[timecode] 18:59:46:22 capture=on(0.01s) onAir=off
[timecode] 18:59:47:22 capture=on(0.01s) onAir=off
[timecode] 18:59:48:22 capture=on(0.01s) onAir=off
[timecode] 18:59:49:23 capture=on(0.02s) onAir=off
[timecode] 18:59:50:23 capture=on(0.04s) onAir=off
[timecode] 18:59:51:23 capture=on(0.01s) onAir=off
[timecode] 18:59:52:23 capture=on(0.01s) onAir=off
[timecode] 18:59:53:24 capture=on(0.02s) onAir=off
[timecode] 18:59:54:24 capture=on(0.03s) onAir=off
[timecode] 18:59:55:24 capture=on(0.01s) onAir=off
[timecode] 18:59:56:24 capture=on(0.01s) onAir=off
[timecode] 18:59:57:24 capture=on(0.01s) onAir=off
[timecode] 18:59:59:00 capture=on(0.02s) onAir=off
[timecode] 19:00:00:00 capture=on(0.03s) onAir=off
[timecode] 19:00:01:00 capture=on(0.00s) onAir=off
[timecode] 19:00:02:00 capture=on(0.01s) onAir=off
[timecode] 19:00:03:00 capture=on(0.01s) onAir=off
[timecode] 19:00:04:01 capture=on(0.01s) onAir=off
[timecode] 19:00:05:01 capture=on(0.01s) onAir=off
[timecode] 19:00:06:01 capture=on(0.03s) onAir=off
[timecode] 19:00:07:01 capture=on(0.03s) onAir=off
[timecode] 19:00:08:01 capture=on(0.00s) onAir=off
[timecode] 19:00:09:01 capture=on(0.01s) onAir=off
[timecode] 19:00:10:01 capture=on(0.01s) onAir=off
[timecode] 19:00:11:01 capture=on(0.01s) onAir=off
[timecode] 19:00:12:01 capture=on(0.01s) onAir=off
[timecode] 19:00:13:02 capture=on(0.01s) onAir=off
[timecode] 19:00:14:02 capture=on(0.01s) onAir=off
[timecode] 19:00:15:02 capture=on(0.02s) onAir=off
[timecode] 19:00:16:02 capture=on(0.02s) onAir=off
[timecode] 19:00:17:02 capture=on(0.03s) onAir=off
[timecode] 19:00:18:02 capture=on(0.03s) onAir=off
[timecode] 19:00:19:02 capture=on(0.04s) onAir=off
[timecode] 19:00:20:02 capture=on(0.01s) onAir=off
[timecode] 19:00:21:02 capture=on(0.01s) onAir=off
[timecode] 19:00:22:02 capture=on(0.01s) onAir=off
[timecode] 19:00:23:02 capture=on(0.01s) onAir=off
[timecode] 19:00:24:02 capture=on(0.01s) onAir=off
[timecode] 19:00:25:03 capture=on(0.02s) onAir=off
[timecode] 19:00:26:03 capture=on(0.02s) onAir=off
[timecode] 19:00:27:03 capture=on(0.04s) onAir=off
[timecode] 19:00:28:03 capture=on(0.04s) onAir=off
[timecode] 19:00:29:03 capture=on(0.00s) onAir=off
[timecode] 19:00:30:03 capture=on(0.01s) onAir=off
[timecode] 19:00:31:04 capture=on(0.02s) onAir=off
[timecode] 19:00:32:04 capture=on(0.03s) onAir=off
[timecode] 19:00:33:04 capture=on(0.03s) onAir=off
[timecode] 19:00:34:04 capture=on(0.00s) onAir=off
[timecode] 19:00:35:04 capture=on(0.01s) onAir=off
[timecode] 19:00:36:04 capture=on(0.01s) onAir=off
[timecode] 19:00:37:04 capture=on(0.01s) onAir=off
[timecode] 19:00:38:04 capture=on(0.01s) onAir=off
[timecode] 19:00:39:04 capture=on(0.01s) onAir=off
[timecode] 19:00:40:04 capture=on(0.01s) onAir=off
[timecode] 19:00:41:04 capture=on(0.01s) onAir=off
[timecode] 19:00:42:05 capture=on(0.01s) onAir=off
[timecode] 19:00:43:05 capture=on(0.02s) onAir=off
[timecode] 19:00:44:05 capture=on(0.01s) onAir=off
[timecode] 19:00:45:05 capture=on(0.02s) onAir=off
[timecode] 19:00:46:05 capture=on(0.03s) onAir=off
[timecode] 19:00:47:05 capture=on(0.04s) onAir=off
[timecode] 19:00:48:05 capture=on(0.04s) onAir=off
[timecode] 19:00:49:05 capture=on(0.00s) onAir=off
[timecode] 19:00:50:06 capture=on(0.01s) onAir=off
[timecode] 19:00:51:06 capture=on(0.01s) onAir=off
[timecode] 19:00:52:06 capture=on(0.01s) onAir=off
[timecode] 19:00:53:06 capture=on(0.02s) onAir=off
[timecode] 19:00:54:06 capture=on(0.02s) onAir=off
[timecode] 19:00:55:06 capture=on(0.03s) onAir=off
[timecode] 19:00:56:06 capture=on(0.04s) onAir=off
[timecode] 19:00:57:06 capture=on(0.00s) onAir=off
[timecode] 19:00:58:06 capture=on(0.01s) onAir=off
[timecode] 19:00:59:07 capture=on(0.01s) onAir=off
[timecode] 19:01:00:07 capture=on(0.01s) onAir=off
[timecode] 19:01:01:07 capture=on(0.02s) onAir=off
[timecode] 19:01:02:07 capture=on(0.03s) onAir=off
[timecode] 19:01:03:07 capture=on(0.04s) onAir=off
[timecode] 19:01:04:07 capture=on(0.00s) onAir=off
[timecode] 19:01:05:08 capture=on(0.01s) onAir=off
[timecode] 19:01:06:08 capture=on(0.01s) onAir=off
[timecode] 19:01:07:08 capture=on(0.01s) onAir=off
[timecode] 19:01:08:08 capture=on(0.03s) onAir=off
[timecode] 19:01:09:08 capture=on(0.03s) onAir=off
[timecode] 19:01:10:08 capture=on(0.04s) onAir=off
[timecode] 19:01:11:08 capture=on(0.00s) onAir=off
[timecode] 19:01:12:08 capture=on(0.01s) onAir=off
[timecode] 19:01:13:09 capture=on(0.01s) onAir=off
[timecode] 19:01:14:09 capture=on(0.01s) onAir=off
[timecode] 19:01:15:09 capture=on(0.02s) onAir=off
[timecode] 19:01:16:09 capture=on(0.02s) onAir=off
[timecode] 19:01:17:09 capture=on(0.03s) onAir=off
[timecode] 19:01:18:09 capture=on(0.04s) onAir=off
[timecode] 19:01:19:10 capture=on(0.01s) onAir=off
[timecode] 19:01:20:10 capture=on(0.01s) onAir=off
[timecode] 19:01:21:10 capture=on(0.01s) onAir=off
[timecode] 19:01:22:10 capture=on(0.01s) onAir=off
[timecode] 19:01:23:10 capture=on(0.01s) onAir=off
[timecode] 19:01:24:10 capture=on(0.02s) onAir=off
[timecode] 19:01:25:10 capture=on(0.02s) onAir=off
[timecode] 19:01:26:10 capture=on(0.03s) onAir=off
[timecode] 19:01:27:10 capture=on(0.00s) onAir=off
[timecode] 19:01:28:10 capture=on(0.00s) onAir=off
[timecode] 19:01:29:10 capture=on(0.00s) onAir=off
[timecode] 19:01:30:10 capture=on(0.00s) onAir=off
[timecode] 19:01:31:10 capture=on(0.00s) onAir=off
[timecode] 19:01:32:11 capture=on(0.00s) onAir=off
[timecode] 19:01:33:11 capture=on(0.01s) onAir=off
[timecode] 19:01:34:11 capture=on(0.01s) onAir=off
[timecode] 19:01:35:11 capture=on(0.01s) onAir=off
[timecode] 19:01:36:11 capture=on(0.01s) onAir=off
[timecode] 19:01:37:11 capture=on(0.01s) onAir=off
[timecode] 19:01:38:11 capture=on(0.03s) onAir=off
[timecode] 19:01:39:11 capture=on(0.00s) onAir=off
[timecode] 19:01:40:12 capture=on(0.01s) onAir=off
[timecode] 19:01:41:12 capture=on(0.02s) onAir=off
[timecode] 19:01:42:12 capture=on(0.02s) onAir=off
[timecode] 19:01:43:12 capture=on(0.02s) onAir=off
[timecode] 19:01:44:12 capture=on(0.02s) onAir=off
[timecode] 19:01:45:12 capture=on(0.03s) onAir=off
[timecode] 19:01:46:12 capture=on(0.03s) onAir=off
[timecode] 19:01:47:12 capture=on(0.00s) onAir=off
[timecode] 19:01:48:12 capture=on(0.00s) onAir=off
[timecode] 19:01:49:13 capture=on(0.00s) onAir=off
[timecode] 19:01:50:13 capture=on(0.00s) onAir=off
[timecode] 19:01:51:13 capture=on(0.02s) onAir=off
[timecode] 19:01:52:13 capture=on(0.02s) onAir=off
[timecode] 19:01:53:13 capture=on(0.03s) onAir=off
[timecode] 19:01:54:13 capture=on(0.00s) onAir=off
[timecode] 19:01:55:14 capture=on(0.00s) onAir=off
[timecode] 19:01:56:14 capture=on(0.00s) onAir=off
[timecode] 19:01:57:14 capture=on(0.00s) onAir=off
[timecode] 19:01:58:14 capture=on(0.01s) onAir=off
[timecode] 19:01:59:14 capture=on(0.02s) onAir=off
[timecode] 19:02:00:14 capture=on(0.03s) onAir=off
[timecode] 19:02:01:14 capture=on(0.00s) onAir=off
[timecode] 19:02:02:15 capture=on(0.00s) onAir=off
[timecode] 19:02:03:15 capture=on(0.00s) onAir=off
[timecode] 19:02:04:15 capture=on(0.02s) onAir=off
[timecode] 19:02:05:15 capture=on(0.03s) onAir=off
[timecode] 19:02:06:15 capture=on(0.03s) onAir=off
[timecode] 19:02:07:15 capture=on(0.00s) onAir=off
[timecode] 19:02:08:15 capture=on(0.00s) onAir=off
[timecode] 19:02:09:16 capture=on(0.00s) onAir=off
[timecode] 19:02:10:16 capture=on(0.00s) onAir=off
[timecode] 19:02:11:16 capture=on(0.00s) onAir=off
[timecode] 19:02:12:16 capture=on(0.01s) onAir=off
[timecode] 19:02:13:16 capture=on(0.01s) onAir=off
[timecode] 19:02:14:16 capture=on(0.02s) onAir=off
[timecode] 19:02:15:16 capture=on(0.03s) onAir=off
[timecode] 19:02:16:16 capture=on(0.03s) onAir=off
[timecode] 19:02:17:16 capture=on(0.03s) onAir=off
[timecode] 19:02:18:16 capture=on(0.00s) onAir=off
[timecode] 19:02:19:16 capture=on(0.00s) onAir=off
[timecode] 19:02:20:17 capture=on(0.00s) onAir=off
[timecode] 19:02:21:17 capture=on(0.00s) onAir=off
[timecode] 19:02:22:17 capture=on(0.00s) onAir=off
[timecode] 19:02:23:17 capture=on(0.00s) onAir=off
[timecode] 19:02:24:17 capture=on(0.00s) onAir=off
[timecode] 19:02:25:17 capture=on(0.00s) onAir=off
[timecode] 19:02:26:17 capture=on(0.00s) onAir=off
[timecode] 19:02:27:17 capture=on(0.01s) onAir=off
[timecode] 19:02:28:17 capture=on(0.01s) onAir=off
[timecode] 19:02:29:17 capture=on(0.01s) onAir=off
[timecode] 19:02:30:17 capture=on(0.02s) onAir=off
[timecode] 19:02:31:17 capture=on(0.02s) onAir=off
[timecode] 19:02:32:17 capture=on(0.02s) onAir=off
[timecode] 19:02:33:17 capture=on(0.03s) onAir=off
[timecode] 19:02:34:18 capture=on(0.00s) onAir=off
[timecode] 19:02:35:18 capture=on(0.00s) onAir=off
[timecode] 19:02:36:18 capture=on(0.01s) onAir=off
[timecode] 19:02:37:18 capture=on(0.01s) onAir=off
[timecode] 19:02:38:18 capture=on(0.01s) onAir=off
[timecode] 19:02:39:18 capture=on(0.01s) onAir=off
[timecode] 19:02:40:18 capture=on(0.02s) onAir=off
[timecode] 19:02:41:18 capture=on(0.03s) onAir=off
[timecode] 19:02:42:18 capture=on(0.03s) onAir=off
[timecode] 19:02:43:19 capture=on(0.00s) onAir=off
[timecode] 19:02:44:19 capture=on(0.00s) onAir=off
[timecode] 19:02:45:19 capture=on(0.00s) onAir=off
[timecode] 19:02:46:19 capture=on(0.00s) onAir=off
[timecode] 19:02:47:19 capture=on(0.01s) onAir=off
[timecode] 19:02:48:19 capture=on(0.01s) onAir=off
[timecode] 19:02:49:19 capture=on(0.01s) onAir=off
[timecode] 19:02:50:19 capture=on(0.01s) onAir=off
[timecode] 19:02:51:19 capture=on(0.02s) onAir=off
[timecode] 19:02:52:19 capture=on(0.02s) onAir=off
[timecode] 19:02:53:19 capture=on(0.02s) onAir=off
[timecode] 19:02:54:19 capture=on(0.03s) onAir=off
[timecode] 19:02:55:19 capture=on(0.03s) onAir=off
[timecode] 19:02:56:20 capture=on(0.01s) onAir=off
[timecode] 19:02:57:20 capture=on(0.01s) onAir=off
[timecode] 19:02:58:20 capture=on(0.01s) onAir=off
[timecode] 19:02:59:20 capture=on(0.01s) onAir=off
[timecode] 19:03:00:20 capture=on(0.01s) onAir=off
[timecode] 19:03:01:20 capture=on(0.02s) onAir=off
[timecode] 19:03:02:20 capture=on(0.03s) onAir=off
[timecode] 19:03:03:21 capture=on(0.01s) onAir=off
[timecode] 19:03:04:21 capture=on(0.01s) onAir=off
[timecode] 19:03:05:21 capture=on(0.01s) onAir=off
[timecode] 19:03:06:21 capture=on(0.02s) onAir=off
[timecode] 19:03:07:21 capture=on(0.03s) onAir=off
[timecode] 19:03:08:21 capture=on(0.04s) onAir=off
[timecode] 19:03:09:22 capture=on(0.00s) onAir=off
[timecode] 19:03:10:22 capture=on(0.01s) onAir=off
[timecode] 19:03:11:22 capture=on(0.01s) onAir=off
[timecode] 19:03:12:22 capture=on(0.01s) onAir=off
[timecode] 19:03:13:22 capture=on(0.01s) onAir=off
[timecode] 19:03:14:22 capture=on(0.02s) onAir=off
[timecode] 19:03:15:22 capture=on(0.03s) onAir=off
[timecode] 19:03:16:22 capture=on(0.03s) onAir=off
[timecode] 19:03:17:22 capture=on(0.03s) onAir=off
[timecode] 19:03:18:23 capture=on(0.00s) onAir=off
[timecode] 19:03:19:23 capture=on(0.01s) onAir=off
[timecode] 19:03:20:23 capture=on(0.01s) onAir=off
[timecode] 19:03:21:23 capture=on(0.01s) onAir=off
[timecode] 19:03:22:23 capture=on(0.02s) onAir=off
[timecode] 19:03:23:23 capture=on(0.03s) onAir=off
[timecode] 19:03:24:24 capture=on(0.04s) onAir=off
[timecode] 19:03:25:24 capture=on(0.04s) onAir=off
[timecode] 19:03:26:24 capture=on(0.04s) onAir=off
[timecode] 19:03:27:24 capture=on(0.01s) onAir=off
[timecode] 19:03:28:24 capture=on(0.01s) onAir=off
[timecode] 19:03:29:24 capture=on(0.01s) onAir=off
[timecode] 19:03:30:24 capture=on(0.02s) onAir=off
[timecode] 19:03:31:24 capture=on(0.02s) onAir=off
[timecode] 19:03:32:24 capture=on(0.03s) onAir=off
[timecode] 19:03:33:24 capture=on(0.03s) onAir=off
[timecode] 19:03:35:00 capture=on(0.00s) onAir=off
[timecode] 19:03:36:00 capture=on(0.01s) onAir=off
[timecode] 19:03:37:00 capture=on(0.01s) onAir=off
[timecode] 19:03:38:00 capture=on(0.01s) onAir=off
[timecode] 19:03:39:00 capture=on(0.01s) onAir=off
[timecode] 19:03:40:00 capture=on(0.03s) onAir=off
[timecode] 19:03:41:00 capture=on(0.03s) onAir=off
[timecode] 19:03:42:01 capture=on(0.00s) onAir=off
[timecode] 19:03:43:01 capture=on(0.01s) onAir=off
[timecode] 19:03:44:01 capture=on(0.01s) onAir=off
[timecode] 19:03:45:01 capture=on(0.00s) onAir=off
[timecode] 19:03:46:01 capture=on(0.01s) onAir=off
[timecode] 19:03:47:01 capture=on(0.01s) onAir=off
[timecode] 19:03:48:01 capture=on(0.01s) onAir=off
[timecode] 19:03:49:01 capture=on(0.01s) onAir=off
[timecode] 19:03:50:01 capture=on(0.01s) onAir=off
[timecode] 19:03:51:01 capture=on(0.01s) onAir=off
[timecode] 19:03:52:01 capture=on(0.02s) onAir=off
[timecode] 19:03:53:01 capture=on(0.03s) onAir=off
[timecode] 19:03:54:02 capture=on(0.00s) onAir=off
[timecode] 19:03:55:02 capture=on(0.00s) onAir=off
[timecode] 19:03:56:02 capture=on(0.01s) onAir=off
[timecode] 19:03:57:02 capture=on(0.02s) onAir=off
[timecode] 19:03:58:02 capture=on(0.03s) onAir=off
[timecode] 19:03:59:03 capture=on(0.00s) onAir=off
[timecode] 19:04:00:03 capture=on(0.00s) onAir=off
[timecode] 19:04:01:03 capture=on(0.00s) onAir=off
[timecode] 19:04:02:03 capture=on(0.01s) onAir=off
[timecode] 19:04:03:03 capture=on(0.02s) onAir=off
[timecode] 19:04:04:03 capture=on(0.02s) onAir=off
[timecode] 19:04:05:03 capture=on(0.03s) onAir=off
[timecode] 19:04:06:03 capture=on(0.03s) onAir=off
[timecode] 19:04:07:04 capture=on(0.04s) onAir=off
[timecode] 19:04:08:04 capture=on(0.00s) onAir=off
[timecode] 19:04:09:04 capture=on(0.01s) onAir=off
[timecode] 19:04:10:04 capture=on(0.01s) onAir=off
[timecode] 19:04:11:04 capture=on(0.02s) onAir=off
[timecode] 19:04:12:04 capture=on(0.03s) onAir=off
[timecode] 19:04:13:05 capture=on(0.00s) onAir=off
[timecode] 19:04:14:05 capture=on(0.00s) onAir=off
[timecode] 19:04:15:05 capture=on(0.00s) onAir=off
[timecode] 19:04:16:05 capture=on(0.01s) onAir=off
[timecode] 19:04:17:05 capture=on(0.01s) onAir=off
[timecode] 19:04:18:05 capture=on(0.01s) onAir=off
[timecode] 19:04:19:05 capture=on(0.01s) onAir=off
[timecode] 19:04:20:05 capture=on(0.01s) onAir=off
[timecode] 19:04:21:05 capture=on(0.01s) onAir=off
[timecode] 19:04:22:05 capture=on(0.01s) onAir=off
[timecode] 19:04:23:05 capture=on(0.03s) onAir=off
[timecode] 19:04:24:05 capture=on(0.03s) onAir=off
[timecode] 19:04:25:06 capture=on(0.03s) onAir=off
[timecode] 19:04:26:06 capture=on(0.00s) onAir=off
[timecode] 19:04:27:06 capture=on(0.00s) onAir=off
[timecode] 19:04:28:06 capture=on(0.00s) onAir=off
[timecode] 19:04:29:06 capture=on(0.01s) onAir=off
[timecode] 19:04:30:06 capture=on(0.01s) onAir=off
[timecode] 19:04:31:06 capture=on(0.02s) onAir=off
[timecode] 19:04:32:06 capture=on(0.03s) onAir=off
[timecode] 19:04:33:07 capture=on(0.00s) onAir=off
[timecode] 19:04:34:07 capture=on(0.00s) onAir=off
[timecode] 19:04:35:07 capture=on(0.00s) onAir=off
[timecode] 19:04:36:07 capture=on(0.01s) onAir=off
[timecode] 19:04:37:07 capture=on(0.02s) onAir=off
[timecode] 19:04:38:07 capture=on(0.03s) onAir=off
[timecode] 19:04:39:08 capture=on(0.00s) onAir=off
[timecode] 19:04:40:08 capture=on(0.01s) onAir=off
[timecode] 19:04:41:08 capture=on(0.02s) onAir=off
[timecode] 19:04:42:08 capture=on(0.02s) onAir=off
[timecode] 19:04:43:08 capture=on(0.02s) onAir=off
[timecode] 19:04:44:08 capture=on(0.03s) onAir=off
[timecode] 19:04:45:09 capture=on(0.00s) onAir=off
[timecode] 19:04:46:09 capture=on(0.00s) onAir=off
[timecode] 19:04:47:09 capture=on(0.01s) onAir=off
[timecode] 19:04:48:09 capture=on(0.01s) onAir=off
[timecode] 19:04:49:09 capture=on(0.02s) onAir=off
[timecode] 19:04:50:09 capture=on(0.03s) onAir=off
[timecode] 19:04:51:10 capture=on(0.03s) onAir=off
[timecode] 19:04:52:10 capture=on(0.00s) onAir=off
[timecode] 19:04:53:10 capture=on(0.00s) onAir=off
[timecode] 19:04:54:10 capture=on(0.01s) onAir=off
[timecode] 19:04:55:10 capture=on(0.00s) onAir=off
[timecode] 19:04:56:10 capture=on(0.00s) onAir=off
[timecode] 19:04:57:10 capture=on(0.01s) onAir=off
[timecode] 19:04:58:10 capture=on(0.01s) onAir=off
[timecode] 19:04:59:10 capture=on(0.02s) onAir=off
[timecode] 19:05:00:10 capture=on(0.03s) onAir=off
[timecode] 19:05:01:11 capture=on(0.03s) onAir=off
[timecode] 19:05:02:11 capture=on(0.00s) onAir=off
[timecode] 19:05:03:11 capture=on(0.00s) onAir=off
[timecode] 19:05:04:11 capture=on(0.00s) onAir=off
[timecode] 19:05:05:11 capture=on(0.01s) onAir=off
[timecode] 19:05:06:11 capture=on(0.01s) onAir=off
[timecode] 19:05:07:11 capture=on(0.02s) onAir=off
[timecode] 19:05:08:11 capture=on(0.03s) onAir=off
[timecode] 19:05:09:11 capture=on(0.03s) onAir=off
[timecode] 19:05:10:11 capture=on(0.03s) onAir=off
[timecode] 19:05:11:12 capture=on(0.00s) onAir=off
[timecode] 19:05:12:12 capture=on(0.01s) onAir=off
[timecode] 19:05:13:12 capture=on(0.02s) onAir=off
[timecode] 19:05:14:12 capture=on(0.02s) onAir=off
[timecode] 19:05:15:12 capture=on(0.02s) onAir=off
[timecode] 19:05:16:13 capture=on(0.03s) onAir=off
[timecode] 19:05:17:13 capture=on(0.00s) onAir=off
[timecode] 19:05:18:13 capture=on(0.00s) onAir=off
[timecode] 19:05:19:13 capture=on(0.01s) onAir=off
[timecode] 19:05:20:13 capture=on(0.01s) onAir=off
[timecode] 19:05:21:13 capture=on(0.01s) onAir=off
[timecode] 19:05:22:13 capture=on(0.02s) onAir=off
[timecode] 19:05:23:14 capture=on(0.03s) onAir=off
[timecode] 19:05:24:14 capture=on(0.03s) onAir=off
[timecode] 19:05:25:14 capture=on(0.00s) onAir=off
[timecode] 19:05:26:14 capture=on(0.00s) onAir=off
[timecode] 19:05:27:14 capture=on(0.00s) onAir=off
[timecode] 19:05:28:14 capture=on(0.01s) onAir=off
[timecode] 19:05:29:14 capture=on(0.01s) onAir=off
[timecode] 19:05:30:14 capture=on(0.03s) onAir=off
[timecode] 19:05:31:15 capture=on(0.00s) onAir=off
[timecode] 19:05:32:15 capture=on(0.00s) onAir=off
[timecode] 19:05:33:15 capture=on(0.01s) onAir=off
[timecode] 19:05:34:15 capture=on(0.01s) onAir=off
[timecode] 19:05:35:15 capture=on(0.01s) onAir=off
[timecode] 19:05:36:15 capture=on(0.01s) onAir=off
[timecode] 19:05:37:15 capture=on(0.01s) onAir=off
[timecode] 19:05:38:15 capture=on(0.02s) onAir=off
[timecode] 19:05:39:15 capture=on(0.03s) onAir=off
[timecode] 19:05:40:16 capture=on(0.04s) onAir=off
[timecode] 19:05:41:16 capture=on(0.00s) onAir=off
[timecode] 19:05:42:16 capture=on(0.01s) onAir=off
[timecode] 19:05:43:16 capture=on(0.01s) onAir=off
[timecode] 19:05:44:16 capture=on(0.01s) onAir=off
[timecode] 19:05:45:16 capture=on(0.01s) onAir=off
[timecode] 19:05:46:16 capture=on(0.01s) onAir=off
[timecode] 19:05:47:16 capture=on(0.02s) onAir=off
[timecode] 19:05:48:16 capture=on(0.03s) onAir=off
[timecode] 19:05:49:16 capture=on(0.03s) onAir=off
[timecode] 19:05:50:17 capture=on(0.03s) onAir=off
[timecode] 19:05:51:17 capture=on(0.04s) onAir=off
[timecode] 19:05:52:17 capture=on(0.04s) onAir=off
[timecode] 19:05:53:17 capture=on(0.01s) onAir=off
[timecode] 19:05:54:17 capture=on(0.01s) onAir=off
[timecode] 19:05:55:17 capture=on(0.02s) onAir=off
[timecode] 19:05:56:18 capture=on(0.03s) onAir=off
[timecode] 19:05:57:18 capture=on(0.00s) onAir=off
[timecode] 19:05:58:18 capture=on(0.01s) onAir=off
[timecode] 19:05:59:18 capture=on(0.01s) onAir=off
[timecode] 19:06:00:18 capture=on(0.01s) onAir=off
[timecode] 19:06:01:18 capture=on(0.02s) onAir=off
[timecode] 19:06:02:19 capture=on(0.04s) onAir=off
[timecode] 19:06:03:19 capture=on(0.01s) onAir=off
[timecode] 19:06:04:19 capture=on(0.01s) onAir=off
[timecode] 19:06:05:19 capture=on(0.01s) onAir=off
[timecode] 19:06:06:19 capture=on(0.01s) onAir=off
[timecode] 19:06:07:19 capture=on(0.01s) onAir=off
[timecode] 19:06:08:19 capture=on(0.01s) onAir=off
[timecode] 19:06:09:19 capture=on(0.03s) onAir=off
[timecode] 19:06:10:20 capture=on(0.04s) onAir=off
[timecode] 19:06:11:20 capture=on(0.01s) onAir=off
[timecode] 19:06:12:20 capture=on(0.01s) onAir=off
[timecode] 19:06:13:20 capture=on(0.01s) onAir=off
[timecode] 19:06:14:20 capture=on(0.02s) onAir=off
[timecode] 19:06:15:21 capture=on(0.03s) onAir=off
[timecode] 19:06:16:21 capture=on(0.03s) onAir=off
[timecode] 19:06:17:21 capture=on(0.04s) onAir=off
[timecode] 19:06:18:21 capture=on(0.04s) onAir=off
[timecode] 19:06:19:21 capture=on(0.00s) onAir=off
[timecode] 19:06:20:21 capture=on(0.01s) onAir=off
[timecode] 19:06:21:21 capture=on(0.01s) onAir=off
[timecode] 19:06:22:21 capture=on(0.01s) onAir=off
[timecode] 19:06:23:21 capture=on(0.01s) onAir=off
[timecode] 19:06:24:21 capture=on(0.01s) onAir=off
[timecode] 19:06:25:21 capture=on(0.01s) onAir=off
[timecode] 19:06:26:21 capture=on(0.01s) onAir=off
[timecode] 19:06:27:21 capture=on(0.01s) onAir=off
[timecode] 19:06:28:21 capture=on(0.01s) onAir=off
[timecode] 19:06:29:21 capture=on(0.01s) onAir=off
[timecode] 19:06:30:21 capture=on(0.01s) onAir=off
[timecode] 19:06:31:21 capture=on(0.01s) onAir=off
[timecode] 19:06:32:21 capture=on(0.02s) onAir=off
[timecode] 19:06:33:22 capture=on(0.03s) onAir=off
[timecode] 19:06:34:22 capture=on(0.04s) onAir=off
[timecode] 19:06:35:22 capture=on(0.04s) onAir=off
[timecode] 19:06:36:22 capture=on(0.00s) onAir=off
[timecode] 19:06:37:22 capture=on(0.01s) onAir=off
[timecode] 19:06:38:22 capture=on(0.01s) onAir=off
[timecode] 19:06:39:22 capture=on(0.01s) onAir=off
[timecode] 19:06:40:22 capture=on(0.01s) onAir=off
[timecode] 19:06:41:22 capture=on(0.01s) onAir=off
[timecode] 19:06:42:23 capture=on(0.03s) onAir=off
[timecode] 19:06:43:23 capture=on(0.03s) onAir=off
[timecode] 19:06:44:23 capture=on(0.00s) onAir=off
[timecode] 19:06:45:23 capture=on(0.01s) onAir=off
[timecode] 19:06:46:23 capture=on(0.01s) onAir=off
[timecode] 19:06:47:23 capture=on(0.02s) onAir=off
[timecode] 19:06:48:24 capture=on(0.04s) onAir=off
[timecode] 19:06:49:24 capture=on(0.01s) onAir=off
[timecode] 19:06:50:24 capture=on(0.01s) onAir=off
[timecode] 19:06:51:24 capture=on(0.01s) onAir=off
[timecode] 19:06:52:24 capture=on(0.02s) onAir=off
[timecode] 19:06:54:00 capture=on(0.02s) onAir=off
[timecode] 19:06:55:00 capture=on(0.03s) onAir=off
[timecode] 19:06:56:00 capture=on(0.02s) onAir=off
[timecode] 19:06:57:00 capture=on(0.03s) onAir=off
[timecode] 19:06:58:00 capture=on(0.03s) onAir=off
[timecode] 19:06:59:00 capture=on(0.00s) onAir=off
[timecode] 19:07:00:00 capture=on(0.01s) onAir=off
[timecode] 19:07:01:00 capture=on(0.01s) onAir=off
[timecode] 19:07:02:00 capture=on(0.01s) onAir=off
[timecode] 19:07:03:01 capture=on(0.03s) onAir=off
[timecode] 19:07:04:01 capture=on(0.03s) onAir=off
[timecode] 19:07:05:01 capture=on(0.04s) onAir=off
[timecode] 19:07:06:01 capture=on(0.01s) onAir=off
[timecode] 19:07:07:01 capture=on(0.01s) onAir=off
[timecode] 19:07:08:02 capture=on(0.02s) onAir=off
[timecode] 19:07:09:02 capture=on(0.02s) onAir=off
[timecode] 19:07:10:02 capture=on(0.03s) onAir=off
[timecode] 19:07:11:02 capture=on(0.03s) onAir=off
[timecode] 19:07:12:02 capture=on(0.03s) onAir=off
[timecode] 19:07:13:02 capture=on(0.00s) onAir=off
[timecode] 19:07:14:02 capture=on(0.00s) onAir=off
[timecode] 19:07:15:02 capture=on(0.01s) onAir=off
[timecode] 19:07:16:02 capture=on(0.01s) onAir=off
[timecode] 19:07:17:02 capture=on(0.02s) onAir=off
[timecode] 19:07:18:03 capture=on(0.02s) onAir=off
[timecode] 19:07:19:03 capture=on(0.03s) onAir=off
[timecode] 19:07:20:03 capture=on(0.01s) onAir=off
[timecode] 19:07:21:03 capture=on(0.01s) onAir=off
[timecode] 19:07:22:03 capture=on(0.01s) onAir=off
[timecode] 19:07:23:03 capture=on(0.01s) onAir=off
[timecode] 19:07:24:03 capture=on(0.02s) onAir=off
[timecode] 19:07:25:04 capture=on(0.03s) onAir=off
[timecode] 19:07:26:04 capture=on(0.03s) onAir=off
[timecode] 19:07:27:04 capture=on(0.03s) onAir=off
[timecode] 19:07:28:04 capture=on(0.03s) onAir=off
[timecode] 19:07:29:04 capture=on(0.00s) onAir=off
[timecode] 19:07:30:04 capture=on(0.00s) onAir=off
[timecode] 19:07:31:04 capture=on(0.00s) onAir=off
[timecode] 19:07:32:04 capture=on(0.00s) onAir=off
[timecode] 19:07:33:04 capture=on(0.00s) onAir=off
[timecode] 19:07:34:04 capture=on(0.00s) onAir=off
[timecode] 19:07:35:04 capture=on(0.00s) onAir=off
[timecode] 19:07:36:04 capture=on(0.00s) onAir=off
[timecode] 19:07:37:04 capture=on(0.00s) onAir=off
[timecode] 19:07:38:04 capture=on(0.01s) onAir=off
[timecode] 19:07:39:04 capture=on(0.01s) onAir=off
[timecode] 19:07:40:04 capture=on(0.01s) onAir=off
[timecode] 19:07:41:04 capture=on(0.02s) onAir=off
[timecode] 19:07:42:05 capture=on(0.03s) onAir=off
[timecode] 19:07:43:05 capture=on(0.03s) onAir=off
[timecode] 19:07:44:05 capture=on(0.00s) onAir=off
[timecode] 19:07:45:05 capture=on(0.00s) onAir=off
[timecode] 19:07:46:05 capture=on(0.00s) onAir=off
[timecode] 19:07:47:05 capture=on(0.00s) onAir=off
[timecode] 19:07:48:05 capture=on(0.01s) onAir=off
[timecode] 19:07:49:05 capture=on(0.01s) onAir=off
[timecode] 19:07:50:06 capture=on(0.02s) onAir=off
[timecode] 19:07:51:06 capture=on(0.02s) onAir=off
[timecode] 19:07:52:06 capture=on(0.03s) onAir=off
[timecode] 19:07:53:06 capture=on(0.00s) onAir=off
[timecode] 19:07:54:06 capture=on(0.00s) onAir=off
[timecode] 19:07:55:06 capture=on(0.00s) onAir=off
[timecode] 19:07:56:06 capture=on(0.01s) onAir=off
[timecode] 19:07:57:06 capture=on(0.01s) onAir=off
[timecode] 19:07:58:06 capture=on(0.01s) onAir=off
[timecode] 19:07:59:07 capture=on(0.02s) onAir=off
[timecode] 19:08:00:07 capture=on(0.02s) onAir=off
[timecode] 19:08:01:07 capture=on(0.03s) onAir=off
[timecode] 19:08:02:07 capture=on(0.04s) onAir=off
[timecode] 19:08:03:07 capture=on(0.00s) onAir=off
[timecode] 19:08:04:07 capture=on(0.00s) onAir=off
[timecode] 19:08:05:07 capture=on(0.00s) onAir=off
[timecode] 19:08:06:07 capture=on(0.00s) onAir=off
[timecode] 19:08:07:07 capture=on(0.00s) onAir=off
[timecode] 19:08:08:07 capture=on(0.00s) onAir=off
[timecode] 19:08:09:07 capture=on(0.01s) onAir=off
[timecode] 19:08:10:07 capture=on(0.00s) onAir=off
[timecode] 19:08:11:07 capture=on(0.01s) onAir=off
[timecode] 19:08:12:07 capture=on(0.01s) onAir=off
[timecode] 19:08:13:08 capture=on(0.02s) onAir=off
[timecode] 19:08:14:08 capture=on(0.03s) onAir=off
[timecode] 19:08:15:08 capture=on(0.00s) onAir=off
[timecode] 19:08:16:08 capture=on(0.00s) onAir=off
[timecode] 19:08:17:08 capture=on(0.00s) onAir=off
[timecode] 19:08:18:08 capture=on(0.00s) onAir=off
[timecode] 19:08:19:08 capture=on(0.00s) onAir=off
[timecode] 19:08:20:08 capture=on(0.00s) onAir=off
[timecode] 19:08:21:08 capture=on(0.00s) onAir=off
[timecode] 19:08:22:08 capture=on(0.00s) onAir=off
[timecode] 19:08:23:08 capture=on(0.00s) onAir=off
[timecode] 19:08:24:08 capture=on(0.00s) onAir=off
[timecode] 19:08:25:08 capture=on(0.00s) onAir=off
[timecode] 19:08:26:08 capture=on(0.01s) onAir=off
[timecode] 19:08:27:08 capture=on(0.01s) onAir=off
[timecode] 19:08:28:09 capture=on(0.02s) onAir=off
[timecode] 19:08:29:09 capture=on(0.04s) onAir=off
[timecode] 19:08:30:09 capture=on(0.01s) onAir=off
[timecode] 19:08:31:09 capture=on(0.01s) onAir=off
[timecode] 19:08:32:09 capture=on(0.01s) onAir=off
[timecode] 19:08:33:09 capture=on(0.01s) onAir=off
[timecode] 19:08:34:10 capture=on(0.02s) onAir=off
[timecode] 19:08:35:10 capture=on(0.03s) onAir=off
[timecode] 19:08:36:10 capture=on(0.03s) onAir=off
[timecode] 19:08:37:10 capture=on(0.04s) onAir=off
[timecode] 19:08:38:10 capture=on(0.00s) onAir=off
[timecode] 19:08:39:10 capture=on(0.00s) onAir=off
[timecode] 19:08:40:10 capture=on(0.01s) onAir=off
[timecode] 19:08:41:11 capture=on(0.02s) onAir=off
[timecode] 19:08:42:11 capture=on(0.03s) onAir=off
[timecode] 19:08:43:11 capture=on(0.03s) onAir=off
[timecode] 19:08:44:11 capture=on(0.04s) onAir=off
[timecode] 19:08:45:11 capture=on(0.00s) onAir=off
[timecode] 19:08:46:11 capture=on(0.01s) onAir=off
[timecode] 19:08:47:11 capture=on(0.01s) onAir=off
[timecode] 19:08:48:11 capture=on(0.01s) onAir=off
[timecode] 19:08:49:12 capture=on(0.03s) onAir=off
[timecode] 19:08:50:12 capture=on(0.00s) onAir=off
[timecode] 19:08:51:12 capture=on(0.01s) onAir=off
[timecode] 19:08:52:12 capture=on(0.01s) onAir=off
[timecode] 19:08:53:13 capture=on(0.02s) onAir=off
[timecode] 19:08:54:13 capture=on(0.03s) onAir=off
[timecode] 19:08:55:13 capture=on(0.00s) onAir=off
[timecode] 19:08:56:13 capture=on(0.00s) onAir=off
[timecode] 19:08:57:13 capture=on(0.01s) onAir=off
[timecode] 19:08:58:13 capture=on(0.01s) onAir=off
[timecode] 19:08:59:13 capture=on(0.01s) onAir=off
[timecode] 19:09:00:13 capture=on(0.01s) onAir=off
[timecode] 19:09:01:13 capture=on(0.01s) onAir=off
[timecode] 19:09:02:13 capture=on(0.01s) onAir=off
[timecode] 19:09:03:13 capture=on(0.01s) onAir=off
[timecode] 19:09:04:14 capture=on(0.02s) onAir=off
[timecode] 19:09:05:14 capture=on(0.02s) onAir=off
[timecode] 19:09:06:14 capture=on(0.04s) onAir=off
[timecode] 19:09:07:14 capture=on(0.00s) onAir=off
[timecode] 19:09:08:14 capture=on(0.01s) onAir=off
[timecode] 19:09:09:14 capture=on(0.01s) onAir=off
[timecode] 19:09:10:15 capture=on(0.02s) onAir=off
[timecode] 19:09:11:15 capture=on(0.03s) onAir=off
[timecode] 19:09:12:15 capture=on(0.03s) onAir=off
[timecode] 19:09:13:15 capture=on(0.03s) onAir=off
[timecode] 19:09:14:15 capture=on(0.04s) onAir=off
[timecode] 19:09:15:15 capture=on(0.00s) onAir=off
[timecode] 19:09:16:15 capture=on(0.00s) onAir=off
[timecode] 19:09:17:15 capture=on(0.01s) onAir=off
[timecode] 19:09:18:15 capture=on(0.00s) onAir=off
[timecode] 19:09:19:15 capture=on(0.00s) onAir=off
[timecode] 19:09:20:15 capture=on(0.01s) onAir=off
[timecode] 19:09:21:15 capture=on(0.01s) onAir=off
[timecode] 19:09:22:15 capture=on(0.01s) onAir=off
[timecode] 19:09:23:15 capture=on(0.01s) onAir=off
[timecode] 19:09:24:15 capture=on(0.01s) onAir=off
[timecode] 19:09:25:15 capture=on(0.01s) onAir=off
[timecode] 19:09:26:16 capture=on(0.02s) onAir=off
[timecode] 19:09:27:16 capture=on(0.03s) onAir=off
[timecode] 19:09:28:16 capture=on(0.03s) onAir=off
[timecode] 19:09:29:16 capture=on(0.00s) onAir=off
[timecode] 19:09:30:16 capture=on(0.01s) onAir=off
[timecode] 19:09:31:16 capture=on(0.01s) onAir=off
[timecode] 19:09:32:16 capture=on(0.01s) onAir=off
[timecode] 19:09:33:16 capture=on(0.01s) onAir=off
[timecode] 19:09:34:17 capture=on(0.02s) onAir=off
[timecode] 19:09:35:17 capture=on(0.02s) onAir=off
[timecode] 19:09:36:17 capture=on(0.04s) onAir=off
[timecode] 19:09:37:17 capture=on(0.00s) onAir=off
[timecode] 19:09:38:17 capture=on(0.00s) onAir=off
[timecode] 19:09:39:17 capture=on(0.01s) onAir=off
[timecode] 19:09:40:17 capture=on(0.01s) onAir=off
[timecode] 19:09:41:18 capture=on(0.02s) onAir=off
[timecode] 19:09:42:18 capture=on(0.02s) onAir=off
[timecode] 19:09:43:18 capture=on(0.02s) onAir=off
[timecode] 19:09:44:18 capture=on(0.03s) onAir=off
[timecode] 19:09:45:18 capture=on(0.00s) onAir=off
[timecode] 19:09:46:18 capture=on(0.01s) onAir=off
[timecode] 19:09:47:18 capture=on(0.00s) onAir=off
[timecode] 19:09:48:18 capture=on(0.01s) onAir=off
[timecode] 19:09:49:18 capture=on(0.01s) onAir=off
[timecode] 19:09:50:19 capture=on(0.02s) onAir=off
[timecode] 19:09:51:19 capture=on(0.02s) onAir=off
[timecode] 19:09:52:19 capture=on(0.03s) onAir=off
[timecode] 19:09:53:19 capture=on(0.03s) onAir=off
[timecode] 19:09:54:19 capture=on(0.03s) onAir=off
[timecode] 19:09:55:19 capture=on(0.00s) onAir=off
[timecode] 19:09:56:19 capture=on(0.01s) onAir=off
[timecode] 19:09:57:19 capture=on(0.01s) onAir=off
[timecode] 19:09:58:19 capture=on(0.01s) onAir=off
[timecode] 19:09:59:19 capture=on(0.01s) onAir=off
[timecode] 19:10:00:19 capture=on(0.01s) onAir=off
[timecode] 19:10:01:19 capture=on(0.01s) onAir=off
[timecode] 19:10:02:19 capture=on(0.01s) onAir=off
[timecode] 19:10:03:20 capture=on(0.02s) onAir=off
[timecode] 19:10:04:20 capture=on(0.02s) onAir=off
[timecode] 19:10:05:20 capture=on(0.03s) onAir=off
[timecode] 19:10:06:20 capture=on(0.03s) onAir=off
[timecode] 19:10:07:20 capture=on(0.00s) onAir=off
[timecode] 19:10:08:20 capture=on(0.01s) onAir=off
[timecode] 19:10:09:21 capture=on(0.02s) onAir=off
[timecode] 19:10:10:21 capture=on(0.02s) onAir=off
[timecode] 19:10:11:21 capture=on(0.03s) onAir=off
[timecode] 19:10:12:21 capture=on(0.04s) onAir=off
[timecode] 19:10:13:21 capture=on(0.00s) onAir=off
[timecode] 19:10:14:21 capture=on(0.01s) onAir=off
[timecode] 19:10:15:21 capture=on(0.01s) onAir=off
[timecode] 19:10:16:21 capture=on(0.01s) onAir=off
[timecode] 19:10:17:21 capture=on(0.01s) onAir=off
[timecode] 19:10:18:21 capture=on(0.01s) onAir=off
[timecode] 19:10:19:21 capture=on(0.01s) onAir=off
[timecode] 19:10:20:21 capture=on(0.01s) onAir=off
[timecode] 19:10:21:21 capture=on(0.01s) onAir=off
[timecode] 19:10:22:21 capture=on(0.01s) onAir=off
[timecode] 19:10:23:22 capture=on(0.01s) onAir=off
[timecode] 19:10:24:22 capture=on(0.02s) onAir=off
[timecode] 19:10:25:22 capture=on(0.03s) onAir=off
[timecode] 19:10:26:22 capture=on(0.04s) onAir=off
[timecode] 19:10:27:22 capture=on(0.00s) onAir=off
[timecode] 19:10:28:22 capture=on(0.01s) onAir=off
[timecode] 19:10:29:22 capture=on(0.01s) onAir=off
[timecode] 19:10:30:22 capture=on(0.01s) onAir=off
[timecode] 19:10:31:22 capture=on(0.01s) onAir=off
[timecode] 19:10:32:22 capture=on(0.01s) onAir=off
[timecode] 19:10:33:23 capture=on(0.01s) onAir=off
[timecode] 19:10:34:23 capture=on(0.02s) onAir=off
[timecode] 19:10:35:23 capture=on(0.03s) onAir=off
[timecode] 19:10:36:23 capture=on(0.03s) onAir=off
[timecode] 19:10:37:23 capture=on(0.00s) onAir=off
[timecode] 19:10:38:23 capture=on(0.01s) onAir=off
[timecode] 19:10:39:23 capture=on(0.01s) onAir=off
[timecode] 19:10:40:23 capture=on(0.01s) onAir=off
[timecode] 19:10:41:24 capture=on(0.01s) onAir=off
[timecode] 19:10:42:24 capture=on(0.03s) onAir=off
[timecode] 19:10:43:24 capture=on(0.03s) onAir=off
[timecode] 19:10:44:24 capture=on(0.03s) onAir=off
[timecode] 19:10:45:24 capture=on(0.04s) onAir=off
[timecode] 19:10:46:24 capture=on(0.00s) onAir=off
[timecode] 19:10:47:24 capture=on(0.01s) onAir=off
[timecode] 19:10:48:24 capture=on(0.01s) onAir=off
[timecode] 19:10:49:24 capture=on(0.01s) onAir=off
[timecode] 19:10:51:00 capture=on(0.02s) onAir=off
[timecode] 19:10:52:00 capture=on(0.03s) onAir=off
[timecode] 19:10:53:00 capture=on(0.03s) onAir=off
[timecode] 19:10:54:00 capture=on(0.00s) onAir=off
[timecode] 19:10:55:00 capture=on(0.01s) onAir=off
[timecode] 19:10:56:00 capture=on(0.01s) onAir=off
[timecode] 19:10:57:00 capture=on(0.01s) onAir=off
[timecode] 19:10:58:01 capture=on(0.02s) onAir=off
[timecode] 19:10:59:01 capture=on(0.02s) onAir=off
[timecode] 19:11:00:01 capture=on(0.03s) onAir=off
[timecode] 19:11:01:01 capture=on(0.03s) onAir=off
[timecode] 19:11:02:01 capture=on(0.03s) onAir=off
[timecode] 19:11:03:01 capture=on(0.00s) onAir=off
[timecode] 19:11:04:01 capture=on(0.01s) onAir=off
[timecode] 19:11:05:01 capture=on(0.00s) onAir=off
[timecode] 19:11:06:01 capture=on(0.01s) onAir=off
[timecode] 19:11:07:02 capture=on(0.02s) onAir=off
[timecode] 19:11:08:02 capture=on(0.03s) onAir=off
[timecode] 19:11:09:02 capture=on(0.03s) onAir=off
[timecode] 19:11:10:02 capture=on(0.00s) onAir=off
[timecode] 19:11:11:02 capture=on(0.00s) onAir=off
[timecode] 19:11:12:02 capture=on(0.00s) onAir=off
[timecode] 19:11:13:02 capture=on(0.00s) onAir=off
[timecode] 19:11:14:02 capture=on(0.01s) onAir=off
[timecode] 19:11:15:03 capture=on(0.01s) onAir=off
[timecode] 19:11:16:03 capture=on(0.02s) onAir=off
[timecode] 19:11:17:03 capture=on(0.03s) onAir=off
[timecode] 19:11:18:03 capture=on(0.03s) onAir=off
[timecode] 19:11:19:03 capture=on(0.00s) onAir=off
[timecode] 19:11:20:03 capture=on(0.01s) onAir=off
[timecode] 19:11:21:04 capture=on(0.01s) onAir=off
[timecode] 19:11:22:04 capture=on(0.01s) onAir=off
[timecode] 19:11:23:04 capture=on(0.02s) onAir=off
[timecode] 19:11:24:04 capture=on(0.04s) onAir=off
[timecode] 19:11:25:04 capture=on(0.00s) onAir=off
[timecode] 19:11:26:04 capture=on(0.00s) onAir=off
[timecode] 19:11:27:04 capture=on(0.01s) onAir=off
[timecode] 19:11:28:05 capture=on(0.01s) onAir=off
[timecode] 19:11:29:05 capture=on(0.02s) onAir=off
[timecode] 19:11:30:05 capture=on(0.04s) onAir=off
[timecode] 19:11:31:06 capture=on(0.01s) onAir=off
[timecode] 19:11:32:06 capture=on(0.01s) onAir=off
[timecode] 19:11:33:06 capture=on(0.01s) onAir=off
[timecode] 19:11:34:06 capture=on(0.01s) onAir=off
[timecode] 19:11:35:06 capture=on(0.01s) onAir=off
[timecode] 19:11:36:06 capture=on(0.01s) onAir=off
[timecode] 19:11:37:06 capture=on(0.01s) onAir=off
[timecode] 19:11:38:06 capture=on(0.01s) onAir=off
[timecode] 19:11:39:06 capture=on(0.01s) onAir=off
[timecode] 19:11:40:06 capture=on(0.01s) onAir=off
[timecode] 19:11:41:06 capture=on(0.01s) onAir=off
[timecode] 19:11:42:06 capture=on(0.02s) onAir=off
[timecode] 19:11:43:06 capture=on(0.02s) onAir=off
[timecode] 19:11:44:06 capture=on(0.02s) onAir=off
[timecode] 19:11:45:06 capture=on(0.04s) onAir=off
[timecode] 19:11:46:06 capture=on(0.04s) onAir=off
[timecode] 19:11:47:06 capture=on(0.00s) onAir=off
[timecode] 19:11:48:07 capture=on(0.01s) onAir=off
[timecode] 19:11:49:07 capture=on(0.01s) onAir=off
[timecode] 19:11:50:07 capture=on(0.02s) onAir=off
[timecode] 19:11:51:07 capture=on(0.03s) onAir=off
[timecode] 19:11:52:07 capture=on(0.04s) onAir=off
[timecode] 19:11:53:07 capture=on(0.00s) onAir=off
[timecode] 19:11:54:08 capture=on(0.01s) onAir=off
[timecode] 19:11:55:08 capture=on(0.01s) onAir=off
[timecode] 19:11:56:08 capture=on(0.02s) onAir=off
[timecode] 19:11:57:08 capture=on(0.02s) onAir=off
[timecode] 19:11:58:08 capture=on(0.02s) onAir=off
[timecode] 19:11:59:08 capture=on(0.03s) onAir=off
[timecode] 19:12:00:08 capture=on(0.03s) onAir=off
[timecode] 19:12:01:08 capture=on(0.04s) onAir=off
[timecode] 19:12:02:09 capture=on(0.01s) onAir=off
[timecode] 19:12:03:09 capture=on(0.01s) onAir=off
[timecode] 19:12:04:09 capture=on(0.01s) onAir=off
[timecode] 19:12:05:09 capture=on(0.01s) onAir=off
[timecode] 19:12:06:09 capture=on(0.01s) onAir=off
[timecode] 19:12:07:09 capture=on(0.01s) onAir=off
[timecode] 19:12:08:09 capture=on(0.02s) onAir=off
[timecode] 19:12:09:09 capture=on(0.03s) onAir=off
[timecode] 19:12:10:10 capture=on(0.01s) onAir=off
[timecode] 19:12:11:10 capture=on(0.01s) onAir=off
[timecode] 19:12:12:10 capture=on(0.03s) onAir=off
[timecode] 19:12:13:10 capture=on(0.00s) onAir=off
[timecode] 19:12:14:11 capture=on(0.01s) onAir=off
[timecode] 19:12:15:11 capture=on(0.01s) onAir=off
[timecode] 19:12:16:11 capture=on(0.01s) onAir=off
[timecode] 19:12:17:11 capture=on(0.01s) onAir=off
[timecode] 19:12:18:11 capture=on(0.02s) onAir=off
[timecode] 19:12:19:11 capture=on(0.03s) onAir=off
[timecode] 19:12:20:11 capture=on(0.03s) onAir=off
[timecode] 19:12:21:11 capture=on(0.03s) onAir=off
[timecode] 19:12:22:11 capture=on(0.03s) onAir=off
[timecode] 19:12:23:11 capture=on(0.00s) onAir=off
[timecode] 19:12:24:12 capture=on(0.01s) onAir=off
[timecode] 19:12:25:12 capture=on(0.01s) onAir=off
[timecode] 19:12:26:12 capture=on(0.01s) onAir=off
[timecode] 19:12:27:12 capture=on(0.01s) onAir=off
[timecode] 19:12:28:12 capture=on(0.01s) onAir=off
[timecode] 19:12:29:12 capture=on(0.02s) onAir=off
[timecode] 19:12:30:12 capture=on(0.03s) onAir=off
[timecode] 19:12:31:12 capture=on(0.00s) onAir=off
[timecode] 19:12:32:13 capture=on(0.01s) onAir=off
[timecode] 19:12:33:13 capture=on(0.02s) onAir=off
[timecode] 19:12:34:13 capture=on(0.04s) onAir=off
[timecode] 19:12:35:13 capture=on(0.04s) onAir=off
[timecode] 19:12:36:14 capture=on(0.00s) onAir=off
[timecode] 19:12:37:14 capture=on(0.00s) onAir=off
[timecode] 19:12:38:14 capture=on(0.00s) onAir=off
[timecode] 19:12:39:14 capture=on(0.00s) onAir=off
[timecode] 19:12:40:14 capture=on(0.00s) onAir=off
[timecode] 19:12:41:14 capture=on(0.00s) onAir=off
[timecode] 19:12:42:14 capture=on(0.00s) onAir=off
[timecode] 19:12:43:14 capture=on(0.01s) onAir=off
[timecode] 19:12:44:14 capture=on(0.01s) onAir=off
[timecode] 19:12:45:14 capture=on(0.01s) onAir=off
[timecode] 19:12:46:14 capture=on(0.01s) onAir=off
[timecode] 19:12:47:14 capture=on(0.02s) onAir=off
[timecode] 19:12:48:14 capture=on(0.02s) onAir=off
[timecode] 19:12:49:14 capture=on(0.03s) onAir=off
[timecode] 19:12:50:14 capture=on(0.00s) onAir=off
[timecode] 19:12:51:15 capture=on(0.00s) onAir=off
[timecode] 19:12:52:15 capture=on(0.01s) onAir=off
[timecode] 19:12:53:15 capture=on(0.01s) onAir=off
[timecode] 19:12:54:15 capture=on(0.02s) onAir=off
[timecode] 19:12:55:15 capture=on(0.02s) onAir=off
[timecode] 19:12:56:15 capture=on(0.03s) onAir=off
[timecode] 19:12:57:15 capture=on(0.03s) onAir=off
[timecode] 19:12:58:16 capture=on(0.00s) onAir=off
[timecode] 19:12:59:16 capture=on(0.00s) onAir=off
[timecode] 19:13:00:16 capture=on(0.00s) onAir=off
[timecode] 19:13:01:16 capture=on(0.00s) onAir=off
[timecode] 19:13:02:16 capture=on(0.00s) onAir=off
[timecode] 19:13:03:16 capture=on(0.00s) onAir=off
[timecode] 19:13:04:16 capture=on(0.02s) onAir=off
[timecode] 19:13:05:16 capture=on(0.03s) onAir=off
[timecode] 19:13:06:16 capture=on(0.04s) onAir=off
[timecode] 19:13:07:17 capture=on(0.00s) onAir=off
[timecode] 19:13:08:17 capture=on(0.00s) onAir=off
[timecode] 19:13:09:17 capture=on(0.00s) onAir=off
[timecode] 19:13:10:17 capture=on(0.00s) onAir=off
[timecode] 19:13:11:17 capture=on(0.00s) onAir=off
[timecode] 19:13:12:17 capture=on(0.00s) onAir=off
[timecode] 19:13:13:17 capture=on(0.01s) onAir=off
[timecode] 19:13:14:17 capture=on(0.01s) onAir=off
[timecode] 19:13:15:17 capture=on(0.02s) onAir=off
[timecode] 19:13:16:17 capture=on(0.03s) onAir=off
[timecode] 19:13:17:18 capture=on(0.00s) onAir=off
[timecode] 19:13:18:18 capture=on(0.00s) onAir=off
[timecode] 19:13:19:18 capture=on(0.01s) onAir=off
[timecode] 19:13:20:18 capture=on(0.02s) onAir=off
[timecode] 19:13:21:18 capture=on(0.03s) onAir=off
[timecode] 19:13:22:18 capture=on(0.03s) onAir=off
[timecode] 19:13:23:19 capture=on(0.00s) onAir=off
[timecode] 19:13:24:19 capture=on(0.00s) onAir=off
[timecode] 19:13:25:19 capture=on(0.02s) onAir=off
[timecode] 19:13:26:19 capture=on(0.03s) onAir=off
[timecode] 19:13:27:19 capture=on(0.03s) onAir=off
[timecode] 19:13:28:19 capture=on(0.03s) onAir=off
[timecode] 19:13:29:20 capture=on(0.00s) onAir=off
[timecode] 19:13:30:20 capture=on(0.01s) onAir=off
[timecode] 19:13:31:20 capture=on(0.02s) onAir=off
[timecode] 19:13:32:20 capture=on(0.02s) onAir=off
[timecode] 19:13:33:20 capture=on(0.04s) onAir=off
[timecode] 19:13:34:21 capture=on(0.00s) onAir=off
[timecode] 19:13:35:21 capture=on(0.00s) onAir=off
[timecode] 19:13:36:21 capture=on(0.00s) onAir=off
[timecode] 19:13:37:21 capture=on(0.00s) onAir=off
[timecode] 19:13:38:21 capture=on(0.00s) onAir=off
[timecode] 19:13:39:21 capture=on(0.00s) onAir=off
[timecode] 19:13:40:21 capture=on(0.00s) onAir=off
[timecode] 19:13:41:21 capture=on(0.00s) onAir=off
[timecode] 19:13:42:21 capture=on(0.00s) onAir=off
[timecode] 19:13:43:21 capture=on(0.01s) onAir=off
[timecode] 19:13:44:21 capture=on(0.02s) onAir=off
[timecode] 19:13:45:21 capture=on(0.02s) onAir=off
[timecode] 19:13:46:21 capture=on(0.02s) onAir=off
[timecode] 19:13:47:21 capture=on(0.03s) onAir=off
[timecode] 19:13:48:21 capture=on(0.03s) onAir=off
[timecode] 19:13:49:22 capture=on(0.00s) onAir=off
[timecode] 19:13:50:22 capture=on(0.00s) onAir=off
[timecode] 19:13:51:22 capture=on(0.00s) onAir=off
[timecode] 19:13:52:22 capture=on(0.00s) onAir=off
[timecode] 19:13:53:22 capture=on(0.00s) onAir=off
[timecode] 19:13:54:22 capture=on(0.01s) onAir=off
[timecode] 19:13:55:22 capture=on(0.02s) onAir=off
[timecode] 19:13:56:22 capture=on(0.03s) onAir=off
[timecode] 19:13:57:22 capture=on(0.03s) onAir=off
[timecode] 19:13:58:22 capture=on(0.03s) onAir=off
[timecode] 19:13:59:23 capture=on(0.00s) onAir=off
[timecode] 19:14:00:23 capture=on(0.00s) onAir=off
[timecode] 19:14:01:23 capture=on(0.00s) onAir=off
[timecode] 19:14:02:23 capture=on(0.00s) onAir=off
[timecode] 19:14:03:23 capture=on(0.00s) onAir=off
[timecode] 19:14:04:23 capture=on(0.00s) onAir=off
[timecode] 19:14:05:23 capture=on(0.02s) onAir=off
[timecode] 19:14:06:23 capture=on(0.03s) onAir=off
[timecode] 19:14:07:23 capture=on(0.03s) onAir=off
[timecode] 19:14:08:24 capture=on(0.00s) onAir=off
[timecode] 19:14:09:24 capture=on(0.00s) onAir=off
[timecode] 19:14:10:24 capture=on(0.00s) onAir=off
[timecode] 19:14:11:24 capture=on(0.00s) onAir=off
[timecode] 19:14:12:24 capture=on(0.00s) onAir=off
[timecode] 19:14:13:24 capture=on(0.01s) onAir=off
[timecode] 19:14:14:24 capture=on(0.02s) onAir=off
[timecode] 19:14:15:24 capture=on(0.02s) onAir=off
[timecode] 19:14:16:24 capture=on(0.03s) onAir=off
[timecode] 19:14:18:00 capture=on(0.00s) onAir=off
[timecode] 19:14:19:00 capture=on(0.00s) onAir=off
[timecode] 19:14:20:00 capture=on(0.00s) onAir=off
[timecode] 19:14:21:00 capture=on(0.00s) onAir=off
[timecode] 19:14:22:00 capture=on(0.00s) onAir=off
[timecode] 19:14:23:00 capture=on(0.01s) onAir=off
[timecode] 19:14:24:00 capture=on(0.03s) onAir=off
[timecode] 19:14:25:00 capture=on(0.03s) onAir=off
[timecode] 19:14:26:00 capture=on(0.03s) onAir=off
[timecode] 19:14:27:01 capture=on(0.03s) onAir=off
[timecode] 19:14:28:01 capture=on(0.01s) onAir=off
[timecode] 19:14:29:01 capture=on(0.01s) onAir=off
[timecode] 19:14:30:01 capture=on(0.01s) onAir=off
[timecode] 19:14:31:01 capture=on(0.01s) onAir=off
[timecode] 19:14:32:01 capture=on(0.01s) onAir=off
[timecode] 19:14:33:01 capture=on(0.02s) onAir=off
[timecode] 19:14:34:02 capture=on(0.04s) onAir=off
[timecode] 19:14:35:02 capture=on(0.04s) onAir=off
[timecode] 19:14:36:02 capture=on(0.00s) onAir=off
[timecode] 19:14:37:02 capture=on(0.00s) onAir=off
[timecode] 19:14:38:02 capture=on(0.01s) onAir=off
[timecode] 19:14:39:02 capture=on(0.01s) onAir=off
[timecode] 19:14:40:02 capture=on(0.01s) onAir=off
[timecode] 19:14:41:02 capture=on(0.01s) onAir=off
[timecode] 19:14:42:02 capture=on(0.02s) onAir=off
[timecode] 19:14:43:02 capture=on(0.03s) onAir=off
[timecode] 19:14:44:02 capture=on(0.03s) onAir=off
[timecode] 19:14:45:03 capture=on(0.00s) onAir=off
[timecode] 19:14:46:03 capture=on(0.01s) onAir=off
[timecode] 19:14:47:03 capture=on(0.01s) onAir=off
[timecode] 19:14:48:03 capture=on(0.01s) onAir=off
[timecode] 19:14:49:03 capture=on(0.01s) onAir=off
[timecode] 19:14:50:03 capture=on(0.01s) onAir=off
[timecode] 19:14:51:03 capture=on(0.02s) onAir=off
[timecode] 19:14:52:03 capture=on(0.02s) onAir=off
[timecode] 19:14:53:03 capture=on(0.03s) onAir=off
[timecode] 19:14:54:04 capture=on(0.04s) onAir=off
[timecode] 19:14:55:04 capture=on(0.04s) onAir=off
[timecode] 19:14:56:04 capture=on(0.00s) onAir=off
[timecode] 19:14:57:04 capture=on(0.01s) onAir=off
[timecode] 19:14:58:04 capture=on(0.01s) onAir=off
[timecode] 19:14:59:04 capture=on(0.01s) onAir=off
[timecode] 19:15:00:04 capture=on(0.01s) onAir=off
[timecode] 19:15:01:04 capture=on(0.01s) onAir=off
[timecode] 19:15:02:04 capture=on(0.01s) onAir=off
[timecode] 19:15:03:04 capture=on(0.02s) onAir=off
[timecode] 19:15:04:04 capture=on(0.03s) onAir=off
[timecode] 19:15:05:05 capture=on(0.03s) onAir=off
[timecode] 19:15:06:05 capture=on(0.04s) onAir=off
[timecode] 19:15:07:05 capture=on(0.01s) onAir=off
[timecode] 19:15:08:05 capture=on(0.01s) onAir=off
[timecode] 19:15:09:05 capture=on(0.02s) onAir=off
[timecode] 19:15:10:05 capture=on(0.03s) onAir=off
[timecode] 19:15:11:06 capture=on(0.03s) onAir=off
[timecode] 19:15:12:06 capture=on(0.01s) onAir=off
[timecode] 19:15:13:06 capture=on(0.01s) onAir=off
[timecode] 19:15:14:06 capture=on(0.01s) onAir=off
[timecode] 19:15:15:06 capture=on(0.01s) onAir=off
[timecode] 19:15:16:06 capture=on(0.01s) onAir=off
[timecode] 19:15:17:06 capture=on(0.01s) onAir=off
[timecode] 19:15:18:06 capture=on(0.02s) onAir=off
[timecode] 19:15:19:06 capture=on(0.02s) onAir=off
[timecode] 19:15:20:06 capture=on(0.02s) onAir=off
[timecode] 19:15:21:07 capture=on(0.03s) onAir=off
[timecode] 19:15:22:07 capture=on(0.04s) onAir=off
[timecode] 19:15:23:07 capture=on(0.01s) onAir=off
[timecode] 19:15:24:07 capture=on(0.01s) onAir=off
[timecode] 19:15:25:07 capture=on(0.02s) onAir=off
[timecode] 19:15:26:07 capture=on(0.03s) onAir=off
[timecode] 19:15:27:08 capture=on(0.04s) onAir=off
[timecode] 19:15:28:08 capture=on(0.01s) onAir=off
[timecode] 19:15:29:08 capture=on(0.01s) onAir=off
[timecode] 19:15:30:08 capture=on(0.01s) onAir=off
[timecode] 19:15:31:08 capture=on(0.02s) onAir=off
[timecode] 19:15:32:08 capture=on(0.03s) onAir=off
[timecode] 19:15:33:08 capture=on(0.03s) onAir=off
[timecode] 19:15:34:09 capture=on(0.04s) onAir=off
[timecode] 19:15:35:09 capture=on(0.00s) onAir=off
[timecode] 19:15:36:09 capture=on(0.01s) onAir=off
[timecode] 19:15:37:09 capture=on(0.01s) onAir=off
[timecode] 19:15:38:09 capture=on(0.01s) onAir=off
[timecode] 19:15:39:09 capture=on(0.01s) onAir=off
[timecode] 19:15:40:09 capture=on(0.02s) onAir=off
[timecode] 19:15:41:09 capture=on(0.02s) onAir=off
[timecode] 19:15:42:09 capture=on(0.03s) onAir=off
[timecode] 19:15:43:10 capture=on(0.00s) onAir=off
[timecode] 19:15:44:10 capture=on(0.01s) onAir=off
[timecode] 19:15:45:10 capture=on(0.00s) onAir=off
[timecode] 19:15:46:10 capture=on(0.01s) onAir=off
[timecode] 19:15:47:10 capture=on(0.01s) onAir=off
[timecode] 19:15:48:10 capture=on(0.01s) onAir=off
[timecode] 19:15:49:10 capture=on(0.01s) onAir=off
[timecode] 19:15:50:10 capture=on(0.02s) onAir=off
[timecode] 19:15:51:10 capture=on(0.02s) onAir=off
[timecode] 19:15:52:10 capture=on(0.02s) onAir=off
[timecode] 19:15:53:11 capture=on(0.03s) onAir=off
[timecode] 19:15:54:11 capture=on(0.00s) onAir=off
[timecode] 19:15:55:11 capture=on(0.01s) onAir=off
[timecode] 19:15:56:11 capture=on(0.01s) onAir=off
[timecode] 19:15:57:11 capture=on(0.01s) onAir=off
[timecode] 19:15:58:11 capture=on(0.01s) onAir=off
[timecode] 19:15:59:11 capture=on(0.02s) onAir=off
[timecode] 19:16:00:11 capture=on(0.02s) onAir=off
[timecode] 19:16:01:11 capture=on(0.02s) onAir=off
[timecode] 19:16:02:12 capture=on(0.03s) onAir=off
[timecode] 19:16:03:12 capture=on(0.00s) onAir=off
[timecode] 19:16:04:12 capture=on(0.01s) onAir=off
[timecode] 19:16:05:12 capture=on(0.01s) onAir=off
[timecode] 19:16:06:12 capture=on(0.01s) onAir=off
[timecode] 19:16:07:12 capture=on(0.02s) onAir=off
[timecode] 19:16:08:13 capture=on(0.03s) onAir=off
[timecode] 19:16:09:13 capture=on(0.00s) onAir=off
[timecode] 19:16:10:13 capture=on(0.01s) onAir=off
[timecode] 19:16:11:13 capture=on(0.01s) onAir=off
[timecode] 19:16:12:13 capture=on(0.02s) onAir=off
[timecode] 19:16:13:13 capture=on(0.03s) onAir=off
[timecode] 19:16:14:13 capture=on(0.03s) onAir=off
[timecode] 19:16:15:14 capture=on(0.00s) onAir=off
[timecode] 19:16:16:14 capture=on(0.00s) onAir=off
[timecode] 19:16:17:14 capture=on(0.01s) onAir=off
[timecode] 19:16:18:14 capture=on(0.01s) onAir=off
[timecode] 19:16:19:14 capture=on(0.01s) onAir=off
[timecode] 19:16:20:14 capture=on(0.01s) onAir=off
[timecode] 19:16:21:14 capture=on(0.02s) onAir=off
[timecode] 19:16:22:14 capture=on(0.02s) onAir=off
[timecode] 19:16:23:15 capture=on(0.03s) onAir=off
[timecode] 19:16:24:15 capture=on(0.03s) onAir=off
[timecode] 19:16:25:15 capture=on(0.03s) onAir=off
[timecode] 19:16:26:15 capture=on(0.00s) onAir=off
[timecode] 19:16:27:15 capture=on(0.00s) onAir=off
[timecode] 19:16:28:15 capture=on(0.00s) onAir=off
[timecode] 19:16:29:15 capture=on(0.00s) onAir=off
[timecode] 19:16:30:15 capture=on(0.00s) onAir=off
[timecode] 19:16:31:15 capture=on(0.00s) onAir=off
[timecode] 19:16:32:15 capture=on(0.00s) onAir=off
[timecode] 19:16:33:15 capture=on(0.00s) onAir=off
[timecode] 19:16:34:15 capture=on(0.01s) onAir=off
[timecode] 19:16:35:15 capture=on(0.01s) onAir=off
[timecode] 19:16:36:15 capture=on(0.01s) onAir=off
[timecode] 19:16:37:15 capture=on(0.01s) onAir=off
[timecode] 19:16:38:15 capture=on(0.02s) onAir=off
[timecode] 19:16:39:16 capture=on(0.03s) onAir=off
[timecode] 19:16:40:16 capture=on(0.00s) onAir=off
[timecode] 19:16:41:16 capture=on(0.00s) onAir=off
[timecode] 19:16:42:16 capture=on(0.00s) onAir=off
[timecode] 19:16:43:16 capture=on(0.00s) onAir=off
[timecode] 19:16:44:16 capture=on(0.00s) onAir=off
[timecode] 19:16:45:16 capture=on(0.00s) onAir=off
[timecode] 19:16:46:16 capture=on(0.00s) onAir=off
[timecode] 19:16:47:16 capture=on(0.00s) onAir=off
[timecode] 19:16:48:16 capture=on(0.00s) onAir=off
[timecode] 19:16:49:16 capture=on(0.00s) onAir=off
[timecode] 19:16:50:16 capture=on(0.00s) onAir=off
[timecode] 19:16:51:16 capture=on(0.00s) onAir=off
[timecode] 19:16:52:16 capture=on(0.00s) onAir=off
[timecode] 19:16:53:16 capture=on(0.00s) onAir=off
[timecode] 19:16:54:16 capture=on(0.00s) onAir=off
[timecode] 19:16:55:16 capture=on(0.00s) onAir=off
[timecode] 19:16:56:16 capture=on(0.00s) onAir=off
[timecode] 19:16:57:16 capture=on(0.00s) onAir=off
[timecode] 19:16:58:16 capture=on(0.00s) onAir=off
[timecode] 19:16:59:16 capture=on(0.00s) onAir=off
[timecode] 19:17:00:16 capture=on(0.00s) onAir=off
[timecode] 19:17:01:16 capture=on(0.00s) onAir=off
[timecode] 19:17:02:16 capture=on(0.00s) onAir=off
[timecode] 19:17:03:16 capture=on(0.00s) onAir=off
[timecode] 19:17:04:16 capture=on(0.00s) onAir=off
[timecode] 19:17:05:16 capture=on(0.00s) onAir=off
[timecode] 19:17:06:16 capture=on(0.00s) onAir=off
[timecode] 19:17:07:16 capture=on(0.00s) onAir=off
[timecode] 19:17:08:16 capture=on(0.01s) onAir=off
[timecode] 19:17:09:16 capture=on(0.02s) onAir=off
[timecode] 19:17:10:16 capture=on(0.02s) onAir=off
[timecode] 19:17:11:17 capture=on(0.03s) onAir=off
[timecode] 19:17:12:17 capture=on(0.03s) onAir=off
[timecode] 19:17:13:17 capture=on(0.00s) onAir=off
[timecode] 19:17:14:17 capture=on(0.00s) onAir=off
[timecode] 19:17:15:17 capture=on(0.00s) onAir=off
[timecode] 19:17:16:17 capture=on(0.02s) onAir=off
[timecode] 19:17:17:17 capture=on(0.02s) onAir=off
[timecode] 19:17:18:17 capture=on(0.01s) onAir=off
[timecode] 19:17:19:18 capture=on(0.03s) onAir=off
[timecode] 19:17:20:18 capture=on(0.00s) onAir=off
[timecode] 19:17:21:18 capture=on(0.00s) onAir=off
[timecode] 19:17:22:18 capture=on(0.00s) onAir=off
[timecode] 19:17:23:18 capture=on(0.00s) onAir=off
[timecode] 19:17:24:18 capture=on(0.00s) onAir=off
[timecode] 19:17:25:18 capture=on(0.00s) onAir=off
[timecode] 19:17:26:18 capture=on(0.00s) onAir=off
[timecode] 19:17:27:18 capture=on(0.00s) onAir=off
[timecode] 19:17:28:18 capture=on(0.00s) onAir=off
[timecode] 19:17:29:18 capture=on(0.00s) onAir=off
[timecode] 19:17:30:18 capture=on(0.00s) onAir=off
[timecode] 19:17:31:18 capture=on(0.01s) onAir=off
[timecode] 19:17:32:19 capture=on(0.02s) onAir=off
[timecode] 19:17:33:19 capture=on(0.03s) onAir=off
[timecode] 19:17:34:19 capture=on(0.00s) onAir=off
[timecode] 19:17:35:19 capture=on(0.00s) onAir=off
[timecode] 19:17:36:19 capture=on(0.00s) onAir=off
[timecode] 19:17:37:19 capture=on(0.00s) onAir=off
[timecode] 19:17:38:19 capture=on(0.01s) onAir=off
[timecode] 19:17:39:19 capture=on(0.01s) onAir=off
[timecode] 19:17:40:19 capture=on(0.01s) onAir=off
[timecode] 19:17:41:19 capture=on(0.02s) onAir=off
[timecode] 19:17:42:19 capture=on(0.02s) onAir=off
[timecode] 19:17:43:20 capture=on(0.02s) onAir=off
[timecode] 19:17:44:20 capture=on(0.02s) onAir=off
[timecode] 19:17:45:20 capture=on(0.03s) onAir=off
[timecode] 19:17:46:20 capture=on(0.00s) onAir=off
[timecode] 19:17:47:20 capture=on(0.00s) onAir=off
[timecode] 19:17:48:20 capture=on(0.00s) onAir=off
[timecode] 19:17:49:20 capture=on(0.00s) onAir=off
[timecode] 19:17:50:20 capture=on(0.00s) onAir=off
[timecode] 19:17:51:20 capture=on(0.00s) onAir=off
[timecode] 19:17:52:20 capture=on(0.00s) onAir=off
[timecode] 19:17:53:20 capture=on(0.00s) onAir=off
[timecode] 19:17:54:20 capture=on(0.00s) onAir=off
[timecode] 19:17:55:20 capture=on(0.01s) onAir=off
[timecode] 19:17:56:20 capture=on(0.01s) onAir=off
[timecode] 19:17:57:21 capture=on(0.02s) onAir=off
[timecode] 19:17:58:21 capture=on(0.00s) onAir=off
[timecode] 19:17:59:21 capture=on(0.00s) onAir=off
[timecode] 19:18:00:21 capture=on(0.01s) onAir=off
[timecode] 19:18:01:21 capture=on(0.01s) onAir=off
[timecode] 19:18:02:21 capture=on(0.01s) onAir=off
[timecode] 19:18:03:21 capture=on(0.01s) onAir=off
[timecode] 19:18:04:21 capture=on(0.02s) onAir=off
[timecode] 19:18:05:22 capture=on(0.02s) onAir=off
[timecode] 19:18:06:22 capture=on(0.03s) onAir=off
[timecode] 19:18:07:22 capture=on(0.03s) onAir=off
[timecode] 19:18:08:22 capture=on(0.00s) onAir=off
[timecode] 19:18:09:22 capture=on(0.00s) onAir=off
[timecode] 19:18:10:22 capture=on(0.00s) onAir=off
[timecode] 19:18:11:22 capture=on(0.01s) onAir=off
[timecode] 19:18:12:22 capture=on(0.02s) onAir=off
[timecode] 19:18:13:23 capture=on(0.02s) onAir=off
[timecode] 19:18:14:23 capture=on(0.03s) onAir=off
[timecode] 19:18:15:23 capture=on(0.00s) onAir=off
[timecode] 19:18:16:23 capture=on(0.00s) onAir=off
[timecode] 19:18:17:23 capture=on(0.01s) onAir=off
[timecode] 19:18:18:24 capture=on(0.02s) onAir=off
[timecode] 19:18:19:24 capture=on(0.03s) onAir=off
[timecode] 19:18:20:24 capture=on(0.00s) onAir=off
[timecode] 19:18:21:24 capture=on(0.00s) onAir=off
[timecode] 19:18:22:24 capture=on(0.00s) onAir=off
[timecode] 19:18:23:24 capture=on(0.00s) onAir=off
[timecode] 19:18:24:24 capture=on(0.00s) onAir=off
[timecode] 19:18:25:24 capture=on(0.00s) onAir=off
[timecode] 19:18:26:24 capture=on(0.01s) onAir=off
[timecode] 19:18:27:24 capture=on(0.01s) onAir=off
[timecode] 19:18:28:24 capture=on(0.01s) onAir=off
[timecode] 19:18:30:00 capture=on(0.02s) onAir=off
[timecode] 19:18:31:00 capture=on(0.03s) onAir=off
[timecode] 19:18:32:00 capture=on(0.01s) onAir=off
[timecode] 19:18:33:00 capture=on(0.01s) onAir=off
[timecode] 19:18:34:00 capture=on(0.01s) onAir=off
[timecode] 19:18:35:00 capture=on(0.01s) onAir=off
[timecode] 19:18:36:00 capture=on(0.01s) onAir=off
[timecode] 19:18:37:00 capture=on(0.01s) onAir=off
[timecode] 19:18:38:00 capture=on(0.02s) onAir=off
[timecode] 19:18:39:01 capture=on(0.02s) onAir=off
[timecode] 19:18:40:01 capture=on(0.03s) onAir=off
[timecode] 19:18:41:01 capture=on(0.04s) onAir=off
[timecode] 19:18:42:01 capture=on(0.00s) onAir=off
[timecode] 19:18:43:01 capture=on(0.01s) onAir=off
[timecode] 19:18:44:01 capture=on(0.01s) onAir=off
[timecode] 19:18:45:01 capture=on(0.01s) onAir=off
[timecode] 19:18:46:01 capture=on(0.01s) onAir=off
[timecode] 19:18:47:01 capture=on(0.01s) onAir=off
[timecode] 19:18:48:01 capture=on(0.01s) onAir=off
[timecode] 19:18:49:01 capture=on(0.01s) onAir=off
[timecode] 19:18:50:01 capture=on(0.01s) onAir=off
[timecode] 19:18:51:01 capture=on(0.01s) onAir=off
[timecode] 19:18:52:01 capture=on(0.01s) onAir=off
[timecode] 19:18:53:01 capture=on(0.01s) onAir=off
[timecode] 19:18:54:01 capture=on(0.01s) onAir=off
[timecode] 19:18:55:02 capture=on(0.02s) onAir=off
[timecode] 19:18:56:02 capture=on(0.03s) onAir=off
[timecode] 19:18:57:02 capture=on(0.04s) onAir=off
[timecode] 19:18:58:02 capture=on(0.00s) onAir=off
[timecode] 19:18:59:02 capture=on(0.01s) onAir=off
[timecode] 19:19:00:02 capture=on(0.01s) onAir=off
[timecode] 19:19:01:02 capture=on(0.01s) onAir=off
[timecode] 19:19:02:02 capture=on(0.01s) onAir=off
[timecode] 19:19:03:02 capture=on(0.01s) onAir=off
[timecode] 19:19:04:02 capture=on(0.01s) onAir=off
[timecode] 19:19:05:02 capture=on(0.01s) onAir=off
[timecode] 19:19:06:03 capture=on(0.02s) onAir=off
[timecode] 19:19:07:03 capture=on(0.02s) onAir=off
[timecode] 19:19:08:03 capture=on(0.03s) onAir=off
[timecode] 19:19:09:03 capture=on(0.03s) onAir=off
[timecode] 19:19:10:03 capture=on(0.04s) onAir=off
[timecode] 19:19:11:03 capture=on(0.00s) onAir=off
[timecode] 19:19:12:03 capture=on(0.01s) onAir=off
[timecode] 19:19:13:03 capture=on(0.01s) onAir=off
[timecode] 19:19:14:04 capture=on(0.02s) onAir=off
[timecode] 19:19:15:04 capture=on(0.02s) onAir=off
[timecode] 19:19:16:04 capture=on(0.03s) onAir=off
[timecode] 19:19:17:04 capture=on(0.01s) onAir=off
[timecode] 19:19:18:04 capture=on(0.01s) onAir=off
[timecode] 19:19:19:05 capture=on(0.03s) onAir=off
[timecode] 19:19:20:05 capture=on(0.04s) onAir=off
[timecode] 19:19:21:05 capture=on(0.01s) onAir=off
[timecode] 19:19:22:05 capture=on(0.01s) onAir=off
[timecode] 19:19:23:05 capture=on(0.01s) onAir=off
[timecode] 19:19:24:05 capture=on(0.01s) onAir=off
[timecode] 19:19:25:06 capture=on(0.02s) onAir=off
[timecode] 19:19:26:06 capture=on(0.03s) onAir=off
[timecode] 19:19:27:06 capture=on(0.03s) onAir=off
[timecode] 19:19:28:06 capture=on(0.03s) onAir=off
[timecode] 19:19:29:06 capture=on(0.00s) onAir=off
[timecode] 19:19:30:06 capture=on(0.01s) onAir=off
[timecode] 19:19:31:07 capture=on(0.02s) onAir=off
[timecode] 19:19:32:07 capture=on(0.02s) onAir=off
[timecode] 19:19:33:07 capture=on(0.03s) onAir=off
[timecode] 19:19:34:07 capture=on(0.00s) onAir=off
[timecode] 19:19:35:07 capture=on(0.00s) onAir=off
[timecode] 19:19:36:07 capture=on(0.00s) onAir=off
[timecode] 19:19:37:07 capture=on(0.00s) onAir=off
[timecode] 19:19:38:07 capture=on(0.00s) onAir=off
[timecode] 19:19:39:07 capture=on(0.00s) onAir=off
[timecode] 19:19:40:07 capture=on(0.00s) onAir=off
[timecode] 19:19:41:07 capture=on(0.00s) onAir=off
[timecode] 19:19:42:07 capture=on(0.01s) onAir=off
[timecode] 19:19:43:08 capture=on(0.02s) onAir=off
[timecode] 19:19:44:08 capture=on(0.03s) onAir=off
[timecode] 19:19:45:08 capture=on(0.00s) onAir=off
[timecode] 19:19:46:08 capture=on(0.01s) onAir=off
[timecode] 19:19:47:09 capture=on(0.02s) onAir=off
[timecode] 19:19:48:09 capture=on(0.03s) onAir=off
[timecode] 19:19:49:09 capture=on(0.00s) onAir=off
[timecode] 19:19:50:09 capture=on(0.00s) onAir=off
[timecode] 19:19:51:09 capture=on(0.00s) onAir=off
[timecode] 19:19:52:09 capture=on(0.00s) onAir=off
[timecode] 19:19:53:09 capture=on(0.00s) onAir=off
[timecode] 19:19:54:09 capture=on(0.00s) onAir=off
[timecode] 19:19:55:09 capture=on(0.01s) onAir=off
[timecode] 19:19:56:09 capture=on(0.01s) onAir=off
[timecode] 19:19:57:10 capture=on(0.02s) onAir=off
[timecode] 19:19:58:10 capture=on(0.02s) onAir=off
[timecode] 19:19:59:10 capture=on(0.03s) onAir=off
[timecode] 19:20:00:10 capture=on(0.00s) onAir=off
[timecode] 19:20:01:10 capture=on(0.00s) onAir=off
[timecode] 19:20:02:10 capture=on(0.00s) onAir=off
[timecode] 19:20:03:10 capture=on(0.00s) onAir=off
[timecode] 19:20:04:10 capture=on(0.00s) onAir=off
[timecode] 19:20:05:10 capture=on(0.00s) onAir=off
[timecode] 19:20:06:11 capture=on(0.02s) onAir=off
[timecode] 19:20:07:11 capture=on(0.03s) onAir=off
[timecode] 19:20:08:11 capture=on(0.03s) onAir=off
[timecode] 19:20:09:11 capture=on(0.00s) onAir=off
[timecode] 19:20:10:11 capture=on(0.00s) onAir=off
[timecode] 19:20:11:11 capture=on(0.00s) onAir=off
[timecode] 19:20:12:12 capture=on(0.02s) onAir=off
[timecode] 19:20:13:12 capture=on(0.03s) onAir=off
[timecode] 19:20:14:12 capture=on(0.00s) onAir=off
[timecode] 19:20:15:12 capture=on(0.00s) onAir=off
[timecode] 19:20:16:12 capture=on(0.00s) onAir=off
[timecode] 19:20:17:12 capture=on(0.00s) onAir=off
[timecode] 19:20:18:12 capture=on(0.00s) onAir=off
[timecode] 19:20:19:12 capture=on(0.01s) onAir=off
[timecode] 19:20:20:13 capture=on(0.01s) onAir=off
[timecode] 19:20:21:13 capture=on(0.01s) onAir=off
[timecode] 19:20:22:13 capture=on(0.01s) onAir=off
[timecode] 19:20:23:13 capture=on(0.02s) onAir=off
[timecode] 19:20:24:13 capture=on(0.03s) onAir=off
[timecode] 19:20:25:13 capture=on(0.03s) onAir=off
[timecode] 19:20:26:13 capture=on(0.00s) onAir=off
[timecode] 19:20:27:13 capture=on(0.01s) onAir=off
[timecode] 19:20:28:14 capture=on(0.02s) onAir=off
[timecode] 19:20:29:14 capture=on(0.02s) onAir=off
[timecode] 19:20:30:14 capture=on(0.03s) onAir=off
[timecode] 19:20:31:14 capture=on(0.00s) onAir=off
[timecode] 19:20:32:14 capture=on(0.00s) onAir=off
[timecode] 19:20:33:14 capture=on(0.00s) onAir=off
[timecode] 19:20:34:14 capture=on(0.00s) onAir=off
[timecode] 19:20:35:14 capture=on(0.00s) onAir=off
[timecode] 19:20:36:14 capture=on(0.00s) onAir=off
[timecode] 19:20:37:14 capture=on(0.01s) onAir=off
[timecode] 19:20:38:15 capture=on(0.01s) onAir=off
[timecode] 19:20:39:15 capture=on(0.02s) onAir=off
[timecode] 19:20:40:15 capture=on(0.04s) onAir=off
[timecode] 19:20:41:15 capture=on(0.00s) onAir=off
[timecode] 19:20:42:15 capture=on(0.00s) onAir=off
[timecode] 19:20:43:16 capture=on(0.01s) onAir=off
[timecode] 19:20:44:16 capture=on(0.02s) onAir=off
[timecode] 19:20:45:16 capture=on(0.02s) onAir=off
[timecode] 19:20:46:16 capture=on(0.03s) onAir=off
[timecode] 19:20:47:16 capture=on(0.00s) onAir=off
[timecode] 19:20:48:16 capture=on(0.00s) onAir=off
[timecode] 19:20:49:16 capture=on(0.00s) onAir=off
[timecode] 19:20:50:16 capture=on(0.00s) onAir=off
[timecode] 19:20:51:17 capture=on(0.01s) onAir=off
[timecode] 19:20:52:17 capture=on(0.01s) onAir=off
[timecode] 19:20:53:17 capture=on(0.02s) onAir=off
[timecode] 19:20:54:17 capture=on(0.02s) onAir=off
[timecode] 19:20:55:17 capture=on(0.02s) onAir=off
[timecode] 19:20:56:17 capture=on(0.03s) onAir=off
[timecode] 19:20:57:17 capture=on(0.03s) onAir=off
[timecode] 19:20:58:17 capture=on(0.00s) onAir=off
[timecode] 19:20:59:18 capture=on(0.01s) onAir=off
[timecode] 19:21:00:18 capture=on(0.01s) onAir=off
[timecode] 19:21:01:18 capture=on(0.01s) onAir=off
[timecode] 19:21:02:18 capture=on(0.02s) onAir=off
[timecode] 19:21:03:18 capture=on(0.03s) onAir=off
[timecode] 19:21:04:18 capture=on(0.00s) onAir=off
[timecode] 19:21:05:18 capture=on(0.00s) onAir=off
[timecode] 19:21:06:18 capture=on(0.00s) onAir=off
[timecode] 19:21:07:18 capture=on(0.00s) onAir=off
[timecode] 19:21:08:18 capture=on(0.01s) onAir=off
[timecode] 19:21:09:19 capture=on(0.02s) onAir=off
[timecode] 19:21:10:19 capture=on(0.03s) onAir=off
[timecode] 19:21:11:19 capture=on(0.03s) onAir=off
[timecode] 19:21:12:19 capture=on(0.00s) onAir=off
[timecode] 19:21:13:19 capture=on(0.00s) onAir=off
[timecode] 19:21:14:19 capture=on(0.00s) onAir=off
[timecode] 19:21:15:19 capture=on(0.00s) onAir=off
[timecode] 19:21:16:20 capture=on(0.01s) onAir=off
[timecode] 19:21:17:20 capture=on(0.01s) onAir=off
[timecode] 19:21:18:20 capture=on(0.03s) onAir=off
[timecode] 19:21:19:20 capture=on(0.03s) onAir=off
[timecode] 19:21:20:20 capture=on(0.03s) onAir=off
[timecode] 19:21:21:20 capture=on(0.00s) onAir=off
[timecode] 19:21:22:20 capture=on(0.00s) onAir=off
[timecode] 19:21:23:20 capture=on(0.00s) onAir=off
[timecode] 19:21:24:20 capture=on(0.00s) onAir=off
[timecode] 19:21:25:20 capture=on(0.00s) onAir=off
[timecode] 19:21:26:20 capture=on(0.00s) onAir=off
[timecode] 19:21:27:20 capture=on(0.00s) onAir=off
[timecode] 19:21:28:20 capture=on(0.00s) onAir=off
[timecode] 19:21:29:20 capture=on(0.00s) onAir=off
[timecode] 19:21:30:21 capture=on(0.01s) onAir=off
[timecode] 19:21:31:21 capture=on(0.01s) onAir=off
[timecode] 19:21:32:21 capture=on(0.02s) onAir=off
[timecode] 19:21:33:21 capture=on(0.03s) onAir=off
[timecode] 19:21:34:21 capture=on(0.04s) onAir=off
[timecode] 19:21:35:21 capture=on(0.00s) onAir=off
[timecode] 19:21:36:21 capture=on(0.00s) onAir=off
[timecode] 19:21:37:21 capture=on(0.00s) onAir=off
[timecode] 19:21:38:21 capture=on(0.00s) onAir=off
[timecode] 19:21:39:21 capture=on(0.00s) onAir=off
[timecode] 19:21:40:22 capture=on(0.01s) onAir=off
[timecode] 19:21:41:22 capture=on(0.01s) onAir=off
[timecode] 19:21:42:22 capture=on(0.01s) onAir=off
[timecode] 19:21:43:22 capture=on(0.02s) onAir=off
[timecode] 19:21:44:22 capture=on(0.02s) onAir=off
[timecode] 19:21:45:22 capture=on(0.03s) onAir=off
[timecode] 19:21:46:22 capture=on(0.00s) onAir=off
[timecode] 19:21:47:22 capture=on(0.00s) onAir=off
[timecode] 19:21:48:22 capture=on(0.00s) onAir=off
[timecode] 19:21:49:22 capture=on(0.00s) onAir=off
[timecode] 19:21:50:22 capture=on(0.00s) onAir=off
[timecode] 19:21:51:22 capture=on(0.00s) onAir=off
[timecode] 19:21:52:23 capture=on(0.01s) onAir=off
[timecode] 19:21:53:23 capture=on(0.01s) onAir=off
[timecode] 19:21:54:23 capture=on(0.02s) onAir=off
[timecode] 19:21:55:23 capture=on(0.03s) onAir=off
[timecode] 19:21:56:23 capture=on(0.03s) onAir=off
[timecode] 19:21:57:23 capture=on(0.00s) onAir=off
[timecode] 19:21:58:23 capture=on(0.00s) onAir=off
[timecode] 19:21:59:23 capture=on(0.00s) onAir=off
[timecode] 19:22:00:23 capture=on(0.00s) onAir=off
[timecode] 19:22:01:24 capture=on(0.01s) onAir=off
[timecode] 19:22:02:24 capture=on(0.02s) onAir=off
[timecode] 19:22:03:24 capture=on(0.03s) onAir=off
[timecode] 19:22:04:24 capture=on(0.00s) onAir=off
[timecode] 19:22:06:00 capture=on(0.00s) onAir=off
[timecode] 19:22:07:00 capture=on(0.01s) onAir=off
[timecode] 19:22:08:00 capture=on(0.02s) onAir=off
[timecode] 19:22:09:00 capture=on(0.02s) onAir=off
[timecode] 19:22:10:00 capture=on(0.03s) onAir=off
[timecode] 19:22:11:00 capture=on(0.00s) onAir=off
[timecode] 19:22:12:00 capture=on(0.00s) onAir=off
[timecode] 19:22:13:00 capture=on(0.00s) onAir=off
[timecode] 19:22:14:00 capture=on(0.00s) onAir=off
[timecode] 19:22:15:00 capture=on(0.00s) onAir=off
[timecode] 19:22:16:00 capture=on(0.00s) onAir=off
[timecode] 19:22:17:01 capture=on(0.02s) onAir=off
[timecode] 19:22:18:01 capture=on(0.03s) onAir=off
[timecode] 19:22:19:01 capture=on(0.03s) onAir=off
[timecode] 19:22:20:01 capture=on(0.04s) onAir=off
[timecode] 19:22:21:02 capture=on(0.01s) onAir=off
[timecode] 19:22:22:02 capture=on(0.01s) onAir=off
[timecode] 19:22:23:02 capture=on(0.01s) onAir=off
[timecode] 19:22:24:02 capture=on(0.02s) onAir=off
[timecode] 19:22:25:02 capture=on(0.03s) onAir=off
[timecode] 19:22:26:02 capture=on(0.03s) onAir=off
[timecode] 19:22:27:02 capture=on(0.00s) onAir=off
[timecode] 19:22:28:03 capture=on(0.00s) onAir=off
[timecode] 19:22:29:03 capture=on(0.01s) onAir=off
[timecode] 19:22:30:03 capture=on(0.01s) onAir=off
[timecode] 19:22:31:03 capture=on(0.01s) onAir=off
[timecode] 19:22:32:03 capture=on(0.01s) onAir=off
[timecode] 19:22:33:03 capture=on(0.01s) onAir=off
[timecode] 19:22:34:03 capture=on(0.01s) onAir=off
[timecode] 19:22:35:03 capture=on(0.01s) onAir=off
[timecode] 19:22:36:03 capture=on(0.02s) onAir=off
[timecode] 19:22:37:03 capture=on(0.01s) onAir=off
[timecode] 19:22:38:03 capture=on(0.03s) onAir=off
[timecode] 19:22:39:03 capture=on(0.04s) onAir=off
[timecode] 19:22:40:04 capture=on(0.00s) onAir=off
[timecode] 19:22:41:04 capture=on(0.01s) onAir=off
[timecode] 19:22:42:04 capture=on(0.01s) onAir=off
[timecode] 19:22:43:04 capture=on(0.01s) onAir=off
[timecode] 19:22:44:04 capture=on(0.02s) onAir=off
[timecode] 19:22:45:04 capture=on(0.02s) onAir=off
[timecode] 19:22:46:04 capture=on(0.02s) onAir=off
[timecode] 19:22:47:04 capture=on(0.03s) onAir=off
[timecode] 19:22:48:04 capture=on(0.04s) onAir=off
[timecode] 19:22:49:05 capture=on(0.01s) onAir=off
[timecode] 19:22:50:05 capture=on(0.02s) onAir=off
[timecode] 19:22:51:05 capture=on(0.02s) onAir=off
[timecode] 19:22:52:05 capture=on(0.03s) onAir=off
[timecode] 19:22:53:05 capture=on(0.03s) onAir=off
[timecode] 19:22:54:06 capture=on(0.00s) onAir=off
[timecode] 19:22:55:06 capture=on(0.01s) onAir=off
[timecode] 19:22:56:06 capture=on(0.01s) onAir=off
[timecode] 19:22:57:06 capture=on(0.02s) onAir=off
[timecode] 19:22:58:06 capture=on(0.03s) onAir=off
[timecode] 19:22:59:06 capture=on(0.03s) onAir=off
[timecode] 19:23:00:06 capture=on(0.03s) onAir=off
[timecode] 19:23:01:06 capture=on(0.03s) onAir=off
[timecode] 19:23:02:06 capture=on(0.04s) onAir=off
[timecode] 19:23:03:07 capture=on(0.01s) onAir=off
[timecode] 19:23:04:07 capture=on(0.01s) onAir=off
[timecode] 19:23:05:07 capture=on(0.01s) onAir=off
[timecode] 19:23:06:07 capture=on(0.01s) onAir=off
[timecode] 19:23:07:07 capture=on(0.01s) onAir=off
[timecode] 19:23:08:07 capture=on(0.01s) onAir=off
[timecode] 19:23:09:07 capture=on(0.02s) onAir=off
[timecode] 19:23:10:07 capture=on(0.03s) onAir=off
[timecode] 19:23:11:08 capture=on(0.00s) onAir=off
[timecode] 19:23:12:08 capture=on(0.01s) onAir=off
[timecode] 19:23:13:08 capture=on(0.01s) onAir=off
[timecode] 19:23:14:08 capture=on(0.01s) onAir=off
[timecode] 19:23:15:08 capture=on(0.01s) onAir=off
[timecode] 19:23:16:08 capture=on(0.02s) onAir=off
[timecode] 19:23:17:08 capture=on(0.02s) onAir=off
[timecode] 19:23:18:08 capture=on(0.03s) onAir=off
[timecode] 19:23:19:08 capture=on(0.00s) onAir=off
[timecode] 19:23:20:09 capture=on(0.00s) onAir=off
[timecode] 19:23:21:09 capture=on(0.00s) onAir=off
[timecode] 19:23:22:09 capture=on(0.01s) onAir=off
[timecode] 19:23:23:09 capture=on(0.01s) onAir=off
[timecode] 19:23:24:09 capture=on(0.01s) onAir=off
[timecode] 19:23:25:09 capture=on(0.02s) onAir=off
[timecode] 19:23:26:09 capture=on(0.03s) onAir=off
[timecode] 19:23:27:10 capture=on(0.00s) onAir=off
[timecode] 19:23:28:10 capture=on(0.01s) onAir=off
[timecode] 19:23:29:10 capture=on(0.01s) onAir=off
[timecode] 19:23:30:10 capture=on(0.01s) onAir=off
[timecode] 19:23:31:10 capture=on(0.02s) onAir=off
[timecode] 19:23:32:10 capture=on(0.02s) onAir=off
[timecode] 19:23:33:10 capture=on(0.03s) onAir=off
[timecode] 19:23:34:10 capture=on(0.03s) onAir=off
[timecode] 19:23:35:11 capture=on(0.00s) onAir=off
[timecode] 19:23:36:11 capture=on(0.01s) onAir=off
[timecode] 19:23:37:11 capture=on(0.01s) onAir=off
[timecode] 19:23:38:11 capture=on(0.01s) onAir=off
[timecode] 19:23:39:11 capture=on(0.01s) onAir=off
[timecode] 19:23:40:11 capture=on(0.01s) onAir=off
[timecode] 19:23:41:11 capture=on(0.01s) onAir=off
[timecode] 19:23:42:11 capture=on(0.01s) onAir=off
[timecode] 19:23:43:11 capture=on(0.02s) onAir=off
[timecode] 19:23:44:11 capture=on(0.03s) onAir=off
[timecode] 19:23:45:11 capture=on(0.04s) onAir=off
[timecode] 19:23:46:11 capture=on(0.04s) onAir=off
[timecode] 19:23:47:11 capture=on(0.04s) onAir=off
[timecode] 19:23:48:12 capture=on(0.01s) onAir=off
[timecode] 19:23:49:12 capture=on(0.01s) onAir=off
[timecode] 19:23:50:12 capture=on(0.03s) onAir=off
[timecode] 19:23:51:13 capture=on(0.00s) onAir=off
[timecode] 19:23:52:13 capture=on(0.01s) onAir=off
[timecode] 19:23:53:13 capture=on(0.01s) onAir=off
[timecode] 19:23:54:13 capture=on(0.01s) onAir=off
[timecode] 19:23:55:13 capture=on(0.01s) onAir=off
[timecode] 19:23:56:13 capture=on(0.02s) onAir=off
[timecode] 19:23:57:13 capture=on(0.03s) onAir=off
[timecode] 19:23:58:14 capture=on(0.00s) onAir=off
[timecode] 19:23:59:14 capture=on(0.00s) onAir=off
[timecode] 19:24:00:14 capture=on(0.01s) onAir=off
[timecode] 19:24:01:14 capture=on(0.01s) onAir=off
[timecode] 19:24:02:14 capture=on(0.01s) onAir=off
[timecode] 19:24:03:14 capture=on(0.01s) onAir=off
[timecode] 19:24:04:14 capture=on(0.01s) onAir=off
[timecode] 19:24:05:14 capture=on(0.02s) onAir=off
[timecode] 19:24:06:14 capture=on(0.03s) onAir=off
[timecode] 19:24:07:15 capture=on(0.04s) onAir=off
[timecode] 19:24:08:15 capture=on(0.01s) onAir=off
[timecode] 19:24:09:15 capture=on(0.01s) onAir=off
[timecode] 19:24:10:15 capture=on(0.01s) onAir=off
[timecode] 19:24:11:15 capture=on(0.01s) onAir=off
[timecode] 19:24:12:15 capture=on(0.01s) onAir=off
[timecode] 19:24:13:15 capture=on(0.01s) onAir=off
[timecode] 19:24:14:15 capture=on(0.01s) onAir=off
[timecode] 19:24:15:15 capture=on(0.01s) onAir=off
[timecode] 19:24:16:15 capture=on(0.02s) onAir=off
[timecode] 19:24:17:15 capture=on(0.02s) onAir=off
[timecode] 19:24:18:15 capture=on(0.02s) onAir=off
[timecode] 19:24:19:15 capture=on(0.03s) onAir=off
[timecode] 19:24:20:16 capture=on(0.00s) onAir=off
[timecode] 19:24:21:16 capture=on(0.00s) onAir=off
[timecode] 19:24:22:16 capture=on(0.00s) onAir=off
[timecode] 19:24:23:16 capture=on(0.01s) onAir=off
[timecode] 19:24:24:16 capture=on(0.01s) onAir=off
[timecode] 19:24:25:16 capture=on(0.01s) onAir=off
[timecode] 19:24:26:16 capture=on(0.01s) onAir=off
[timecode] 19:24:27:16 capture=on(0.02s) onAir=off
[timecode] 19:24:28:16 capture=on(0.03s) onAir=off
[timecode] 19:24:29:16 capture=on(0.03s) onAir=off
[timecode] 19:24:30:17 capture=on(0.00s) onAir=off
[timecode] 19:24:31:17 capture=on(0.00s) onAir=off
[timecode] 19:24:32:17 capture=on(0.01s) onAir=off
[timecode] 19:24:33:17 capture=on(0.01s) onAir=off
[timecode] 19:24:34:17 capture=on(0.01s) onAir=off
[timecode] 19:24:35:17 capture=on(0.02s) onAir=off
[timecode] 19:24:36:17 capture=on(0.03s) onAir=off
[timecode] 19:24:37:17 capture=on(0.03s) onAir=off
[timecode] 19:24:38:18 capture=on(0.00s) onAir=off
[timecode] 19:24:39:18 capture=on(0.01s) onAir=off
[timecode] 19:24:40:18 capture=on(0.00s) onAir=off
[timecode] 19:24:41:18 capture=on(0.02s) onAir=off
[timecode] 19:24:42:18 capture=on(0.03s) onAir=off
[timecode] 19:24:43:18 capture=on(0.03s) onAir=off
[timecode] 19:24:44:19 capture=on(0.00s) onAir=off
[timecode] 19:24:45:19 capture=on(0.00s) onAir=off
[timecode] 19:24:46:19 capture=on(0.00s) onAir=off
[timecode] 19:24:47:19 capture=on(0.00s) onAir=off
[timecode] 19:24:48:19 capture=on(0.01s) onAir=off
[timecode] 19:24:49:19 capture=on(0.01s) onAir=off
[timecode] 19:24:50:19 capture=on(0.02s) onAir=off
[timecode] 19:24:51:20 capture=on(0.04s) onAir=off
[timecode] 19:24:52:20 capture=on(0.00s) onAir=off
[timecode] 19:24:53:20 capture=on(0.01s) onAir=off
[timecode] 19:24:54:20 capture=on(0.01s) onAir=off
[timecode] 19:24:55:20 capture=on(0.01s) onAir=off
[timecode] 19:24:56:20 capture=on(0.02s) onAir=off
[timecode] 19:24:57:20 capture=on(0.03s) onAir=off
[timecode] 19:24:58:21 capture=on(0.00s) onAir=off
[timecode] 19:24:59:21 capture=on(0.00s) onAir=off
[timecode] 19:25:00:21 capture=on(0.00s) onAir=off
[timecode] 19:25:01:21 capture=on(0.00s) onAir=off
[timecode] 19:25:02:21 capture=on(0.01s) onAir=off
[timecode] 19:25:03:21 capture=on(0.01s) onAir=off
[timecode] 19:25:04:21 capture=on(0.02s) onAir=off
[timecode] 19:25:05:21 capture=on(0.02s) onAir=off
[timecode] 19:25:06:21 capture=on(0.03s) onAir=off
[timecode] 19:25:07:21 capture=on(0.03s) onAir=off
[timecode] 19:25:08:22 capture=on(0.03s) onAir=off
[timecode] 19:25:09:22 capture=on(0.04s) onAir=off
[timecode] 19:25:10:22 capture=on(0.00s) onAir=off
[timecode] 19:25:11:22 capture=on(0.00s) onAir=off
[timecode] 19:25:12:22 capture=on(0.00s) onAir=off
[timecode] 19:25:13:22 capture=on(0.01s) onAir=off
[timecode] 19:25:14:22 capture=on(0.01s) onAir=off
[timecode] 19:25:15:22 capture=on(0.02s) onAir=off
[timecode] 19:25:16:22 capture=on(0.03s) onAir=off
[timecode] 19:25:17:22 capture=on(0.03s) onAir=off
[timecode] 19:25:18:23 capture=on(0.03s) onAir=off
[timecode] 19:25:19:23 capture=on(0.04s) onAir=off
[timecode] 19:25:20:23 capture=on(0.00s) onAir=off
[timecode] 19:25:21:23 capture=on(0.00s) onAir=off
[timecode] 19:25:22:23 capture=on(0.00s) onAir=off
[timecode] 19:25:23:23 capture=on(0.02s) onAir=off
[timecode] 19:25:24:23 capture=on(0.02s) onAir=off
[timecode] 19:25:25:23 capture=on(0.03s) onAir=off
[timecode] 19:25:26:24 capture=on(0.00s) onAir=off
[timecode] 19:25:27:24 capture=on(0.01s) onAir=off
[timecode] 19:25:28:24 capture=on(0.00s) onAir=off
[timecode] 19:25:29:24 capture=on(0.01s) onAir=off
[timecode] 19:25:30:24 capture=on(0.02s) onAir=off
[timecode] 19:25:31:24 capture=on(0.03s) onAir=off
[timecode] 19:25:33:00 capture=on(0.00s) onAir=off
[timecode] 19:25:34:00 capture=on(0.00s) onAir=off
[timecode] 19:25:35:00 capture=on(0.01s) onAir=off
[timecode] 19:25:36:00 capture=on(0.01s) onAir=off
[timecode] 19:25:37:00 capture=on(0.01s) onAir=off
[timecode] 19:25:38:00 capture=on(0.02s) onAir=off
[timecode] 19:25:39:01 capture=on(0.03s) onAir=off
[timecode] 19:25:40:01 capture=on(0.00s) onAir=off
[timecode] 19:25:41:01 capture=on(0.00s) onAir=off
[timecode] 19:25:42:01 capture=on(0.00s) onAir=off
[timecode] 19:25:43:01 capture=on(0.00s) onAir=off
[timecode] 19:25:44:01 capture=on(0.01s) onAir=off
[timecode] 19:25:45:01 capture=on(0.02s) onAir=off
[timecode] 19:25:46:01 capture=on(0.02s) onAir=off
[timecode] 19:25:47:01 capture=on(0.03s) onAir=off
[timecode] 19:25:48:02 capture=on(0.04s) onAir=off
[timecode] 19:25:49:02 capture=on(0.00s) onAir=off
[timecode] 19:25:50:02 capture=on(0.01s) onAir=off
[timecode] 19:25:51:02 capture=on(0.01s) onAir=off
[timecode] 19:25:52:02 capture=on(0.03s) onAir=off
[timecode] 19:25:53:03 capture=on(0.00s) onAir=off
[timecode] 19:25:54:03 capture=on(0.01s) onAir=off
[timecode] 19:25:55:03 capture=on(0.02s) onAir=off
[timecode] 19:25:56:03 capture=on(0.02s) onAir=off
[timecode] 19:25:57:03 capture=on(0.02s) onAir=off
[timecode] 19:25:58:04 capture=on(0.03s) onAir=off
[timecode] 19:25:59:04 capture=on(0.00s) onAir=off
[timecode] 19:26:00:04 capture=on(0.00s) onAir=off
[timecode] 19:26:01:04 capture=on(0.00s) onAir=off
[timecode] 19:26:02:04 capture=on(0.00s) onAir=off
[timecode] 19:26:03:04 capture=on(0.00s) onAir=off
[timecode] 19:26:04:04 capture=on(0.01s) onAir=off
[timecode] 19:26:05:04 capture=on(0.01s) onAir=off
[timecode] 19:26:06:04 capture=on(0.02s) onAir=off
[timecode] 19:26:07:04 capture=on(0.02s) onAir=off
[timecode] 19:26:08:05 capture=on(0.00s) onAir=off
[timecode] 19:26:09:05 capture=on(0.00s) onAir=off
[timecode] 19:26:10:05 capture=on(0.00s) onAir=off
[timecode] 19:26:11:05 capture=on(0.01s) onAir=off
[timecode] 19:26:12:05 capture=on(0.00s) onAir=off
[timecode] 19:26:13:05 capture=on(0.01s) onAir=off
[timecode] 19:26:14:05 capture=on(0.02s) onAir=off
[timecode] 19:26:15:05 capture=on(0.02s) onAir=off
[timecode] 19:26:16:05 capture=on(0.03s) onAir=off
[timecode] 19:26:17:06 capture=on(0.00s) onAir=off
[timecode] 19:26:18:06 capture=on(0.00s) onAir=off
[timecode] 19:26:19:06 capture=on(0.01s) onAir=off
[timecode] 19:26:20:06 capture=on(0.02s) onAir=off
[timecode] 19:26:21:07 capture=on(0.03s) onAir=off
[timecode] 19:26:22:07 capture=on(0.00s) onAir=off
[timecode] 19:26:23:07 capture=on(0.00s) onAir=off
[timecode] 19:26:24:07 capture=on(0.00s) onAir=off
[timecode] 19:26:25:07 capture=on(0.01s) onAir=off
[timecode] 19:26:26:07 capture=on(0.01s) onAir=off
[timecode] 19:26:27:07 capture=on(0.01s) onAir=off
[timecode] 19:26:28:07 capture=on(0.03s) onAir=off
[timecode] 19:26:29:08 capture=on(0.04s) onAir=off
[timecode] 19:26:30:08 capture=on(0.01s) onAir=off
[timecode] 19:26:31:08 capture=on(0.01s) onAir=off
[timecode] 19:26:32:08 capture=on(0.01s) onAir=off
[timecode] 19:26:33:08 capture=on(0.01s) onAir=off
[timecode] 19:26:34:08 capture=on(0.01s) onAir=off
[timecode] 19:26:35:08 capture=on(0.02s) onAir=off
[timecode] 19:26:36:08 capture=on(0.02s) onAir=off
[timecode] 19:26:37:08 capture=on(0.03s) onAir=off
[timecode] 19:26:38:09 capture=on(0.04s) onAir=off
[timecode] 19:26:39:09 capture=on(0.00s) onAir=off
[timecode] 19:26:40:09 capture=on(0.01s) onAir=off
[timecode] 19:26:41:09 capture=on(0.01s) onAir=off
[timecode] 19:26:42:09 capture=on(0.01s) onAir=off
[timecode] 19:26:43:09 capture=on(0.01s) onAir=off
[timecode] 19:26:44:09 capture=on(0.01s) onAir=off
[timecode] 19:26:45:09 capture=on(0.02s) onAir=off
[timecode] 19:26:46:10 capture=on(0.04s) onAir=off
[timecode] 19:26:47:10 capture=on(0.01s) onAir=off
[timecode] 19:26:48:10 capture=on(0.01s) onAir=off
[timecode] 19:26:49:10 capture=on(0.01s) onAir=off
[timecode] 19:26:50:10 capture=on(0.01s) onAir=off
[timecode] 19:26:51:10 capture=on(0.01s) onAir=off
[timecode] 19:26:52:10 capture=on(0.01s) onAir=off
[timecode] 19:26:53:10 capture=on(0.02s) onAir=off
[timecode] 19:26:54:11 capture=on(0.03s) onAir=off
[timecode] 19:26:55:11 capture=on(0.00s) onAir=off
[timecode] 19:26:56:11 capture=on(0.01s) onAir=off
[timecode] 19:26:57:11 capture=on(0.01s) onAir=off
[timecode] 19:26:58:12 capture=on(0.03s) onAir=off
[timecode] 19:26:59:12 capture=on(0.04s) onAir=off
[timecode] 19:27:00:12 capture=on(0.00s) onAir=off
[timecode] 19:27:01:12 capture=on(0.01s) onAir=off
[timecode] 19:27:02:12 capture=on(0.01s) onAir=off
[timecode] 19:27:03:12 capture=on(0.01s) onAir=off
[timecode] 19:27:04:12 capture=on(0.02s) onAir=off
[timecode] 19:27:05:13 capture=on(0.03s) onAir=off
[timecode] 19:27:06:13 capture=on(0.00s) onAir=off
[timecode] 19:27:07:13 capture=on(0.01s) onAir=off
[timecode] 19:27:08:13 capture=on(0.02s) onAir=off
[timecode] 19:27:09:14 capture=on(0.03s) onAir=off
[timecode] 19:27:10:14 capture=on(0.00s) onAir=off
[timecode] 19:27:11:14 capture=on(0.01s) onAir=off
[timecode] 19:27:12:14 capture=on(0.02s) onAir=off
[timecode] 19:27:13:15 capture=on(0.03s) onAir=off
[timecode] 19:27:14:15 capture=on(0.03s) onAir=off
[timecode] 19:27:15:15 capture=on(0.04s) onAir=off
[timecode] 19:27:16:15 capture=on(0.01s) onAir=off
[timecode] 19:27:17:15 capture=on(0.01s) onAir=off
[timecode] 19:27:18:15 capture=on(0.01s) onAir=off
[timecode] 19:27:19:15 capture=on(0.01s) onAir=off
[timecode] 19:27:20:15 capture=on(0.01s) onAir=off
[timecode] 19:27:21:15 capture=on(0.01s) onAir=off
[timecode] 19:27:22:15 capture=on(0.01s) onAir=off
[timecode] 19:27:24:09 capture=on(0.01s) onAir=off
[event] [2026-07-15T09:27:25.140Z] [tc 19:27:25:03] Recording started — folder=emerald071520261927, segmentSeconds=120, broadcastDelaySeconds=60
[timecode] 19:27:25:09 capture=on(0.01s) onAir=off
[timecode] 19:27:26:09 capture=on(0.01s) onAir=off
[timecode] 19:27:27:09 capture=on(0.01s) onAir=off
[timecode] 19:27:28:09 capture=on(0.01s) onAir=off
[timecode] 19:27:29:09 capture=on(0.01s) onAir=off
[timecode] 19:27:30:09 capture=on(0.01s) onAir=off
[timecode] 19:27:31:09 capture=on(0.01s) onAir=off
[timecode] 19:27:32:09 capture=on(0.01s) onAir=off
[timecode] 19:27:33:09 capture=on(0.01s) onAir=off
[timecode] 19:27:34:09 capture=on(0.02s) onAir=off
[timecode] 19:27:35:10 capture=on(0.03s) onAir=off
[timecode] 19:27:36:10 capture=on(0.04s) onAir=off
[timecode] 19:27:37:10 capture=on(0.01s) onAir=off
[timecode] 19:27:38:10 capture=on(0.01s) onAir=off
[timecode] 19:27:39:10 capture=on(0.01s) onAir=off
[timecode] 19:27:40:10 capture=on(0.01s) onAir=off
[timecode] 19:27:41:10 capture=on(0.01s) onAir=off
[timecode] 19:27:42:10 capture=on(0.01s) onAir=off
[timecode] 19:27:43:10 capture=on(0.01s) onAir=off
[timecode] 19:27:44:10 capture=on(0.01s) onAir=off
[timecode] 19:27:45:10 capture=on(0.01s) onAir=off
[timecode] 19:27:46:10 capture=on(0.01s) onAir=off
[timecode] 19:27:47:10 capture=on(0.01s) onAir=off
[timecode] 19:27:48:10 capture=on(0.01s) onAir=off
[timecode] 19:27:49:10 capture=on(0.01s) onAir=off
[timecode] 19:27:50:10 capture=on(0.01s) onAir=off
[timecode] 19:27:51:11 capture=on(0.02s) onAir=off
[timecode] 19:27:52:11 capture=on(0.04s) onAir=off
[timecode] 19:27:53:11 capture=on(0.04s) onAir=off
[timecode] 19:27:54:11 capture=on(0.01s) onAir=off
[timecode] 19:27:55:11 capture=on(0.01s) onAir=off
[timecode] 19:27:56:11 capture=on(0.01s) onAir=off
[timecode] 19:27:57:11 capture=on(0.01s) onAir=off
[timecode] 19:27:58:11 capture=on(0.01s) onAir=off
[timecode] 19:27:59:11 capture=on(0.01s) onAir=off
[timecode] 19:28:00:11 capture=on(0.01s) onAir=off
[timecode] 19:28:01:12 capture=on(0.03s) onAir=off
[timecode] 19:28:02:12 capture=on(0.00s) onAir=off
[timecode] 19:28:03:12 capture=on(0.01s) onAir=off
[timecode] 19:28:04:12 capture=on(0.01s) onAir=off
[timecode] 19:28:05:12 capture=on(0.02s) onAir=off
[timecode] 19:28:06:13 capture=on(0.02s) onAir=off
[timecode] 19:28:07:13 capture=on(0.03s) onAir=off
[timecode] 19:28:08:13 capture=on(0.04s) onAir=off
[timecode] 19:28:09:13 capture=on(0.01s) onAir=off
[timecode] 19:28:10:13 capture=on(0.01s) onAir=off
[timecode] 19:28:11:13 capture=on(0.01s) onAir=off
[timecode] 19:28:12:13 capture=on(0.01s) onAir=off
[timecode] 19:28:13:13 capture=on(0.01s) onAir=off
[timecode] 19:28:14:13 capture=on(0.01s) onAir=off
[timecode] 19:28:15:13 capture=on(0.01s) onAir=off
[timecode] 19:28:16:13 capture=on(0.01s) onAir=off
[timecode] 19:28:17:13 capture=on(0.01s) onAir=off
[timecode] 19:28:18:13 capture=on(0.01s) onAir=off
[timecode] 19:28:19:13 capture=on(0.01s) onAir=off
[timecode] 19:28:20:13 capture=on(0.01s) onAir=off
[timecode] 19:28:21:13 capture=on(0.01s) onAir=off
[timecode] 19:28:22:13 capture=on(0.01s) onAir=off
[timecode] 19:28:23:14 capture=on(0.02s) onAir=off
[timecode] 19:28:24:14 capture=on(0.03s) onAir=off
[timecode] 19:28:25:14 capture=on(0.01s) onAir=off
[timecode] 19:28:26:14 capture=on(0.01s) onAir=off
[timecode] 19:28:27:14 capture=on(0.01s) onAir=off
[timecode] 19:28:28:14 capture=on(0.01s) onAir=off
[timecode] 19:28:29:14 capture=on(0.01s) onAir=off
[timecode] 19:28:30:14 capture=on(0.01s) onAir=off
[timecode] 19:28:31:14 capture=on(0.01s) onAir=off
[timecode] 19:28:32:14 capture=on(0.01s) onAir=off
[timecode] 19:28:33:14 capture=on(0.01s) onAir=off
[timecode] 19:28:34:14 capture=on(0.01s) onAir=off
[timecode] 19:28:35:14 capture=on(0.01s) onAir=off
[timecode] 19:28:36:14 capture=on(0.01s) onAir=off
[timecode] 19:28:37:14 capture=on(0.01s) onAir=off
[timecode] 19:28:38:14 capture=on(0.01s) onAir=off
[timecode] 19:28:39:14 capture=on(0.01s) onAir=off
[timecode] 19:28:40:14 capture=on(0.01s) onAir=off
[timecode] 19:28:41:14 capture=on(0.01s) onAir=off
[timecode] 19:28:42:14 capture=on(0.01s) onAir=off
[timecode] 19:28:43:14 capture=on(0.01s) onAir=off
[timecode] 19:28:44:14 capture=on(0.02s) onAir=off
[timecode] 19:28:45:14 capture=on(0.02s) onAir=off
[timecode] 19:28:46:15 capture=on(0.03s) onAir=off
[timecode] 19:28:47:15 capture=on(0.00s) onAir=off
[timecode] 19:28:48:15 capture=on(0.01s) onAir=off
[timecode] 19:28:49:15 capture=on(0.01s) onAir=off
[timecode] 19:28:50:15 capture=on(0.01s) onAir=off
[timecode] 19:28:51:15 capture=on(0.01s) onAir=off
[timecode] 19:28:52:15 capture=on(0.01s) onAir=off
[timecode] 19:28:53:15 capture=on(0.01s) onAir=off
[timecode] 19:28:54:15 capture=on(0.01s) onAir=off
[timecode] 19:28:55:15 capture=on(0.01s) onAir=off
[timecode] 19:28:56:15 capture=on(0.01s) onAir=off
[timecode] 19:28:57:15 capture=on(0.01s) onAir=off
[timecode] 19:28:58:15 capture=on(0.01s) onAir=off
[timecode] 19:28:59:15 capture=on(0.01s) onAir=off
[timecode] 19:29:00:15 capture=on(0.01s) onAir=off
[timecode] 19:29:01:15 capture=on(0.01s) onAir=off
[timecode] 19:29:02:15 capture=on(0.01s) onAir=off
[timecode] 19:29:03:15 capture=on(0.01s) onAir=off
[timecode] 19:29:04:15 capture=on(0.01s) onAir=off
[timecode] 19:29:05:15 capture=on(0.01s) onAir=off
[timecode] 19:29:06:15 capture=on(0.01s) onAir=off
[timecode] 19:29:07:15 capture=on(0.01s) onAir=off
[timecode] 19:29:08:15 capture=on(0.01s) onAir=off
[timecode] 19:29:09:15 capture=on(0.01s) onAir=off
[timecode] 19:29:10:15 capture=on(0.01s) onAir=off
[timecode] 19:29:11:15 capture=on(0.01s) onAir=off
[timecode] 19:29:12:15 capture=on(0.01s) onAir=off
[timecode] 19:29:13:16 capture=on(0.02s) onAir=off
[timecode] 19:29:14:16 capture=on(0.03s) onAir=off
[timecode] 19:29:15:16 capture=on(0.03s) onAir=off
[timecode] 19:29:16:16 capture=on(0.04s) onAir=off
[timecode] 19:29:17:16 capture=on(0.00s) onAir=off
[timecode] 19:29:18:16 capture=on(0.01s) onAir=off
[timecode] 19:29:19:16 capture=on(0.01s) onAir=off
[timecode] 19:29:20:16 capture=on(0.01s) onAir=off
[timecode] 19:29:21:16 capture=on(0.01s) onAir=off
[timecode] 19:29:22:16 capture=on(0.01s) onAir=off
[timecode] 19:29:23:16 capture=on(0.01s) onAir=off
[timecode] 19:29:24:16 capture=on(0.01s) onAir=off
[timecode] 19:29:25:16 capture=on(0.01s) onAir=off
[timecode] 19:29:26:16 capture=on(0.01s) onAir=off
[timecode] 19:29:27:17 capture=on(0.03s) onAir=off
[timecode] 19:29:28:17 capture=on(0.00s) onAir=off
[timecode] 19:29:29:17 capture=on(0.01s) onAir=off
[timecode] 19:29:30:17 capture=on(0.01s) onAir=off
[timecode] 19:29:31:17 capture=on(0.01s) onAir=off
[timecode] 19:29:32:17 capture=on(0.01s) onAir=off
[timecode] 19:29:33:17 capture=on(0.01s) onAir=off
[timecode] 19:29:34:17 capture=on(0.01s) onAir=off
[timecode] 19:29:35:17 capture=on(0.01s) onAir=off
[timecode] 19:29:36:17 capture=on(0.01s) onAir=off
[timecode] 19:29:37:17 capture=on(0.01s) onAir=off
[timecode] 19:29:38:17 capture=on(0.01s) onAir=off
[timecode] 19:29:39:18 capture=on(0.03s) onAir=off
[timecode] 19:29:40:18 capture=on(0.00s) onAir=off
[timecode] 19:29:41:18 capture=on(0.01s) onAir=off
[timecode] 19:29:42:18 capture=on(0.01s) onAir=off
[timecode] 19:29:43:18 capture=on(0.01s) onAir=off
[timecode] 19:29:44:18 capture=on(0.01s) onAir=off
[timecode] 19:29:45:18 capture=on(0.01s) onAir=off
[timecode] 19:29:46:18 capture=on(0.01s) onAir=off
[timecode] 19:29:47:18 capture=on(0.01s) onAir=off
[timecode] 19:29:48:18 capture=on(0.01s) onAir=off
[timecode] 19:29:49:18 capture=on(0.01s) onAir=off
[timecode] 19:29:50:18 capture=on(0.01s) onAir=off
[timecode] 19:29:51:18 capture=on(0.01s) onAir=off
[timecode] 19:29:52:18 capture=on(0.01s) onAir=off
[timecode] 19:29:53:18 capture=on(0.01s) onAir=off
[timecode] 19:29:54:18 capture=on(0.01s) onAir=off
[timecode] 19:29:55:18 capture=on(0.01s) onAir=off
[timecode] 19:29:56:18 capture=on(0.01s) onAir=off
[timecode] 19:29:57:18 capture=on(0.01s) onAir=off
[timecode] 19:29:58:18 capture=on(0.01s) onAir=off
[timecode] 19:29:59:18 capture=on(0.01s) onAir=off
[timecode] 19:30:00:18 capture=on(0.01s) onAir=off
[timecode] 19:30:01:18 capture=on(0.01s) onAir=off
[timecode] 19:30:02:18 capture=on(0.01s) onAir=off
[timecode] 19:30:03:18 capture=on(0.01s) onAir=off
[timecode] 19:30:04:18 capture=on(0.01s) onAir=off
[timecode] 19:30:05:18 capture=on(0.01s) onAir=off
[timecode] 19:30:06:18 capture=on(0.01s) onAir=off
[timecode] 19:30:07:18 capture=on(0.01s) onAir=off
[timecode] 19:30:08:18 capture=on(0.01s) onAir=off
[timecode] 19:30:09:18 capture=on(0.01s) onAir=off
[timecode] 19:30:10:18 capture=on(0.01s) onAir=off
[timecode] 19:30:11:18 capture=on(0.01s) onAir=off
[timecode] 19:30:12:18 capture=on(0.01s) onAir=off
[timecode] 19:30:13:18 capture=on(0.01s) onAir=off
[timecode] 19:30:14:18 capture=on(0.01s) onAir=off
[timecode] 19:30:15:18 capture=on(0.01s) onAir=off
[timecode] 19:30:16:18 capture=on(0.01s) onAir=off
[timecode] 19:30:17:18 capture=on(0.01s) onAir=off
[timecode] 19:30:18:18 capture=on(0.01s) onAir=off
[timecode] 19:30:19:18 capture=on(0.01s) onAir=off
[timecode] 19:30:20:18 capture=on(0.01s) onAir=off
[timecode] 19:30:21:18 capture=on(0.01s) onAir=off
[timecode] 19:30:22:18 capture=on(0.01s) onAir=off
[timecode] 19:30:23:18 capture=on(0.01s) onAir=off
[timecode] 19:30:24:19 capture=on(0.02s) onAir=off
[timecode] 19:30:25:19 capture=on(0.02s) onAir=off
[timecode] 19:30:26:19 capture=on(0.02s) onAir=off
[timecode] 19:30:27:19 capture=on(0.02s) onAir=off
[timecode] 19:30:28:19 capture=on(0.04s) onAir=off
[timecode] 19:30:29:19 capture=on(0.01s) onAir=off
[timecode] 19:30:30:19 capture=on(0.01s) onAir=off
[timecode] 19:30:31:19 capture=on(0.01s) onAir=off
[timecode] 19:30:32:19 capture=on(0.01s) onAir=off
[timecode] 19:30:33:19 capture=on(0.01s) onAir=off
[timecode] 19:30:34:19 capture=on(0.01s) onAir=off
[timecode] 19:30:35:20 capture=on(0.02s) onAir=off
[timecode] 19:30:36:20 capture=on(0.02s) onAir=off
[timecode] 19:30:37:20 capture=on(0.03s) onAir=off
[timecode] 19:30:38:20 capture=on(0.04s) onAir=off
[timecode] 19:30:39:20 capture=on(0.01s) onAir=off
[timecode] 19:30:40:20 capture=on(0.01s) onAir=off
[timecode] 19:30:41:20 capture=on(0.01s) onAir=off
[timecode] 19:30:42:20 capture=on(0.01s) onAir=off
[timecode] 19:30:43:20 capture=on(0.01s) onAir=off
[timecode] 19:30:44:20 capture=on(0.01s) onAir=off
[timecode] 19:30:45:20 capture=on(0.01s) onAir=off
[timecode] 19:30:46:20 capture=on(0.01s) onAir=off
[timecode] 19:30:47:20 capture=on(0.01s) onAir=off
[timecode] 19:30:48:20 capture=on(0.01s) onAir=off
[timecode] 19:30:49:20 capture=on(0.01s) onAir=off
[timecode] 19:30:50:20 capture=on(0.01s) onAir=off
[timecode] 19:30:51:20 capture=on(0.01s) onAir=off
[timecode] 19:30:52:20 capture=on(0.01s) onAir=off
[timecode] 19:30:53:20 capture=on(0.01s) onAir=off
[timecode] 19:30:54:20 capture=on(0.01s) onAir=off
[timecode] 19:30:55:20 capture=on(0.01s) onAir=off
[timecode] 19:30:56:20 capture=on(0.01s) onAir=off
[timecode] 19:30:57:21 capture=on(0.01s) onAir=off
[timecode] 19:30:58:21 capture=on(0.02s) onAir=off
[timecode] 19:30:59:21 capture=on(0.02s) onAir=off
[timecode] 19:31:00:21 capture=on(0.04s) onAir=off
[timecode] 19:31:01:21 capture=on(0.00s) onAir=off
[timecode] 19:31:02:21 capture=on(0.01s) onAir=off
[timecode] 19:31:03:21 capture=on(0.01s) onAir=off
[timecode] 19:31:04:21 capture=on(0.01s) onAir=off
[timecode] 19:31:05:21 capture=on(0.01s) onAir=off
[timecode] 19:31:06:21 capture=on(0.01s) onAir=off
[timecode] 19:31:07:21 capture=on(0.01s) onAir=off
[timecode] 19:31:08:21 capture=on(0.01s) onAir=off
[timecode] 19:31:09:21 capture=on(0.01s) onAir=off
[timecode] 19:31:10:21 capture=on(0.01s) onAir=off
[timecode] 19:31:11:21 capture=on(0.01s) onAir=off
[timecode] 19:31:12:21 capture=on(0.01s) onAir=off
[timecode] 19:31:13:21 capture=on(0.01s) onAir=off
[timecode] 19:31:14:21 capture=on(0.01s) onAir=off
[timecode] 19:31:15:21 capture=on(0.01s) onAir=off
[timecode] 19:31:16:21 capture=on(0.01s) onAir=off
[timecode] 19:31:17:21 capture=on(0.01s) onAir=off
[timecode] 19:31:18:21 capture=on(0.01s) onAir=off
[timecode] 19:31:19:21 capture=on(0.01s) onAir=off
[timecode] 19:31:20:22 capture=on(0.01s) onAir=off
[timecode] 19:31:21:22 capture=on(0.02s) onAir=off
[timecode] 19:31:22:22 capture=on(0.04s) onAir=off
[timecode] 19:31:23:22 capture=on(0.01s) onAir=off
[timecode] 19:31:24:22 capture=on(0.01s) onAir=off
[timecode] 19:31:25:22 capture=on(0.01s) onAir=off
[timecode] 19:31:26:22 capture=on(0.01s) onAir=off
[timecode] 19:31:27:22 capture=on(0.01s) onAir=off
[timecode] 19:31:28:22 capture=on(0.01s) onAir=off
[timecode] 19:31:29:22 capture=on(0.01s) onAir=off
[timecode] 19:31:30:22 capture=on(0.01s) onAir=off
[timecode] 19:31:31:22 capture=on(0.01s) onAir=off
[timecode] 19:31:32:22 capture=on(0.01s) onAir=off
[timecode] 19:31:33:22 capture=on(0.01s) onAir=off
[timecode] 19:31:34:22 capture=on(0.01s) onAir=off
[timecode] 19:31:35:22 capture=on(0.01s) onAir=off
[timecode] 19:31:36:22 capture=on(0.01s) onAir=off
[timecode] 19:31:37:22 capture=on(0.01s) onAir=off
[timecode] 19:31:38:23 capture=on(0.01s) onAir=off
[timecode] 19:31:39:23 capture=on(0.01s) onAir=off
[timecode] 19:31:40:23 capture=on(0.01s) onAir=off
[timecode] 19:31:41:23 capture=on(0.01s) onAir=off
[timecode] 19:31:42:23 capture=on(0.01s) onAir=off
[timecode] 19:31:43:23 capture=on(0.01s) onAir=off
[timecode] 19:31:44:23 capture=on(0.01s) onAir=off
[timecode] 19:31:45:23 capture=on(0.01s) onAir=off
[timecode] 19:31:46:23 capture=on(0.01s) onAir=off
[timecode] 19:31:47:23 capture=on(0.01s) onAir=off
[timecode] 19:31:48:23 capture=on(0.01s) onAir=off
[timecode] 19:31:49:23 capture=on(0.01s) onAir=off
[timecode] 19:31:50:23 capture=on(0.01s) onAir=off
[timecode] 19:31:51:23 capture=on(0.01s) onAir=off
[timecode] 19:31:52:23 capture=on(0.01s) onAir=off
[timecode] 19:31:53:23 capture=on(0.01s) onAir=off
[timecode] 19:31:54:23 capture=on(0.01s) onAir=off
[timecode] 19:31:55:23 capture=on(0.01s) onAir=off
[timecode] 19:31:56:23 capture=on(0.01s) onAir=off
[timecode] 19:31:57:23 capture=on(0.01s) onAir=off
[timecode] 19:31:58:23 capture=on(0.03s) onAir=off
[timecode] 19:31:59:23 capture=on(0.04s) onAir=off
[timecode] 19:32:00:24 capture=on(0.01s) onAir=off
[timecode] 19:32:01:24 capture=on(0.01s) onAir=off
[timecode] 19:32:02:24 capture=on(0.01s) onAir=off
[timecode] 19:32:03:24 capture=on(0.01s) onAir=off
[timecode] 19:32:04:24 capture=on(0.01s) onAir=off
[timecode] 19:32:05:24 capture=on(0.01s) onAir=off
[timecode] 19:32:06:24 capture=on(0.01s) onAir=off
[timecode] 19:32:07:24 capture=on(0.01s) onAir=off
[timecode] 19:32:08:24 capture=on(0.01s) onAir=off
[timecode] 19:32:09:24 capture=on(0.03s) onAir=off
[timecode] 19:32:10:24 capture=on(0.00s) onAir=off
[timecode] 19:32:12:00 capture=on(0.01s) onAir=off
[timecode] 19:32:13:00 capture=on(0.01s) onAir=off
[timecode] 19:32:14:00 capture=on(0.01s) onAir=off
[timecode] 19:32:15:00 capture=on(0.01s) onAir=off
[timecode] 19:32:16:00 capture=on(0.01s) onAir=off
[timecode] 19:32:17:00 capture=on(0.01s) onAir=off
[timecode] 19:32:18:00 capture=on(0.01s) onAir=off
[timecode] 19:32:19:00 capture=on(0.01s) onAir=off
[timecode] 19:32:20:00 capture=on(0.01s) onAir=off
[timecode] 19:32:21:00 capture=on(0.01s) onAir=off
[timecode] 19:32:22:00 capture=on(0.01s) onAir=off
[timecode] 19:32:23:00 capture=on(0.01s) onAir=off
[timecode] 19:32:24:00 capture=on(0.01s) onAir=off
[timecode] 19:32:25:00 capture=on(0.01s) onAir=off
[timecode] 19:32:26:00 capture=on(0.01s) onAir=off
[timecode] 19:32:27:00 capture=on(0.01s) onAir=off
[timecode] 19:32:28:00 capture=on(0.01s) onAir=off
[timecode] 19:32:29:00 capture=on(0.01s) onAir=off
[timecode] 19:32:30:00 capture=on(0.01s) onAir=off
[timecode] 19:32:31:00 capture=on(0.01s) onAir=off
[timecode] 19:32:32:00 capture=on(0.01s) onAir=off
[timecode] 19:32:33:00 capture=on(0.01s) onAir=off
[timecode] 19:32:34:00 capture=on(0.01s) onAir=off
[timecode] 19:32:35:00 capture=on(0.01s) onAir=off
[timecode] 19:32:36:00 capture=on(0.01s) onAir=off
[timecode] 19:32:37:00 capture=on(0.01s) onAir=off
[timecode] 19:32:38:00 capture=on(0.01s) onAir=off
[timecode] 19:32:39:00 capture=on(0.02s) onAir=off
[timecode] 19:32:40:00 capture=on(0.03s) onAir=off
[timecode] 19:32:41:01 capture=on(0.00s) onAir=off
[timecode] 19:32:42:01 capture=on(0.01s) onAir=off
[timecode] 19:32:43:01 capture=on(0.01s) onAir=off
[timecode] 19:32:44:01 capture=on(0.01s) onAir=off
[timecode] 19:32:45:01 capture=on(0.01s) onAir=off
[timecode] 19:32:46:01 capture=on(0.01s) onAir=off
[timecode] 19:32:47:01 capture=on(0.01s) onAir=off
[timecode] 19:32:48:01 capture=on(0.01s) onAir=off
[timecode] 19:32:49:01 capture=on(0.01s) onAir=off
[timecode] 19:32:50:01 capture=on(0.01s) onAir=off
[timecode] 19:32:51:01 capture=on(0.01s) onAir=off
[timecode] 19:32:52:01 capture=on(0.01s) onAir=off
[timecode] 19:32:53:01 capture=on(0.02s) onAir=off
[timecode] 19:32:54:01 capture=on(0.03s) onAir=off
[timecode] 19:32:55:02 capture=on(0.00s) onAir=off
[timecode] 19:32:56:02 capture=on(0.01s) onAir=off
[timecode] 19:32:57:02 capture=on(0.01s) onAir=off
[timecode] 19:32:58:02 capture=on(0.01s) onAir=off
[timecode] 19:32:59:02 capture=on(0.01s) onAir=off
[timecode] 19:33:00:02 capture=on(0.01s) onAir=off
[timecode] 19:33:01:02 capture=on(0.01s) onAir=off
[timecode] 19:33:02:02 capture=on(0.01s) onAir=off
[timecode] 19:33:03:02 capture=on(0.01s) onAir=off
[timecode] 19:33:04:02 capture=on(0.01s) onAir=off
[timecode] 19:33:05:02 capture=on(0.01s) onAir=off
[timecode] 19:33:06:02 capture=on(0.01s) onAir=off
[timecode] 19:33:07:02 capture=on(0.01s) onAir=off
[timecode] 19:33:08:02 capture=on(0.01s) onAir=off
[timecode] 19:33:09:02 capture=on(0.01s) onAir=off
[timecode] 19:33:10:02 capture=on(0.01s) onAir=off
[timecode] 19:33:11:02 capture=on(0.02s) onAir=off
[timecode] 19:33:12:02 capture=on(0.03s) onAir=off
[timecode] 19:33:13:02 capture=on(0.03s) onAir=off
[timecode] 19:33:14:03 capture=on(0.01s) onAir=off
[timecode] 19:33:15:03 capture=on(0.01s) onAir=off
[timecode] 19:33:16:03 capture=on(0.01s) onAir=off
[timecode] 19:33:17:03 capture=on(0.01s) onAir=off
[timecode] 19:33:18:03 capture=on(0.02s) onAir=off
[timecode] 19:33:19:03 capture=on(0.03s) onAir=off
[timecode] 19:33:20:03 capture=on(0.04s) onAir=off
[timecode] 19:33:21:03 capture=on(0.04s) onAir=off
[timecode] 19:33:22:04 capture=on(0.01s) onAir=off
[timecode] 19:33:23:04 capture=on(0.01s) onAir=off
[timecode] 19:33:24:04 capture=on(0.01s) onAir=off
[timecode] 19:33:25:04 capture=on(0.01s) onAir=off
[timecode] 19:33:26:04 capture=on(0.02s) onAir=off
[timecode] 19:33:27:04 capture=on(0.04s) onAir=off
[timecode] 19:33:28:05 capture=on(0.01s) onAir=off
[timecode] 19:33:29:05 capture=on(0.01s) onAir=off
[timecode] 19:33:30:05 capture=on(0.01s) onAir=off
[timecode] 19:33:31:05 capture=on(0.01s) onAir=off
[timecode] 19:33:32:05 capture=on(0.01s) onAir=off
[timecode] 19:33:33:05 capture=on(0.01s) onAir=off
[timecode] 19:33:34:05 capture=on(0.01s) onAir=off
[timecode] 19:33:35:05 capture=on(0.01s) onAir=off
[timecode] 19:33:36:05 capture=on(0.01s) onAir=off
[timecode] 19:33:37:05 capture=on(0.01s) onAir=off
[timecode] 19:33:38:05 capture=on(0.01s) onAir=off
[timecode] 19:33:39:05 capture=on(0.01s) onAir=off
[timecode] 19:33:40:05 capture=on(0.02s) onAir=off
[timecode] 19:33:41:05 capture=on(0.03s) onAir=off
[timecode] 19:33:42:06 capture=on(0.01s) onAir=off
[timecode] 19:33:43:06 capture=on(0.01s) onAir=off
[timecode] 19:33:44:06 capture=on(0.01s) onAir=off
[timecode] 19:33:45:06 capture=on(0.01s) onAir=off
[timecode] 19:33:46:06 capture=on(0.01s) onAir=off
[timecode] 19:33:47:06 capture=on(0.01s) onAir=off
[timecode] 19:33:48:06 capture=on(0.01s) onAir=off
[timecode] 19:33:49:06 capture=on(0.01s) onAir=off
[timecode] 19:33:50:06 capture=on(0.01s) onAir=off
[timecode] 19:33:51:06 capture=on(0.02s) onAir=off
[timecode] 19:33:52:06 capture=on(0.03s) onAir=off
[timecode] 19:33:53:07 capture=on(0.01s) onAir=off
[timecode] 19:33:54:07 capture=on(0.01s) onAir=off
[timecode] 19:33:55:07 capture=on(0.01s) onAir=off
